header,ccr,step,is_closed_loop,zc_event,bemf_curr,t_start,t_curr,t_zc,delay_limited,delay_trigger,seq,tail,dt_us,bemf_prev,zc_eval,zc_diff_us,risk_streak
170,220,2,1,0,5,7731,8389,0,585,0,248,187,50,1,N/A,0,0
170,220,2,1,0,10,7731,8439,0,585,0,249,187,50,5,N/A,0,0
170,220,2,1,0,14,7731,8489,0,585,0,250,187,50,10,N/A,0,0
170,220,2,1,0,18,7731,8539,0,585,0,251,187,50,14,N/A,0,0
170,220,2,1,0,23,7731,8589,0,585,0,252,187,50,18,N/A,0,0
170,220,2,1,0,27,7731,8639,0,585,0,253,187,50,23,N/A,0,0
170,220,2,1,0,32,7731,8689,0,585,0,254,187,50,27,N/A,0,0
170,220,2,1,0,38,7731,8739,0,585,0,255,187,50,32,N/A,0,0
170,220,2,1,0,42,7731,8789,0,585,0,0,187,50,38,N/A,0,0
170,220,2,1,0,45,7731,8839,0,585,0,1,187,50,42,N/A,0,0
170,220,2,1,0,53,7731,8889,0,585,0,2,187,50,45,N/A,0,0
170,220,3,1,0,51,8914,8989,0,585,0,3,187,100,53,N/A,0,0
170,220,3,1,0,46,8914,9039,0,585,0,4,187,50,51,N/A,0,0
170,220,3,1,0,41,8914,9089,0,585,0,5,187,50,46,N/A,0,0
170,220,3,1,0,37,8914,9139,0,585,0,6,187,50,41,N/A,0,0
170,220,3,1,0,32,8914,9189,0,585,0,7,187,50,37,N/A,0,0
170,220,3,1,0,26,8914,9239,0,585,0,8,187,50,32,N/A,0,0
170,220,3,1,0,22,8914,9289,0,585,0,9,187,50,26,N/A,0,0
170,220,3,1,0,17,8914,9339,0,585,0,10,187,50,22,N/A,0,0
170,220,3,1,0,12,8914,9389,0,585,0,11,187,50,17,N/A,0,0
170,220,3,1,0,7,8914,9439,0,585,0,12,187,50,12,N/A,0,0
170,220,3,1,0,2,8914,9489,0,585,0,13,187,50,7,N/A,0,0
170,220,3,1,1,-2,8914,9539,9514,592,548,14,187,50,2,VALID,30,0
170,220,3,1,0,-5,8914,9589,0,592,0,15,187,50,-2,N/A,0,0
170,220,3,1,0,-5,8914,9639,0,592,0,16,187,50,-5,N/A,0,0
170,220,3,1,0,-5,8914,9689,0,592,0,17,187,50,-5,N/A,0,0
170,220,3,1,0,-4,8914,9739,0,592,0,18,187,50,-5,N/A,0,0
170,220,3,1,0,-4,8914,9789,0,592,0,19,187,50,-4,N/A,0,0
170,220,3,1,0,-4,8914,9839,0,592,0,20,187,50,-4,N/A,0,0
170,220,3,1,0,-4,8914,9889,0,592,0,21,187,50,-4,N/A,0,0
170,220,3,1,0,-3,8914,9939,0,592,0,22,187,50,-4,N/A,0,0
170,220,3,1,0,-3,8914,9989,0,592,0,23,187,50,-3,N/A,0,0
170,220,3,1,0,-3,8914,10039,0,592,0,24,187,50,-3,N/A,0,0
170,220,3,1,0,-3,8914,10089,0,592,0,25,187,50,-3,N/A,0,0
170,220,4,1,0,-5,10106,10189,0,592,0,26,187,100,-3,N/A,0,0
170,220,4,1,0,-5,10106,10239,0,592,0,27,187,50,-5,N/A,0,0
170,220,4,1,0,-5,10106,10289,0,592,0,28,187,50,-5,N/A,0,0
170,220,4,1,0,-5,10106,10339,0,592,0,29,187,50,-5,N/A,0,0
170,220,4,1,0,-6,10106,10389,0,592,0,30,187,50,-5,N/A,0,0
170,220,4,1,0,-6,10106,10439,0,592,0,31,187,50,-6,N/A,0,0
170,220,4,1,0,-6,10106,10489,0,592,0,32,187,50,-6,N/A,0,0
170,220,4,1,0,-6,10106,10539,0,592,0,33,187,50,-6,N/A,0,0
170,220,4,1,0,-5,10106,10589,0,592,0,34,187,50,-6,N/A,0,0
170,220,4,1,0,-1,10106,10639,0,592,0,35,187,50,-5,N/A,0,0
170,220,4,1,1,4,10106,10689,10649,567,508,36,187,50,-1,VALID,3,0
170,220,4,1,0,8,10106,10739,0,567,0,37,187,50,4,N/A,0,0
170,220,4,1,0,12,10106,10789,0,567,0,38,187,50,8,N/A,0,0
170,220,4,1,0,14,10106,10839,0,567,0,39,187,50,12,N/A,0,0
170,220,4,1,0,21,10106,10889,0,567,0,40,187,50,14,N/A,0,0
170,220,4,1,0,26,10106,10939,0,567,0,41,187,50,21,N/A,0,0
170,220,4,1,0,30,10106,10989,0,567,0,42,187,50,26,N/A,0,0
170,220,4,1,0,35,10106,11039,0,567,0,43,187,50,30,N/A,0,0
170,220,4,1,0,40,10106,11089,0,567,0,44,187,50,35,N/A,0,0
170,220,4,1,0,45,10106,11139,0,567,0,45,187,50,40,N/A,0,0
170,220,4,1,0,50,10106,11189,0,567,0,46,187,50,45,N/A,0,0
170,220,5,1,0,46,11216,11289,0,567,0,47,187,100,50,N/A,0,0
170,220,5,1,0,41,11216,11339,0,567,0,48,187,50,46,N/A,0,0
170,220,5,1,0,37,11216,11389,0,567,0,49,187,50,41,N/A,0,0
170,220,5,1,0,32,11216,11439,0,567,0,50,187,50,37,N/A,0,0
170,220,5,1,0,27,11216,11489,0,567,0,51,187,50,32,N/A,0,0
170,220,5,1,0,23,11216,11539,0,567,0,52,187,50,27,N/A,0,0
170,220,5,1,0,18,11216,11589,0,567,0,53,187,50,23,N/A,0,0
170,220,5,1,0,13,11216,11639,0,567,0,54,187,50,18,N/A,0,0
170,220,5,1,0,9,11216,11689,0,567,0,55,187,50,13,N/A,0,0
170,220,5,1,0,4,11216,11739,0,567,0,56,187,50,9,N/A,0,0
170,220,5,1,1,-1,11216,11789,11779,565,536,57,187,50,4,VALID,17,0
170,220,5,1,0,-7,11216,11839,0,565,0,58,187,50,-1,N/A,0,0
170,220,5,1,0,-6,11216,11889,0,565,0,59,187,50,-7,N/A,0,0
170,220,5,1,0,-6,11216,11939,0,565,0,60,187,50,-6,N/A,0,0
170,220,5,1,0,-5,11216,11989,0,565,0,61,187,50,-6,N/A,0,0
170,220,5,1,0,-5,11216,12039,0,565,0,62,187,50,-5,N/A,0,0
170,220,5,1,0,-5,11216,12089,0,565,0,63,187,50,-5,N/A,0,0
170,220,5,1,0,-4,11216,12139,0,565,0,64,187,50,-5,N/A,0,0
170,220,5,1,0,-4,11216,12189,0,565,0,65,187,50,-4,N/A,0,0
170,220,5,1,0,-4,11216,12239,0,565,0,66,187,50,-4,N/A,0,0
170,220,5,1,0,-3,11216,12289,0,565,0,67,187,50,-4,N/A,0,0
170,220,6,1,0,4,12344,12339,0,565,9998,68,187,50,-3,N/A,0,0
170,220,6,1,0,-3,12344,12439,0,565,0,69,187,100,4,N/A,0,0
170,220,6,1,0,-3,12344,12489,0,565,0,70,187,50,-3,N/A,0,0
170,220,6,1,0,-3,12344,12539,0,565,0,71,187,50,-3,N/A,0,0
170,220,6,1,0,-4,12344,12589,0,565,0,72,187,50,-3,N/A,0,0
170,220,6,1,0,-4,12344,12639,0,565,0,73,187,50,-4,N/A,0,0
170,220,6,1,0,-5,12344,12689,0,565,0,74,187,50,-4,N/A,0,0
170,220,6,1,0,-5,12344,12739,0,565,0,75,187,50,-5,N/A,0,0
170,220,6,1,0,-5,12344,12789,0,565,0,76,187,50,-5,N/A,0,0
170,220,6,1,0,-3,12344,12839,0,565,0,77,187,50,-5,N/A,0,0
170,220,6,1,0,-2,12344,12889,0,565,0,78,187,50,-3,N/A,0,0
170,220,6,1,1,2,12344,12939,12914,567,523,79,187,50,-2,VALID,1,0
170,220,6,1,0,7,12344,12989,0,567,0,80,187,50,2,N/A,0,0
170,220,6,1,0,10,12344,13039,0,567,0,81,187,50,7,N/A,0,0
170,220,6,1,0,15,12344,13089,0,567,0,82,187,50,10,N/A,0,0
170,220,6,1,0,19,12344,13139,0,567,0,83,187,50,15,N/A,0,0
170,220,6,1,0,25,12344,13189,0,567,0,84,187,50,19,N/A,0,0
170,220,6,1,0,29,12344,13239,0,567,0,85,187,50,25,N/A,0,0
170,220,6,1,0,34,12344,13289,0,567,0,86,187,50,29,N/A,0,0
170,220,6,1,0,39,12344,13339,0,567,0,87,187,50,34,N/A,0,0
170,220,6,1,0,44,12344,13389,0,567,0,88,187,50,39,N/A,0,0
170,220,6,1,0,47,12344,13439,0,567,0,89,187,50,44,N/A,0,0
170,220,1,1,0,52,13481,13539,0,567,0,90,187,100,47,N/A,0,0
170,220,1,1,0,47,13481,13589,0,567,0,91,187,50,52,N/A,0,0
170,220,1,1,0,43,13481,13639,0,567,0,92,187,50,47,N/A,0,0
170,220,1,1,0,37,13481,13689,0,567,0,93,187,50,43,N/A,0,0
170,220,1,1,0,31,13481,13739,0,567,0,94,187,50,37,N/A,0,0
170,220,1,1,0,27,13481,13789,0,567,0,95,187,50,31,N/A,0,0
170,220,1,1,0,20,13481,13839,0,567,0,96,187,50,27,N/A,0,0
170,220,1,1,0,18,13481,13889,0,567,0,97,187,50,20,N/A,0,0
170,220,1,1,0,12,13481,13939,0,567,0,98,187,50,18,N/A,0,0
170,220,1,1,0,8,13481,13989,0,567,0,99,187,50,12,N/A,0,0
170,220,1,1,0,3,13481,14039,0,567,0,100,187,50,8,N/A,0,0
170,220,1,1,1,-1,13481,14089,14077,581,550,101,187,50,3,VALID,22,0
170,220,1,1,0,-5,13481,14139,0,581,0,102,187,50,-1,N/A,0,0
170,220,1,1,0,-7,13481,14189,0,581,0,103,187,50,-5,N/A,0,0
170,220,1,1,0,-6,13481,14239,0,581,0,104,187,50,-7,N/A,0,0
170,220,1,1,0,-6,13481,14289,0,581,0,105,187,50,-6,N/A,0,0
170,220,1,1,0,-5,13481,14339,0,581,0,106,187,50,-6,N/A,0,0
170,220,1,1,0,-5,13481,14389,0,581,0,107,187,50,-5,N/A,0,0
170,220,1,1,0,-5,13481,14439,0,581,0,108,187,50,-5,N/A,0,0
170,220,1,1,0,-5,13481,14489,0,581,0,109,187,50,-5,N/A,0,0
170,220,1,1,0,-4,13481,14539,0,581,0,110,187,50,-5,N/A,0,0
170,220,1,1,0,-4,13481,14589,0,581,0,111,187,50,-4,N/A,0,0
170,220,1,1,0,-4,13481,14639,0,581,0,112,187,50,-4,N/A,0,0
170,220,2,1,0,-4,14658,14739,0,581,0,113,187,100,-4,N/A,0,0
170,220,2,1,0,-4,14658,14789,0,581,0,114,187,50,-4,N/A,0,0
170,220,2,1,0,-7,14658,14839,0,581,0,115,187,50,-4,N/A,0,0
170,220,2,1,0,-5,14658,14889,0,581,0,116,187,50,-7,N/A,0,0
170,220,2,1,0,-5,14658,14939,0,581,0,117,187,50,-5,N/A,0,0
170,220,2,1,0,-5,14658,14989,0,581,0,118,187,50,-5,N/A,0,0
170,220,2,1,0,-5,14658,15039,0,581,0,119,187,50,-5,N/A,0,0
170,220,2,1,0,-6,14658,15089,0,581,0,120,187,50,-5,N/A,0,0
170,220,2,1,0,-6,14658,15139,0,581,0,121,187,50,-6,N/A,0,0
170,220,2,1,0,-5,14658,15189,0,581,0,122,187,50,-6,N/A,0,0
170,220,2,1,0,0,14658,15239,0,581,0,123,187,50,-5,N/A,0,0
170,220,2,1,1,4,14658,15289,15239,581,512,124,187,50,4,VALID,17,0
170,220,2,1,0,9,14658,15339,0,581,0,125,187,50,4,N/A,0,0
170,220,2,1,0,12,14658,15389,0,581,0,126,187,50,9,N/A,0,0
170,220,2,1,0,17,14658,15439,0,581,0,127,187,50,12,N/A,0,0
170,220,2,1,0,22,14658,15489,0,581,0,128,187,50,17,N/A,0,0
170,220,2,1,0,28,14658,15539,0,581,0,129,187,50,22,N/A,0,0
170,220,2,1,0,32,14658,15589,0,581,0,130,187,50,28,N/A,0,0
170,220,2,1,0,37,14658,15639,0,581,0,131,187,50,32,N/A,0,0
170,220,2,1,0,42,14658,15689,0,581,0,132,187,50,37,N/A,0,0
170,220,2,1,0,47,14658,15739,0,581,0,133,187,50,42,N/A,0,0
170,220,2,1,0,53,14658,15789,0,581,0,134,187,50,47,N/A,0,0
170,220,3,1,0,50,15820,15889,0,581,0,135,187,100,53,N/A,0,0
170,220,3,1,0,46,15820,15939,0,581,0,136,187,50,50,N/A,0,0
170,220,3,1,0,40,15820,15989,0,581,0,137,187,50,46,N/A,0,0
170,220,3,1,0,35,15820,16039,0,581,0,138,187,50,40,N/A,0,0
170,220,3,1,0,30,15820,16089,0,581,0,139,187,50,35,N/A,0,0
170,220,3,1,0,25,15820,16139,0,581,0,140,187,50,30,N/A,0,0
170,220,3,1,0,20,15820,16189,0,581,0,141,187,50,25,N/A,0,0
170,220,3,1,0,15,15820,16239,0,581,0,142,187,50,20,N/A,0,0
170,220,3,1,0,11,15820,16289,0,581,0,143,187,50,15,N/A,0,0
170,220,3,1,0,6,15820,16339,0,581,0,144,187,50,11,N/A,0,0
170,220,3,1,0,2,15820,16389,0,581,0,145,187,50,6,N/A,0,0
170,220,3,1,1,-3,15820,16439,16409,585,536,146,187,50,2,VALID,11,0
170,220,3,1,0,-5,15820,16489,0,585,0,147,187,50,-3,N/A,0,0
170,220,3,1,0,-5,15820,16539,0,585,0,148,187,50,-5,N/A,0,0
170,220,3,1,0,-5,15820,16589,0,585,0,149,187,50,-5,N/A,0,0
170,220,3,1,0,-4,15820,16639,0,585,0,150,187,50,-5,N/A,0,0
170,220,3,1,0,-4,15820,16689,0,585,0,151,187,50,-4,N/A,0,0
170,220,3,1,0,-4,15820,16739,0,585,0,152,187,50,-4,N/A,0,0
170,220,3,1,0,-4,15820,16789,0,585,0,153,187,50,-4,N/A,0,0
170,220,3,1,0,-3,15820,16839,0,585,0,154,187,50,-4,N/A,0,0
170,220,3,1,0,-3,15820,16889,0,585,0,155,187,50,-3,N/A,0,0
170,220,3,1,0,-3,15820,16939,0,585,0,156,187,50,-3,N/A,0,0
170,220,4,1,0,-4,16994,17089,0,585,0,157,187,150,-3,N/A,0,0
170,220,4,1,0,-5,16994,17139,0,585,0,158,187,50,-4,N/A,0,0
170,220,4,1,0,-5,16994,17189,0,585,0,159,187,50,-5,N/A,0,0
170,220,4,1,0,-5,16994,17239,0,585,0,160,187,50,-5,N/A,0,0
170,220,4,1,0,-5,16994,17289,0,585,0,161,187,50,-5,N/A,0,0
170,220,4,1,0,-6,16994,17339,0,585,0,162,187,50,-5,N/A,0,0
170,220,4,1,0,-6,16994,17389,0,585,0,163,187,50,-6,N/A,0,0
170,220,4,1,0,-6,16994,17439,0,585,0,164,187,50,-6,N/A,0,0
170,220,4,1,0,-7,16994,17489,0,585,0,165,187,50,-6,N/A,0,0
170,220,4,1,0,-2,16994,17539,0,585,0,166,187,50,-7,N/A,0,0
170,220,4,1,1,2,16994,17589,17564,577,533,167,187,50,-2,VALID,27,0
170,220,4,1,0,7,16994,17639,0,577,0,168,187,50,2,N/A,0,0
170,220,4,1,0,12,16994,17689,0,577,0,169,187,50,7,N/A,0,0
170,220,4,1,0,16,16994,17739,0,577,0,170,187,50,12,N/A,0,0
170,220,4,1,0,21,16994,17789,0,577,0,171,187,50,16,N/A,0,0
170,220,4,1,0,24,16994,17839,0,577,0,172,187,50,21,N/A,0,0
170,220,4,1,0,30,16994,17889,0,577,0,173,187,50,24,N/A,0,0
170,220,4,1,0,35,16994,17939,0,577,0,174,187,50,30,N/A,0,0
170,220,4,1,0,40,16994,17989,0,577,0,175,187,50,35,N/A,0,0
170,220,4,1,0,45,16994,18039,0,577,0,176,187,50,40,N/A,0,0
170,220,4,1,0,49,16994,18089,0,577,0,177,187,50,45,N/A,0,0
170,220,5,1,0,44,18141,18239,0,577,0,178,187,150,49,N/A,0,0
170,220,5,1,0,39,18141,18289,0,577,0,179,187,50,44,N/A,0,0
170,220,5,1,0,33,18141,18339,0,577,0,180,187,50,39,N/A,0,0
170,220,5,1,0,28,18141,18389,0,577,0,181,187,50,33,N/A,0,0
170,220,5,1,0,24,18141,18439,0,577,0,182,187,50,28,N/A,0,0
170,220,5,1,0,19,18141,18489,0,577,0,183,187,50,24,N/A,0,0
170,220,5,1,0,14,18141,18539,0,577,0,184,187,50,19,N/A,0,0
170,220,5,1,0,9,18141,18589,0,577,0,185,187,50,14,N/A,0,0
170,220,5,1,0,5,18141,18639,0,577,0,186,187,50,9,N/A,0,0
170,220,5,1,0,1,18141,18689,0,577,0,187,187,50,5,N/A,0,0
170,220,5,1,1,-3,18141,18739,18702,569,513,188,187,50,1,VALID,2,0
170,220,5,1,0,-6,18141,18789,0,569,0,189,187,50,-3,N/A,0,0
170,220,5,1,0,-8,18141,18839,0,569,0,190,187,50,-6,N/A,0,0
170,220,5,1,0,-6,18141,18889,0,569,0,191,187,50,-8,N/A,0,0
170,220,5,1,0,-5,18141,18939,0,569,0,192,187,50,-6,N/A,0,0
170,220,5,1,0,-5,18141,18989,0,569,0,193,187,50,-5,N/A,0,0
170,220,5,1,0,-5,18141,19039,0,569,0,194,187,50,-5,N/A,0,0
170,220,5,1,0,-4,18141,19089,0,569,0,195,187,50,-5,N/A,0,0
170,220,5,1,0,-4,18141,19139,0,569,0,196,187,50,-4,N/A,0,0
170,220,5,1,0,-4,18141,19189,0,569,0,197,187,50,-4,N/A,0,0
170,220,5,1,0,-3,18141,19239,0,569,0,198,187,50,-4,N/A,0,0
170,220,6,1,0,-3,19271,19339,0,569,0,199,187,100,-3,N/A,0,0
170,220,6,1,0,-3,19271,19389,0,569,0,200,187,50,-3,N/A,0,0
170,220,6,1,0,-3,19271,19439,0,569,0,201,187,50,-3,N/A,0,0
170,220,6,1,0,-4,19271,19489,0,569,0,202,187,50,-3,N/A,0,0
170,220,6,1,0,-4,19271,19539,0,569,0,203,187,50,-4,N/A,0,0
170,220,6,1,0,-5,19271,19589,0,569,0,204,187,50,-4,N/A,0,0
170,220,6,1,0,-5,19271,19639,0,569,0,205,187,50,-5,N/A,0,0
170,220,6,1,0,-5,19271,19689,0,569,0,206,187,50,-5,N/A,0,0
170,220,6,1,0,-5,19271,19739,0,569,0,207,187,50,-5,N/A,0,0
170,220,6,1,0,-2,19271,19789,0,569,0,208,187,50,-5,N/A,0,0
170,220,6,1,1,7,19271,19839,19800,549,491,209,187,50,-2,VALID,41,0
170,220,6,1,0,7,19271,19889,0,549,0,210,187,50,7,N/A,0,0
170,220,6,1,0,11,19271,19939,0,549,0,211,187,50,7,N/A,0,0
170,220,6,1,0,16,19271,19989,0,549,0,212,187,50,11,N/A,0,0
170,220,6,1,0,21,19271,20039,0,549,0,213,187,50,16,N/A,0,0
170,220,6,1,0,25,19271,20089,0,549,0,214,187,50,21,N/A,0,0
170,220,6,1,0,30,19271,20139,0,549,0,215,187,50,25,N/A,0,0
170,220,6,1,0,36,19271,20189,0,549,0,216,187,50,30,N/A,0,0
170,220,6,1,0,41,19271,20239,0,549,0,217,187,50,36,N/A,0,0
170,220,6,1,0,45,19271,20289,0,549,0,218,187,50,41,N/A,0,0
170,220,6,1,0,49,20350,20339,0,549,0,219,187,50,45,N/A,0,0
170,220,1,1,0,50,20350,20439,0,549,0,220,187,100,49,N/A,0,0
170,220,1,1,0,46,20350,20489,0,549,0,221,187,50,50,N/A,0,0
170,220,1,1,0,40,20350,20539,0,549,0,222,187,50,46,N/A,0,0
170,220,1,1,0,35,20350,20589,0,549,0,223,187,50,40,N/A,0,0
170,220,1,1,0,31,20350,20639,0,549,0,224,187,50,35,N/A,0,0
170,220,1,1,0,26,20350,20689,0,549,0,225,187,50,31,N/A,0,0
170,220,1,1,0,21,20350,20739,0,549,0,226,187,50,26,N/A,0,0
170,220,1,1,0,17,20350,20789,0,549,0,227,187,50,21,N/A,0,0
170,220,1,1,0,10,20350,20839,0,549,0,228,187,50,17,N/A,0,0
170,220,1,1,0,7,20350,20889,0,549,0,229,187,50,10,N/A,0,0
170,220,1,1,0,3,20350,20939,0,549,0,230,187,50,7,N/A,0,0
170,220,1,1,1,-1,20350,20989,20977,588,557,231,187,50,3,VALID,31,0
170,220,1,1,0,-5,20350,21039,0,588,0,232,187,50,-1,N/A,0,0
170,220,1,1,0,-7,20350,21089,0,588,0,233,187,50,-5,N/A,0,0
170,220,1,1,0,-6,20350,21139,0,588,0,234,187,50,-7,N/A,0,0
170,220,1,1,0,-6,20350,21189,0,588,0,235,187,50,-6,N/A,0,0
170,220,1,1,0,-6,20350,21239,0,588,0,236,187,50,-6,N/A,0,0
170,220,1,1,0,-6,20350,21289,0,588,0,237,187,50,-6,N/A,0,0
170,220,1,1,0,-5,20350,21339,0,588,0,238,187,50,-6,N/A,0,0
170,220,1,1,0,-5,20350,21389,0,588,0,239,187,50,-5,N/A,0,0
170,220,1,1,0,-5,20350,21439,0,588,0,240,187,50,-5,N/A,0,0
170,220,1,1,0,-4,20350,21489,0,588,0,241,187,50,-5,N/A,0,0
170,220,1,1,0,-4,20350,21539,0,588,0,242,187,50,-4,N/A,0,0
170,220,2,1,0,-4,21565,21639,0,588,0,243,187,100,-4,N/A,0,0
170,220,2,1,0,-4,21565,21689,0,588,0,244,187,50,-4,N/A,0,0
170,220,2,1,0,-4,21565,21739,0,588,0,245,187,50,-4,N/A,0,0
170,220,2,1,0,-4,21565,21789,0,588,0,246,187,50,-4,N/A,0,0
170,220,2,1,0,-7,21565,21839,0,588,0,247,187,50,-4,N/A,0,0
170,220,2,1,0,-5,21565,21889,0,588,0,248,187,50,-7,N/A,0,0
170,220,2,1,0,-5,21565,21939,0,588,0,249,187,50,-5,N/A,0,0
170,220,2,1,0,-6,21565,21989,0,588,0,250,187,50,-5,N/A,0,0
170,220,2,1,0,-6,21565,22039,0,588,0,251,187,50,-6,N/A,0,0
170,220,2,1,0,-6,21565,22089,0,588,0,252,187,50,-6,N/A,0,0
170,220,2,1,0,-1,21565,22139,0,588,0,253,187,50,-6,N/A,0,0
170,220,2,1,1,4,21565,22189,22149,586,527,254,187,50,-1,VALID,3,0
170,220,2,1,0,8,21565,22239,0,586,0,255,187,50,4,N/A,0,0
170,220,2,1,0,12,21565,22289,0,586,0,0,187,50,8,N/A,0,0
170,220,2,1,0,17,21565,22339,0,586,0,1,187,50,12,N/A,0,0
170,220,2,1,0,22,21565,22389,0,586,0,2,187,50,17,N/A,0,0
170,220,2,1,0,27,21565,22439,0,586,0,3,187,50,22,N/A,0,0
170,220,2,1,0,31,21565,22489,0,586,0,4,187,50,27,N/A,0,0
170,220,2,1,0,36,21565,22539,0,586,0,5,187,50,31,N/A,0,0
170,220,2,1,0,41,21565,22589,0,586,0,6,187,50,36,N/A,0,0
170,220,2,1,0,46,21565,22639,0,586,0,7,187,50,41,N/A,0,0
170,220,2,1,0,50,21565,22689,0,586,0,8,187,50,46,N/A,0,0
170,220,3,1,0,50,22735,22789,0,586,0,9,187,100,50,N/A,0,0
170,220,3,1,0,51,22735,22839,0,586,0,10,187,50,50,N/A,0,0
170,220,3,1,0,42,22735,22889,0,586,0,11,187,50,51,N/A,0,0
170,220,3,1,0,36,22735,22939,0,586,0,12,187,50,42,N/A,0,0
170,220,3,1,0,31,22735,22989,0,586,0,13,187,50,36,N/A,0,0
170,220,3,1,0,26,22735,23039,0,586,0,14,187,50,31,N/A,0,0
170,220,3,1,0,22,22735,23089,0,586,0,15,187,50,26,N/A,0,0
170,220,3,1,0,16,22735,23139,0,586,0,16,187,50,22,N/A,0,0
170,220,3,1,0,11,22735,23189,0,586,0,17,187,50,16,N/A,0,0
170,220,3,1,0,7,22735,23239,0,586,0,18,187,50,11,N/A,0,0
170,220,3,1,0,2,22735,23289,0,586,0,19,187,50,7,N/A,0,0
170,220,3,1,1,-2,22735,23339,23314,582,538,20,187,50,2,VALID,10,0
170,220,3,1,0,-5,22735,23389,0,582,0,21,187,50,-2,N/A,0,0
170,220,3,1,0,-5,22735,23439,0,582,0,22,187,50,-5,N/A,0,0
170,220,3,1,0,-5,22735,23489,0,582,0,23,187,50,-5,N/A,0,0
170,220,3,1,0,-4,22735,23539,0,582,0,24,187,50,-5,N/A,0,0
170,220,3,1,0,-4,22735,23589,0,582,0,25,187,50,-4,N/A,0,0
170,220,3,1,0,-4,22735,23639,0,582,0,26,187,50,-4,N/A,0,0
170,220,3,1,0,-4,22735,23689,0,582,0,27,187,50,-4,N/A,0,0
170,220,3,1,0,-3,22735,23739,0,582,0,28,187,50,-4,N/A,0,0
170,220,3,1,0,-3,22735,23789,0,582,0,29,187,50,-3,N/A,0,0
170,220,3,1,0,-3,22735,23839,0,582,0,30,187,50,-3,N/A,0,0
170,220,4,1,0,1,23896,23889,0,582,0,31,187,50,-3,N/A,0,0
170,220,4,1,0,-4,23896,23989,0,582,0,32,187,100,1,N/A,0,0
170,220,4,1,0,-5,23896,24039,0,582,0,33,187,50,-4,N/A,0,0
170,220,4,1,0,-5,23896,24089,0,582,0,34,187,50,-5,N/A,0,0
170,220,4,1,0,-5,23896,24139,0,582,0,35,187,50,-5,N/A,0,0
170,220,4,1,0,-6,23896,24189,0,582,0,36,187,50,-5,N/A,0,0
170,220,4,1,0,-6,23896,24239,0,582,0,37,187,50,-6,N/A,0,0
170,220,4,1,0,-6,23896,24289,0,582,0,38,187,50,-6,N/A,0,0
170,220,4,1,0,-7,23896,24339,0,582,0,39,187,50,-6,N/A,0,0
170,220,4,1,0,-5,23896,24389,0,582,0,40,187,50,-7,N/A,0,0
170,220,4,1,0,-1,23896,24439,0,582,0,41,187,50,-5,N/A,0,0
170,220,4,1,1,4,23896,24489,24449,567,508,42,187,50,-1,VALID,17,0
170,220,4,1,0,7,23896,24539,0,567,0,43,187,50,4,N/A,0,0
170,220,4,1,0,13,23896,24589,0,567,0,44,187,50,7,N/A,0,0
170,220,4,1,0,17,23896,24639,0,567,0,45,187,50,13,N/A,0,0
170,220,4,1,0,21,23896,24689,0,567,0,46,187,50,17,N/A,0,0
170,220,4,1,0,26,23896,24739,0,567,0,47,187,50,21,N/A,0,0
170,220,4,1,0,30,23896,24789,0,567,0,48,187,50,26,N/A,0,0
170,220,4,1,0,33,23896,24839,0,567,0,49,187,50,30,N/A,0,0
170,220,4,1,0,40,23896,24889,0,567,0,50,187,50,33,N/A,0,0
170,220,4,1,0,45,23896,24939,0,567,0,51,187,50,40,N/A,0,0
170,220,4,1,0,50,23896,24989,0,567,0,52,187,50,45,N/A,0,0
170,220,5,1,0,48,25016,25089,0,567,0,53,187,100,50,N/A,0,0
170,220,5,1,0,44,25016,25139,0,567,0,54,187,50,48,N/A,0,0
170,220,5,1,0,39,25016,25189,0,567,0,55,187,50,44,N/A,0,0
170,220,5,1,0,35,25016,25239,0,567,0,56,187,50,39,N/A,0,0
170,220,5,1,0,30,25016,25289,0,567,0,57,187,50,35,N/A,0,0
170,220,5,1,0,25,25016,25339,0,567,0,58,187,50,30,N/A,0,0
170,220,5,1,0,21,25016,25389,0,567,0,59,187,50,25,N/A,0,0
170,220,5,1,0,16,25016,25439,0,567,0,60,187,50,21,N/A,0,0
170,220,5,1,0,11,25016,25489,0,567,0,61,187,50,16,N/A,0,0
170,220,5,1,0,6,25016,25539,0,567,0,62,187,50,11,N/A,0,0
170,220,5,1,0,2,25016,25589,0,567,0,63,187,50,6,N/A,0,0
170,220,5,1,1,-3,25016,25639,25609,580,531,64,187,50,2,VALID,32,0
170,220,5,1,0,-6,25016,25689,0,580,0,65,187,50,-3,N/A,0,0
170,220,5,1,0,-6,25016,25739,0,580,0,66,187,50,-6,N/A,0,0
170,220,5,1,0,-6,25016,25789,0,580,0,67,187,50,-6,N/A,0,0
170,220,5,1,0,-7,25016,25839,0,580,0,68,187,50,-6,N/A,0,0
170,220,5,1,0,-5,25016,25889,0,580,0,69,187,50,-7,N/A,0,0
170,220,5,1,0,-5,25016,25939,0,580,0,70,187,50,-5,N/A,0,0
170,220,5,1,0,-5,25016,25989,0,580,0,71,187,50,-5,N/A,0,0
170,220,5,1,0,-4,25016,26039,0,580,0,72,187,50,-5,N/A,0,0
170,220,5,1,0,-4,25016,26089,0,580,0,73,187,50,-4,N/A,0,0
170,220,5,1,0,-3,25016,26139,0,580,0,74,187,50,-4,N/A,0,0
170,220,6,1,0,-5,26189,26239,0,580,0,75,187,100,-3,N/A,0,0
170,220,6,1,0,-3,26189,26289,0,580,0,76,187,50,-5,N/A,0,0
170,220,6,1,0,-4,26189,26339,0,580,0,77,187,50,-3,N/A,0,0
170,220,6,1,0,-4,26189,26389,0,580,0,78,187,50,-4,N/A,0,0
170,220,6,1,0,-4,26189,26439,0,580,0,79,187,50,-4,N/A,0,0
170,220,6,1,0,-4,26189,26489,0,580,0,80,187,50,-4,N/A,0,0
170,220,6,1,0,-5,26189,26539,0,580,0,81,187,50,-4,N/A,0,0
170,220,6,1,0,-5,26189,26589,0,580,0,82,187,50,-5,N/A,0,0
170,220,6,1,0,-5,26189,26639,0,580,0,83,187,50,-5,N/A,0,0
170,220,6,1,0,-4,26189,26689,0,580,0,84,187,50,-5,N/A,0,0
170,220,6,1,1,1,26189,26739,26729,560,531,85,187,50,-4,VALID,11,0
170,220,6,1,0,6,26189,26789,0,560,0,86,187,50,1,N/A,0,0
170,220,6,1,0,14,26189,26839,0,560,0,87,187,50,6,N/A,0,0
170,220,6,1,0,15,26189,26889,0,560,0,88,187,50,14,N/A,0,0
170,220,6,1,0,19,26189,26939,0,560,0,89,187,50,15,N/A,0,0
170,220,6,1,0,24,26189,26989,0,560,0,90,187,50,19,N/A,0,0
170,220,6,1,0,29,26189,27039,0,560,0,91,187,50,24,N/A,0,0
170,220,6,1,0,33,26189,27089,0,560,0,92,187,50,29,N/A,0,0
170,220,6,1,0,38,26189,27139,0,560,0,93,187,50,33,N/A,0,0
170,220,6,1,0,42,26189,27189,0,560,0,94,187,50,38,N/A,0,0
170,220,6,1,0,47,26189,27239,0,560,0,95,187,50,42,N/A,0,0
170,220,1,1,0,46,27290,27389,0,560,0,96,187,150,47,N/A,0,0
170,220,1,1,0,41,27290,27439,0,560,0,97,187,50,46,N/A,0,0
170,220,1,1,0,36,27290,27489,0,560,0,98,187,50,41,N/A,0,0
170,220,1,1,0,31,27290,27539,0,560,0,99,187,50,36,N/A,0,0
170,220,1,1,0,26,27290,27589,0,560,0,100,187,50,31,N/A,0,0
170,220,1,1,0,21,27290,27639,0,560,0,101,187,50,26,N/A,0,0
170,220,1,1,0,17,27290,27689,0,560,0,102,187,50,21,N/A,0,0
170,220,1,1,0,11,27290,27739,0,560,0,103,187,50,17,N/A,0,0
170,220,1,1,0,7,27290,27789,0,560,0,104,187,50,11,N/A,0,0
170,220,1,1,0,1,27290,27839,0,560,0,105,187,50,7,N/A,0,0
170,220,1,1,1,-2,27290,27889,27856,563,511,106,187,50,1,RISK,61,1
170,220,1,1,0,-6,27290,27939,0,563,0,107,187,50,-2,N/A,0,0
170,220,1,1,0,-7,27290,27989,0,563,0,108,187,50,-6,N/A,0,0
170,220,1,1,0,-6,27290,28039,0,563,0,109,187,50,-7,N/A,0,0
170,220,1,1,0,-6,27290,28089,0,563,0,110,187,50,-6,N/A,0,0
170,220,1,1,0,-6,27290,28139,0,563,0,111,187,50,-6,N/A,0,0
170,220,1,1,0,-5,27290,28189,0,563,0,112,187,50,-6,N/A,0,0
170,220,1,1,0,-5,27290,28239,0,563,0,113,187,50,-5,N/A,0,0
170,220,1,1,0,-5,27290,28289,0,563,0,114,187,50,-5,N/A,0,0
170,220,1,1,0,-4,27290,28339,0,563,0,115,187,50,-5,N/A,0,0
170,220,1,1,0,-4,27290,28389,0,563,0,116,187,50,-4,N/A,0,0
170,220,2,1,0,-3,28419,28489,0,563,0,117,187,100,-4,N/A,0,0
170,220,2,1,0,-3,28419,28539,0,563,0,118,187,50,-3,N/A,0,0
170,220,2,1,0,-4,28419,28589,0,563,0,119,187,50,-3,N/A,0,0
170,220,2,1,0,-4,28419,28639,0,563,0,120,187,50,-4,N/A,0,0
170,220,2,1,0,-5,28419,28689,0,563,0,121,187,50,-4,N/A,0,0
170,220,2,1,0,-5,28419,28739,0,563,0,122,187,50,-5,N/A,0,0
170,220,2,1,0,-5,28419,28789,0,563,0,123,187,50,-5,N/A,0,0
170,220,2,1,0,-8,28419,28839,0,563,0,124,187,50,-5,N/A,0,0
170,220,2,1,0,-6,28419,28889,0,563,0,125,187,50,-8,N/A,0,0
170,220,2,1,0,-6,28419,28939,0,563,0,126,187,50,-6,N/A,0,0
170,220,2,1,0,-6,28419,28989,0,563,0,127,187,50,-6,N/A,0,0
170,220,2,1,0,-1,28419,29039,0,563,0,128,187,50,-6,N/A,0,0
170,220,2,1,1,3,28419,29089,29052,598,542,129,187,50,-1,VALID,49,0
170,220,2,1,0,7,28419,29139,0,598,0,130,187,50,3,N/A,0,0
170,220,2,1,0,12,28419,29189,0,598,0,131,187,50,7,N/A,0,0
170,220,2,1,0,16,28419,29239,0,598,0,132,187,50,12,N/A,0,0
170,220,2,1,0,21,28419,29289,0,598,0,133,187,50,16,N/A,0,0
170,220,2,1,0,26,28419,29339,0,598,0,134,187,50,21,N/A,0,0
170,220,2,1,0,31,28419,29389,0,598,0,135,187,50,26,N/A,0,0
170,220,2,1,0,36,28419,29439,0,598,0,136,187,50,31,N/A,0,0
170,220,2,1,0,40,28419,29489,0,598,0,137,187,50,36,N/A,0,0
170,220,2,1,0,45,28419,29539,0,598,0,138,187,50,40,N/A,0,0
170,220,2,1,0,51,28419,29589,0,598,0,139,187,50,45,N/A,0,0
170,220,2,1,0,55,29650,29639,0,598,0,140,187,50,51,N/A,0,0
170,220,3,1,0,49,29650,29739,0,598,0,141,187,100,55,N/A,0,0
170,220,3,1,0,44,29650,29789,0,598,0,142,187,50,49,N/A,0,0
170,220,3,1,0,43,29650,29839,0,598,0,143,187,50,44,N/A,0,0
170,220,3,1,0,33,29650,29889,0,598,0,144,187,50,43,N/A,0,0
170,220,3,1,0,28,29650,29939,0,598,0,145,187,50,33,N/A,0,0
170,220,3,1,0,23,29650,29989,0,598,0,146,187,50,28,N/A,0,0
170,220,3,1,0,18,29650,30039,0,598,0,147,187,50,23,N/A,0,0
170,220,3,1,0,13,29650,30089,0,598,0,148,187,50,18,N/A,0,0
170,220,3,1,0,8,29650,30139,0,598,0,149,187,50,13,N/A,0,0
170,220,3,1,0,4,29650,30189,0,598,0,150,187,50,8,N/A,0,0
170,220,3,1,1,-1,29650,30239,30229,588,559,151,187,50,4,VALID,0,0
170,220,3,1,0,-6,29650,30289,0,588,0,152,187,50,-1,N/A,0,0
170,220,3,1,0,-5,29650,30339,0,588,0,153,187,50,-6,N/A,0,0
170,220,3,1,0,-5,29650,30389,0,588,0,154,187,50,-5,N/A,0,0
170,220,3,1,0,-5,29650,30439,0,588,0,155,187,50,-5,N/A,0,0
170,220,3,1,0,-4,29650,30489,0,588,0,156,187,50,-5,N/A,0,0
170,220,3,1,0,-4,29650,30539,0,588,0,157,187,50,-4,N/A,0,0
170,220,3,1,0,-4,29650,30589,0,588,0,158,187,50,-4,N/A,0,0
170,220,3,1,0,-4,29650,30639,0,588,0,159,187,50,-4,N/A,0,0
170,220,3,1,0,-3,29650,30689,0,588,0,160,187,50,-4,N/A,0,0
170,220,3,1,0,-3,29650,30739,0,588,0,161,187,50,-3,N/A,0,0
170,220,3,1,0,-3,29650,30789,0,588,0,162,187,50,-3,N/A,0,0
170,220,4,1,0,-4,30817,30889,0,588,0,163,187,100,-3,N/A,0,0
170,220,4,1,0,-4,30817,30939,0,588,0,164,187,50,-4,N/A,0,0
170,220,4,1,0,-5,30817,30989,0,588,0,165,187,50,-4,N/A,0,0
170,220,4,1,0,-5,30817,31039,0,588,0,166,187,50,-5,N/A,0,0
170,220,4,1,0,-5,30817,31089,0,588,0,167,187,50,-5,N/A,0,0
170,220,4,1,0,-6,30817,31139,0,588,0,168,187,50,-5,N/A,0,0
170,220,4,1,0,-6,30817,31189,0,588,0,169,187,50,-6,N/A,0,0
170,220,4,1,0,-6,30817,31239,0,588,0,170,187,50,-6,N/A,0,0
170,220,4,1,0,-7,30817,31289,0,588,0,171,187,50,-6,N/A,0,0
170,220,4,1,0,-2,30817,31339,0,588,0,172,187,50,-7,N/A,0,0
170,220,4,1,1,3,30817,31389,31359,565,516,173,187,50,-2,VALID,11,0
170,220,4,1,0,7,30817,31439,0,565,0,174,187,50,3,N/A,0,0
170,220,4,1,0,11,30817,31489,0,565,0,175,187,50,7,N/A,0,0
170,220,4,1,0,16,30817,31539,0,565,0,176,187,50,11,N/A,0,0
170,220,4,1,0,21,30817,31589,0,565,0,177,187,50,16,N/A,0,0
170,220,4,1,0,25,30817,31639,0,565,0,178,187,50,21,N/A,0,0
170,220,4,1,0,30,30817,31689,0,565,0,179,187,50,25,N/A,0,0
170,220,4,1,0,36,30817,31739,0,565,0,180,187,50,30,N/A,0,0
170,220,4,1,0,40,30817,31789,0,565,0,181,187,50,36,N/A,0,0
170,220,4,1,0,43,30817,31839,0,565,0,182,187,50,40,N/A,0,0
170,220,4,1,0,50,30817,31889,0,565,0,183,187,50,43,N/A,0,0
170,220,5,1,0,47,31924,31989,0,565,0,184,187,100,50,N/A,0,0
170,220,5,1,0,42,31924,32039,0,565,0,185,187,50,47,N/A,0,0
170,220,5,1,0,37,31924,32089,0,565,0,186,187,50,42,N/A,0,0
170,220,5,1,0,33,31924,32139,0,565,0,187,187,50,37,N/A,0,0
170,220,5,1,0,27,31924,32189,0,565,0,188,187,50,33,N/A,0,0
170,220,5,1,0,24,31924,32239,0,565,0,189,187,50,27,N/A,0,0
170,220,5,1,0,18,31924,32289,0,565,0,190,187,50,24,N/A,0,0
170,220,5,1,0,14,31924,32339,0,565,0,191,187,50,18,N/A,0,0
170,220,5,1,0,9,31924,32389,0,565,0,192,187,50,14,N/A,0,0
170,220,5,1,0,4,31924,32439,0,565,0,193,187,50,9,N/A,0,0
170,220,5,1,0,1,31924,32489,0,565,0,194,187,50,4,N/A,0,0
170,220,5,1,1,-4,31924,32539,32499,570,511,195,187,50,1,VALID,18,0
170,220,5,1,0,-6,31924,32589,0,570,0,196,187,50,-4,N/A,0,0
170,220,5,1,0,-6,31924,32639,0,570,0,197,187,50,-6,N/A,0,0
170,220,5,1,0,-5,31924,32689,0,570,0,198,187,50,-6,N/A,0,0
170,220,5,1,0,-5,31924,32739,0,570,0,199,187,50,-5,N/A,0,0
170,220,5,1,0,-5,31924,32789,0,570,0,200,187,50,-5,N/A,0,0
170,220,5,1,0,-7,31924,32839,0,570,0,201,187,50,-5,N/A,0,0
170,220,5,1,0,-4,31924,32889,0,570,0,202,187,50,-7,N/A,0,0
170,220,5,1,0,-4,31924,32939,0,570,0,203,187,50,-4,N/A,0,0
170,220,5,1,0,-4,31924,32989,0,570,0,204,187,50,-4,N/A,0,0
170,220,5,1,0,-3,31924,33039,0,570,0,205,187,50,-4,N/A,0,0
170,220,6,1,0,-3,33069,33139,0,570,0,206,187,100,-3,N/A,0,0
170,220,6,1,0,-3,33069,33189,0,570,0,207,187,50,-3,N/A,0,0
170,220,6,1,0,-3,33069,33239,0,570,0,208,187,50,-3,N/A,0,0
170,220,6,1,0,-4,33069,33289,0,570,0,209,187,50,-3,N/A,0,0
170,220,6,1,0,-4,33069,33339,0,570,0,210,187,50,-4,N/A,0,0
170,220,6,1,0,-4,33069,33389,0,570,0,211,187,50,-4,N/A,0,0
170,220,6,1,0,-4,33069,33439,0,570,0,212,187,50,-4,N/A,0,0
170,220,6,1,0,-5,33069,33489,0,570,0,213,187,50,-4,N/A,0,0
170,220,6,1,0,-5,33069,33539,0,570,0,214,187,50,-5,N/A,0,0
170,220,6,1,0,-5,33069,33589,0,570,0,215,187,50,-5,N/A,0,0
170,220,6,1,0,0,33069,33639,0,570,0,216,187,50,-5,N/A,0,0
170,220,6,1,1,5,33069,33689,33639,570,501,217,187,50,5,VALID,30,0
170,220,6,1,0,9,33069,33739,0,570,0,218,187,50,5,N/A,0,0
170,220,6,1,0,14,33069,33789,0,570,0,219,187,50,9,N/A,0,0
170,220,6,1,0,23,33069,33839,0,570,0,220,187,50,14,N/A,0,0
170,220,6,1,0,23,33069,33889,0,570,0,221,187,50,23,N/A,0,0
170,220,6,1,0,29,33069,33939,0,570,0,222,187,50,23,N/A,0,0
170,220,6,1,0,34,33069,33989,0,570,0,223,187,50,29,N/A,0,0
170,220,6,1,0,38,33069,34039,0,570,0,224,187,50,34,N/A,0,0
170,220,6,1,0,42,33069,34089,0,570,0,225,187,50,38,N/A,0,0
170,220,6,1,0,47,33069,34139,0,570,0,226,187,50,42,N/A,0,0
170,220,6,1,0,52,33069,34189,0,570,0,227,187,50,47,N/A,0,0
170,220,1,1,0,47,34209,34289,0,570,0,228,187,100,52,N/A,0,0
170,220,1,1,0,41,34209,34339,0,570,0,229,187,50,47,N/A,0,0
170,220,1,1,0,37,34209,34389,0,570,0,230,187,50,41,N/A,0,0
170,220,1,1,0,32,34209,34439,0,570,0,231,187,50,37,N/A,0,0
170,220,1,1,0,26,34209,34489,0,570,0,232,187,50,32,N/A,0,0
170,220,1,1,0,22,34209,34539,0,570,0,233,187,50,26,N/A,0,0
170,220,1,1,0,17,34209,34589,0,570,0,234,187,50,22,N/A,0,0
170,220,1,1,0,13,34209,34639,0,570,0,235,187,50,17,N/A,0,0
170,220,1,1,0,8,34209,34689,0,570,0,236,187,50,13,N/A,0,0
170,220,1,1,0,4,34209,34739,0,570,0,237,187,50,8,N/A,0,0
170,220,1,1,1,-1,34209,34789,34779,570,541,238,187,50,4,VALID,4,0
170,220,1,1,0,-7,34209,34839,0,570,0,239,187,50,-1,N/A,0,0
170,220,1,1,0,-7,34209,34889,0,570,0,240,187,50,-7,N/A,0,0
170,220,1,1,0,-6,34209,34939,0,570,0,241,187,50,-7,N/A,0,0
170,220,1,1,0,-6,34209,34989,0,570,0,242,187,50,-6,N/A,0,0
170,220,1,1,0,-6,34209,35039,0,570,0,243,187,50,-6,N/A,0,0
170,220,1,1,0,-6,34209,35089,0,570,0,244,187,50,-6,N/A,0,0
170,220,1,1,0,-5,34209,35139,0,570,0,245,187,50,-6,N/A,0,0
170,220,1,1,0,-5,34209,35189,0,570,0,246,187,50,-5,N/A,0,0
170,220,1,1,0,-4,34209,35239,0,570,0,247,187,50,-5,N/A,0,0
170,220,1,1,0,-4,34209,35289,0,570,0,248,187,50,-4,N/A,0,0
170,220,2,1,0,-4,35349,35339,0,570,0,249,187,50,-4,N/A,0,0
170,220,2,1,0,-4,35349,35439,0,570,0,250,187,100,-4,N/A,0,0
170,220,2,1,0,-4,35349,35489,0,570,0,251,187,50,-4,N/A,0,0
170,220,2,1,0,-4,35349,35539,0,570,0,252,187,50,-4,N/A,0,0
170,220,2,1,0,-4,35349,35589,0,570,0,253,187,50,-4,N/A,0,0
170,220,2,1,0,-5,35349,35639,0,570,0,254,187,50,-4,N/A,0,0
170,220,2,1,0,-5,35349,35689,0,570,0,255,187,50,-5,N/A,0,0
170,220,2,1,0,-5,35349,35739,0,570,0,0,187,50,-5,N/A,0,0
170,220,2,1,0,-6,35349,35789,0,570,0,1,187,50,-5,N/A,0,0
170,220,2,1,0,-8,35349,35839,0,570,0,2,187,50,-6,N/A,0,0
170,220,2,1,0,-5,35349,35889,0,570,0,3,187,50,-8,N/A,0,0
170,220,2,1,0,0,35349,35939,0,570,0,4,187,50,-5,N/A,0,0
170,220,2,1,1,4,35349,35989,35939,580,511,5,187,50,4,VALID,43,0
170,220,2,1,0,9,35349,36039,0,580,0,6,187,50,4,N/A,0,0
170,220,2,1,0,13,35349,36089,0,580,0,7,187,50,9,N/A,0,0
170,220,2,1,0,18,35349,36139,0,580,0,8,187,50,13,N/A,0,0
170,220,2,1,0,23,35349,36189,0,580,0,9,187,50,18,N/A,0,0
170,220,2,1,0,28,35349,36239,0,580,0,10,187,50,23,N/A,0,0
170,220,2,1,0,33,35349,36289,0,580,0,11,187,50,28,N/A,0,0
170,220,2,1,0,38,35349,36339,0,580,0,12,187,50,33,N/A,0,0
170,220,2,1,0,43,35349,36389,0,580,0,13,187,50,38,N/A,0,0
170,220,2,1,0,48,35349,36439,0,580,0,14,187,50,43,N/A,0,0
170,220,2,1,0,52,35349,36489,0,580,0,15,187,50,48,N/A,0,0
170,220,3,1,0,50,36519,36589,0,580,0,16,187,100,52,N/A,0,0
170,220,3,1,0,46,36519,36639,0,580,0,17,187,50,50,N/A,0,0
170,220,3,1,0,41,36519,36689,0,580,0,18,187,50,46,N/A,0,0
170,220,3,1,0,36,36519,36739,0,580,0,19,187,50,41,N/A,0,0
170,220,3,1,0,32,36519,36789,0,580,0,20,187,50,36,N/A,0,0
170,220,3,1,0,30,36519,36839,0,580,0,21,187,50,32,N/A,0,0
170,220,3,1,0,22,36519,36889,0,580,0,22,187,50,30,N/A,0,0
170,220,3,1,0,16,36519,36939,0,580,0,23,187,50,22,N/A,0,0
170,220,3,1,0,12,36519,36989,0,580,0,24,187,50,16,N/A,0,0
170,220,3,1,0,8,36519,37039,0,580,0,25,187,50,12,N/A,0,0
170,220,3,1,0,3,36519,37089,0,580,0,26,187,50,8,N/A,0,0
170,220,3,1,1,-2,36519,37139,37119,590,551,27,187,50,3,VALID,21,0
170,220,3,1,0,-6,36519,37189,0,590,0,28,187,50,-2,N/A,0,0
170,220,3,1,0,-5,36519,37239,0,590,0,29,187,50,-6,N/A,0,0
170,220,3,1,0,-5,36519,37289,0,590,0,30,187,50,-5,N/A,0,0
170,220,3,1,0,-5,36519,37339,0,590,0,31,187,50,-5,N/A,0,0
170,220,3,1,0,-4,36519,37389,0,590,0,32,187,50,-5,N/A,0,0
170,220,3,1,0,-4,36519,37439,0,590,0,33,187,50,-4,N/A,0,0
170,220,3,1,0,-4,36519,37489,0,590,0,34,187,50,-4,N/A,0,0
170,220,3,1,0,-3,36519,37539,0,590,0,35,187,50,-4,N/A,0,0
170,220,3,1,0,-3,36519,37589,0,590,0,36,187,50,-3,N/A,0,0
170,220,3,1,0,-3,36519,37639,0,590,0,37,187,50,-3,N/A,0,0
170,220,3,1,0,-3,36519,37689,0,590,0,38,187,50,-3,N/A,0,0
170,220,4,1,0,-4,37709,37789,0,590,0,39,187,100,-3,N/A,0,0
170,220,4,1,0,-7,37709,37839,0,590,0,40,187,50,-4,N/A,0,0
170,220,4,1,0,-5,37709,37889,0,590,0,41,187,50,-7,N/A,0,0
170,220,4,1,0,-5,37709,37939,0,590,0,42,187,50,-5,N/A,0,0
170,220,4,1,0,-6,37709,37989,0,590,0,43,187,50,-5,N/A,0,0
170,220,4,1,0,-6,37709,38039,0,590,0,44,187,50,-6,N/A,0,0
170,220,4,1,0,-6,37709,38089,0,590,0,45,187,50,-6,N/A,0,0
170,220,4,1,0,-6,37709,38139,0,590,0,46,187,50,-6,N/A,0,0
170,220,4,1,0,-6,37709,38189,0,590,0,47,187,50,-6,N/A,0,0
170,220,4,1,0,-2,37709,38239,0,590,0,48,187,50,-6,N/A,0,0
170,220,4,1,1,3,37709,38289,38259,570,521,49,187,50,-2,VALID,8,0
170,220,4,1,0,7,37709,38339,0,570,0,50,187,50,3,N/A,0,0
170,220,4,1,0,11,37709,38389,0,570,0,51,187,50,7,N/A,0,0
170,220,4,1,0,16,37709,38439,0,570,0,52,187,50,11,N/A,0,0
170,220,4,1,0,21,37709,38489,0,570,0,53,187,50,16,N/A,0,0
170,220,4,1,0,26,37709,38539,0,570,0,54,187,50,21,N/A,0,0
170,220,4,1,0,30,37709,38589,0,570,0,55,187,50,26,N/A,0,0
170,220,4,1,0,35,37709,38639,0,570,0,56,187,50,30,N/A,0,0
170,220,4,1,0,40,37709,38689,0,570,0,57,187,50,35,N/A,0,0
170,220,4,1,0,44,37709,38739,0,570,0,58,187,50,40,N/A,0,0
170,220,4,1,0,49,37709,38789,0,570,0,59,187,50,44,N/A,0,0
170,220,5,1,0,47,38829,38889,0,570,0,60,187,100,49,N/A,0,0
170,220,5,1,0,42,38829,38939,0,570,0,61,187,50,47,N/A,0,0
170,220,5,1,0,38,38829,38989,0,570,0,62,187,50,42,N/A,0,0
170,220,5,1,0,33,38829,39039,0,570,0,63,187,50,38,N/A,0,0
170,220,5,1,0,27,38829,39089,0,570,0,64,187,50,33,N/A,0,0
170,220,5,1,0,23,38829,39139,0,570,0,65,187,50,27,N/A,0,0
170,220,5,1,0,18,38829,39189,0,570,0,66,187,50,23,N/A,0,0
170,220,5,1,0,14,38829,39239,0,570,0,67,187,50,18,N/A,0,0
170,220,5,1,0,9,38829,39289,0,570,0,68,187,50,14,N/A,0,0
170,220,5,1,0,5,38829,39339,0,570,0,69,187,50,9,N/A,0,0
170,220,5,1,0,1,38829,39389,0,570,0,70,187,50,5,N/A,0,0
170,220,5,1,1,-4,38829,39439,39399,570,511,71,187,50,1,VALID,5,0
170,220,5,1,0,-6,38829,39489,0,570,0,72,187,50,-4,N/A,0,0
170,220,5,1,0,-6,38829,39539,0,570,0,73,187,50,-6,N/A,0,0
170,220,5,1,0,-6,38829,39589,0,570,0,74,187,50,-6,N/A,0,0
170,220,5,1,0,-5,38829,39639,0,570,0,75,187,50,-6,N/A,0,0
170,220,5,1,0,-5,38829,39689,0,570,0,76,187,50,-5,N/A,0,0
170,220,5,1,0,-5,38829,39739,0,570,0,77,187,50,-5,N/A,0,0
170,220,5,1,0,-5,38829,39789,0,570,0,78,187,50,-5,N/A,0,0
170,220,5,1,0,-6,38829,39839,0,570,0,79,187,50,-5,N/A,0,0
