header,ccr,step,is_closed_loop,zc_event,bemf_curr,t_start,t_curr,t_zc,delay_limited,delay_trigger,seq,tail,dt_us,bemf_prev,zc_eval,zc_diff_us,global_risk_streak
170,220,4,0,0,12,29642,35721,0,6000,0,223,187,50,12,N/A,0,2
170,220,4,0,0,5,35748,35821,0,6000,0,224,187,100,12,N/A,0,2
170,220,4,0,0,2,35748,35871,0,6000,0,225,187,50,5,N/A,0,2
170,220,4,0,0,0,35748,35921,0,6000,0,226,187,50,2,N/A,0,2
170,220,4,0,0,2,35748,35971,0,6000,0,227,187,50,2,N/A,0,2
170,220,4,0,0,1,35748,36021,0,6000,0,228,187,50,2,N/A,0,2
170,220,4,0,0,1,35748,36071,0,6000,0,229,187,50,1,N/A,0,2
170,220,4,0,0,1,35748,36121,0,6000,0,230,187,50,1,N/A,0,2
170,220,4,0,0,2,35748,36171,0,6000,0,231,187,50,1,N/A,0,2
170,220,4,0,0,4,35748,36221,0,6000,0,232,187,50,2,N/A,0,2
170,220,4,0,0,4,35748,36271,0,6000,0,233,187,50,4,N/A,0,2
170,220,4,0,0,5,35748,36321,0,6000,0,234,187,50,4,N/A,0,2
170,220,4,0,0,6,35748,36371,0,6000,0,235,187,50,5,N/A,0,2
170,220,4,0,0,8,35748,36421,0,6000,0,236,187,50,6,N/A,0,2
170,220,4,0,0,8,35748,36471,0,6000,0,237,187,50,8,N/A,0,2
170,220,5,0,0,-12,35748,41771,0,6000,0,87,187,5300,8,N/A,0,2
170,220,5,0,0,-11,35748,41821,0,6000,0,88,187,50,-12,N/A,0,2
170,220,5,0,0,-3,41852,41921,0,6000,0,89,187,100,-11,N/A,0,2
170,220,5,0,0,11,41852,41971,0,6000,0,90,187,50,-3,N/A,0,2
170,220,5,0,0,15,41852,42021,0,6000,0,91,187,50,11,N/A,0,2
170,220,5,0,0,16,41852,42071,0,6000,0,92,187,50,15,N/A,0,2
170,220,5,0,0,16,41852,42121,0,6000,0,93,187,50,16,N/A,0,2
170,220,5,0,0,15,41852,42171,0,6000,0,94,187,50,16,N/A,0,2
170,220,5,0,0,16,41852,42221,0,6000,0,95,187,50,15,N/A,0,2
170,220,5,0,0,15,41852,42271,0,6000,0,96,187,50,16,N/A,0,2
170,220,5,0,0,14,41852,42321,0,6000,0,97,187,50,15,N/A,0,2
170,220,5,0,0,13,41852,42371,0,6000,0,98,187,50,14,N/A,0,2
170,220,5,0,0,13,41852,42421,0,6000,0,99,187,50,13,N/A,0,2
170,220,5,0,0,12,41852,42471,0,6000,0,100,187,50,13,N/A,0,2
170,220,5,0,0,10,41852,42521,0,6000,0,101,187,50,12,N/A,0,2
170,220,5,0,0,10,41852,42571,0,6000,0,102,187,50,10,N/A,0,2
170,220,6,0,0,14,41852,47871,0,6000,0,208,187,5300,10,N/A,0,2
170,220,6,0,0,14,41852,47921,0,6000,0,209,187,50,14,N/A,0,2
170,220,6,0,0,10,47957,48021,0,6000,0,210,187,100,14,N/A,0,2
170,220,6,0,0,4,47957,48071,0,6000,0,211,187,50,10,N/A,0,2
170,220,6,0,0,2,47957,48121,0,6000,0,212,187,50,4,N/A,0,2
170,220,6,0,0,2,47957,48171,0,6000,0,213,187,50,2,N/A,0,2
170,220,6,0,0,2,47957,48221,0,6000,0,214,187,50,2,N/A,0,2
170,220,6,0,0,2,47957,48271,0,6000,0,215,187,50,2,N/A,0,2
170,220,6,0,0,2,47957,48321,0,6000,0,216,187,50,2,N/A,0,2
170,220,6,0,0,3,47957,48371,0,6000,0,217,187,50,2,N/A,0,2
170,220,6,0,0,3,47957,48421,0,6000,0,218,187,50,3,N/A,0,2
170,220,6,0,0,3,47957,48471,0,6000,0,219,187,50,3,N/A,0,2
170,220,6,0,0,4,47957,48521,0,6000,0,220,187,50,3,N/A,0,2
170,220,6,0,0,5,47957,48571,0,6000,0,221,187,50,4,N/A,0,2
170,220,6,0,0,6,47957,48621,0,6000,0,222,187,50,5,N/A,0,2
170,220,6,0,0,9,47957,48671,0,6000,0,223,187,50,6,N/A,0,2
170,220,1,0,0,-16,47957,53971,0,6000,0,73,187,5300,9,N/A,0,2
170,220,1,0,0,-16,47957,54021,0,6000,0,74,187,50,-16,N/A,0,2
170,220,1,0,0,-1,54067,54121,0,6000,0,75,187,100,-16,N/A,0,2
170,220,1,0,0,-2,54067,54171,0,6000,0,76,187,50,-1,N/A,0,2
170,220,1,0,0,5,54067,54221,0,6000,0,77,187,50,-2,N/A,0,2
170,220,1,0,0,7,54067,54271,0,6000,0,78,187,50,5,N/A,0,2
170,220,1,0,0,7,54067,54321,0,6000,0,79,187,50,7,N/A,0,2
170,220,1,0,0,8,54067,54371,0,6000,0,80,187,50,7,N/A,0,2
170,220,1,0,0,8,54067,54421,0,6000,0,81,187,50,8,N/A,0,2
170,220,1,0,0,8,54067,54471,0,6000,0,82,187,50,8,N/A,0,2
170,220,1,0,0,6,54067,54521,0,6000,0,83,187,50,8,N/A,0,2
170,220,1,0,0,6,54067,54571,0,6000,0,84,187,50,6,N/A,0,2
170,220,1,0,0,5,54067,54621,0,6000,0,85,187,50,6,N/A,0,2
170,220,1,0,0,3,54067,54671,0,6000,0,86,187,50,5,N/A,0,2
170,220,1,0,0,3,54067,54721,0,6000,0,87,187,50,3,N/A,0,2
170,220,1,0,0,2,54067,54771,0,6000,0,88,187,50,3,N/A,0,2
170,220,2,0,0,12,54067,60121,0,6000,0,195,187,5350,2,N/A,0,2
170,220,2,0,0,12,54067,60171,0,6000,0,196,187,50,12,N/A,0,2
170,220,2,0,0,24,60182,60221,0,6000,0,197,187,50,12,N/A,0,2
170,220,2,0,0,0,60182,60271,0,6000,0,198,187,50,24,N/A,0,2
170,220,2,0,0,-2,60182,60321,0,6000,0,199,187,50,-2,N/A,0,2
170,220,2,0,0,-4,60182,60371,0,6000,0,200,187,50,-2,N/A,0,2
170,220,2,0,0,-3,60182,60421,0,6000,0,201,187,50,-4,N/A,0,2
170,220,2,0,0,-4,60182,60471,0,6000,0,202,187,50,-3,N/A,0,2
170,220,2,0,0,-4,60182,60521,0,6000,0,203,187,50,-4,N/A,0,2
170,220,2,0,0,-4,60182,60571,0,6000,0,204,187,50,-4,N/A,0,2
170,220,2,0,0,-3,60182,60621,0,6000,0,205,187,50,-4,N/A,0,2
170,220,2,0,0,-4,60182,60671,0,6000,0,206,187,50,-3,N/A,0,2
170,220,2,0,0,-3,60182,60721,0,6000,0,207,187,50,-4,N/A,0,2
170,220,2,0,0,-1,60182,60771,0,6000,0,208,187,50,-3,N/A,0,2
170,220,2,0,0,0,60182,60821,0,6000,0,209,187,50,-1,N/A,0,2
170,220,2,0,0,0,60182,60871,0,6000,0,210,187,50,0,N/A,0,2
170,220,3,0,0,-18,60182,685,0,6000,0,61,187,5350,-18,N/A,0,2
170,220,3,0,0,-17,60182,735,0,6000,0,62,187,50,-18,N/A,0,2
170,220,3,0,0,-2,750,785,0,6000,0,63,187,50,-17,N/A,0,2
170,220,3,0,0,-2,750,835,0,6000,0,64,187,50,-2,N/A,0,2
170,220,3,0,0,2,750,885,0,6000,0,65,187,50,-2,N/A,0,2
170,220,3,0,0,6,750,935,0,6000,0,66,187,50,2,N/A,0,2
170,220,3,0,0,7,750,985,0,6000,0,67,187,50,6,N/A,0,2
170,220,3,0,0,7,750,1035,0,6000,0,68,187,50,7,N/A,0,2
170,220,3,0,0,7,750,1085,0,6000,0,69,187,50,7,N/A,0,2
170,220,3,0,0,9,750,1135,0,6000,0,70,187,50,7,N/A,0,2
170,220,3,0,0,6,750,1185,0,6000,0,71,187,50,9,N/A,0,2
170,220,3,0,0,6,750,1235,0,6000,0,72,187,50,6,N/A,0,2
170,220,3,0,0,5,750,1285,0,6000,0,73,187,50,6,N/A,0,2
170,220,3,0,0,5,750,1335,0,6000,0,74,187,50,5,N/A,0,2
170,220,3,0,0,4,750,1385,0,6000,0,75,187,50,5,N/A,0,2
170,220,3,0,0,3,750,1435,0,6000,0,76,187,50,4,N/A,0,2
170,220,4,0,0,12,750,6785,0,6000,0,183,187,5350,3,N/A,0,2
170,220,4,0,0,12,750,6835,0,6000,0,184,187,50,12,N/A,0,2
170,220,4,0,0,-3,6856,6935,0,6000,0,185,187,100,12,N/A,0,2
170,220,4,0,0,-6,6856,6985,0,6000,0,186,187,50,-3,N/A,0,2
170,220,4,0,0,-6,6856,7035,0,6000,0,187,187,50,-6,N/A,0,2
170,220,4,0,0,-6,6856,7085,0,6000,0,188,187,50,-6,N/A,0,2
170,220,4,0,0,-7,6856,7135,0,6000,0,189,187,50,-6,N/A,0,2
170,220,4,0,0,-6,6856,7185,0,6000,0,190,187,50,-7,N/A,0,2
170,220,4,0,0,-6,6856,7235,0,6000,0,191,187,50,-6,N/A,0,2
170,220,4,0,0,-6,6856,7285,0,6000,0,192,187,50,-6,N/A,0,2
170,220,4,0,0,-5,6856,7335,0,6000,0,193,187,50,-6,N/A,0,2
170,220,4,0,0,-5,6856,7385,0,6000,0,194,187,50,-5,N/A,0,2
170,220,4,0,0,-5,6856,7435,0,6000,0,195,187,50,-5,N/A,0,2
170,220,4,0,0,-3,6856,7485,0,6000,0,196,187,50,-5,N/A,0,2
170,220,4,0,0,-2,6856,7535,0,6000,0,197,187,50,-3,N/A,0,2
170,220,4,0,0,-2,6856,7585,0,6000,0,198,187,50,-2,N/A,0,2
170,220,5,0,0,-19,6856,12885,0,6000,0,48,187,5300,-2,N/A,0,2
170,220,5,0,0,-18,6856,12935,0,6000,0,49,187,50,-19,N/A,0,2
170,220,5,0,0,-3,12960,13035,0,6000,0,50,187,100,-18,N/A,0,2
170,220,5,0,0,-3,12960,13085,0,6000,0,51,187,50,-3,N/A,0,2
170,220,5,0,0,3,12960,13135,0,6000,0,52,187,50,-3,N/A,0,2
170,220,5,0,0,5,12960,13185,0,6000,0,53,187,50,3,N/A,0,2
170,220,5,0,0,3,12960,13235,0,6000,0,54,187,50,5,N/A,0,2
170,220,5,0,0,3,12960,13285,0,6000,0,55,187,50,3,N/A,0,2
170,220,5,0,0,3,12960,13335,0,6000,0,56,187,50,3,N/A,0,2
170,220,5,0,0,2,12960,13385,0,6000,0,57,187,50,3,N/A,0,2
170,220,5,0,0,2,12960,13435,0,6000,0,58,187,50,2,N/A,0,2
170,220,5,0,0,0,12960,13485,0,6000,0,59,187,50,2,N/A,0,2
170,220,5,0,0,0,12960,13535,0,6000,0,60,187,50,0,N/A,0,2
170,220,5,0,0,0,12960,13585,0,6000,0,61,187,50,0,N/A,0,2
170,220,5,0,0,-2,12960,13635,0,6000,0,62,187,50,-2,N/A,0,2
170,220,5,0,0,-3,12960,13685,0,6000,0,63,187,50,-2,N/A,0,2
170,220,6,0,0,14,12960,18985,0,6000,0,169,187,5300,-3,N/A,0,2
170,220,6,0,0,14,12960,19035,0,6000,0,170,187,50,14,N/A,0,2
170,220,6,0,0,1,19065,19135,0,6000,0,171,187,100,14,N/A,0,2
170,220,6,0,0,-5,19065,19185,0,6000,0,172,187,50,1,N/A,0,2
170,220,6,0,0,-5,19065,19235,0,6000,0,173,187,50,-5,N/A,0,2
170,220,6,0,0,-5,19065,19285,0,6000,0,174,187,50,-5,N/A,0,2
170,220,6,0,0,-6,19065,19335,0,6000,0,175,187,50,-5,N/A,0,2
170,220,6,0,0,-6,19065,19385,0,6000,0,176,187,50,-6,N/A,0,2
170,220,6,0,0,-6,19065,19435,0,6000,0,177,187,50,-6,N/A,0,2
170,220,6,0,0,-6,19065,19485,0,6000,0,178,187,50,-6,N/A,0,2
170,220,6,0,0,-6,19065,19535,0,6000,0,179,187,50,-6,N/A,0,2
170,220,6,0,0,-6,19065,19585,0,6000,0,180,187,50,-6,N/A,0,2
170,220,6,0,0,-6,19065,19635,0,6000,0,181,187,50,-6,N/A,0,2
170,220,6,0,0,-4,19065,19685,0,6000,0,182,187,50,-6,N/A,0,2
170,220,6,0,0,-4,19065,19735,0,6000,0,183,187,50,-4,N/A,0,2
170,220,6,0,0,-4,19065,19785,0,6000,0,184,187,50,-4,N/A,0,2
170,220,1,0,0,-19,19065,25085,0,6000,0,34,187,5300,-4,N/A,0,2
170,220,1,0,0,-19,19065,25135,0,6000,0,35,187,50,-19,N/A,0,2
170,220,1,0,0,-3,25171,25235,0,6000,0,36,187,100,-19,N/A,0,2
170,220,1,0,0,-2,25171,25285,0,6000,0,37,187,50,-3,N/A,0,2
170,220,1,0,0,4,25171,25335,0,6000,0,38,187,50,-2,N/A,0,2
170,220,1,0,0,5,25171,25385,0,6000,0,39,187,50,4,N/A,0,2
170,220,1,0,0,4,25171,25435,0,6000,0,40,187,50,5,N/A,0,2
170,220,1,0,0,4,25171,25485,0,6000,0,41,187,50,4,N/A,0,2
170,220,1,0,0,5,25171,25535,0,6000,0,42,187,50,4,N/A,0,2
170,220,1,0,0,4,25171,25585,0,6000,0,43,187,50,5,N/A,0,2
170,220,1,0,0,3,25171,25635,0,6000,0,44,187,50,4,N/A,0,2
170,220,1,0,0,3,25171,25685,0,6000,0,45,187,50,3,N/A,0,2
170,220,1,0,0,2,25171,25735,0,6000,0,46,187,50,3,N/A,0,2
170,220,1,0,0,2,25171,25785,0,6000,0,47,187,50,2,N/A,0,2
170,220,1,0,0,0,25171,25835,0,6000,0,48,187,50,2,N/A,0,2
170,220,1,0,0,0,25171,25885,0,6000,0,49,187,50,0,N/A,0,2
170,220,2,0,0,12,25171,31185,0,6000,0,155,187,5300,12,N/A,0,2
170,220,2,0,0,12,25171,31235,0,6000,0,156,187,50,12,N/A,0,2
170,220,2,0,0,5,31278,31335,0,6000,0,157,187,100,12,N/A,0,2
170,220,2,0,0,-1,31278,31385,0,6000,0,158,187,50,5,N/A,0,2
170,220,2,0,0,-4,31278,31435,0,6000,0,159,187,50,-1,N/A,0,2
170,220,2,0,0,-5,31278,31485,0,6000,0,160,187,50,-4,N/A,0,2
170,220,2,0,0,-5,31278,31535,0,6000,0,161,187,50,-5,N/A,0,2
170,220,2,0,0,-6,31278,31585,0,6000,0,162,187,50,-5,N/A,0,2
170,220,2,0,0,-6,31278,31635,0,6000,0,163,187,50,-6,N/A,0,2
170,220,2,0,0,-5,31278,31685,0,6000,0,164,187,50,-6,N/A,0,2
170,220,2,0,0,-5,31278,31735,0,6000,0,165,187,50,-5,N/A,0,2
170,220,2,0,0,-5,31278,31785,0,6000,0,166,187,50,-5,N/A,0,2
170,220,2,0,0,-4,31278,31835,0,6000,0,167,187,50,-5,N/A,0,2
170,220,2,0,0,-3,31278,31885,0,6000,0,168,187,50,-4,N/A,0,2
170,220,2,0,0,-1,31278,31935,0,6000,0,169,187,50,-3,N/A,0,2
170,220,2,0,0,-2,31278,31985,0,6000,0,170,187,50,-1,N/A,0,2
170,220,3,0,0,-20,31278,37335,0,6000,0,21,187,5350,-2,N/A,0,2
170,220,3,0,0,-2,37381,37435,0,6000,0,22,187,100,-20,N/A,0,2
170,220,3,0,0,-2,37381,37485,0,6000,0,23,187,50,-2,N/A,0,2
170,220,3,0,0,2,37381,37535,0,6000,0,24,187,50,-2,N/A,0,2
170,220,3,0,0,4,37381,37585,0,6000,0,25,187,50,2,N/A,0,2
170,220,3,0,0,5,37381,37635,0,6000,0,26,187,50,4,N/A,0,2
170,220,3,0,0,4,37381,37685,0,6000,0,27,187,50,5,N/A,0,2
170,220,3,0,0,5,37381,37735,0,6000,0,28,187,50,4,N/A,0,2
170,220,3,0,0,5,37381,37785,0,6000,0,29,187,50,5,N/A,0,2
170,220,3,0,0,3,37381,37835,0,6000,0,30,187,50,5,N/A,0,2
170,220,3,0,0,2,37381,37885,0,6000,0,31,187,50,3,N/A,0,2
170,220,3,0,0,3,37381,37935,0,6000,0,32,187,50,2,N/A,0,2
170,220,3,0,0,2,37381,37985,0,6000,0,33,187,50,3,N/A,0,2
170,220,3,0,0,1,37381,38035,0,6000,0,34,187,50,2,N/A,0,2
170,220,3,0,0,-1,37381,38085,0,6000,0,35,187,50,1,N/A,0,2
170,220,3,0,0,1,37381,38135,0,6000,0,36,187,50,-1,N/A,0,2
170,220,4,0,0,12,37381,43435,0,6000,0,142,187,5300,1,N/A,0,2
170,220,4,0,0,12,37381,43485,0,6000,0,143,187,50,12,N/A,0,2
170,220,4,0,0,19,43499,43535,0,6000,0,144,187,50,12,N/A,0,2
170,220,4,0,0,-3,43499,43585,0,6000,0,145,187,50,19,N/A,0,2
170,220,4,0,0,-5,43499,43635,0,6000,0,146,187,50,-3,N/A,0,2
170,220,4,0,0,-6,43499,43685,0,6000,0,147,187,50,-5,N/A,0,2
170,220,4,0,0,-6,43499,43735,0,6000,0,148,187,50,-6,N/A,0,2
170,220,4,0,0,-6,43499,43785,0,6000,0,149,187,50,-6,N/A,0,2
170,220,4,0,0,-6,43499,43835,0,6000,0,150,187,50,-6,N/A,0,2
170,220,4,0,0,-6,43499,43885,0,6000,0,151,187,50,-6,N/A,0,2
170,220,4,0,0,-5,43499,43935,0,6000,0,152,187,50,-6,N/A,0,2
170,220,4,0,0,-5,43499,43985,0,6000,0,153,187,50,-5,N/A,0,2
170,220,4,0,0,-5,43499,44035,0,6000,0,154,187,50,-5,N/A,0,2
170,220,4,0,0,-4,43499,44085,0,6000,0,155,187,50,-5,N/A,0,2
170,220,4,0,0,-3,43499,44135,0,6000,0,156,187,50,-4,N/A,0,2
170,220,4,0,0,-2,43499,44185,0,6000,0,157,187,50,-3,N/A,0,2
170,220,5,0,0,-16,43499,49535,0,6000,0,8,187,5350,-2,N/A,0,2
170,220,5,0,0,-15,43499,49585,0,6000,0,9,187,50,-16,N/A,0,2
170,220,5,0,0,-5,49604,49635,0,6000,0,10,187,50,-15,N/A,0,2
170,220,5,0,0,-3,49604,49685,0,6000,0,11,187,50,-5,N/A,0,2
170,220,5,0,0,3,49604,49735,0,6000,0,12,187,50,-3,N/A,0,2
170,220,5,0,0,8,49604,49785,0,6000,0,13,187,50,3,N/A,0,2
170,220,5,0,0,10,49604,49835,0,6000,0,14,187,50,8,N/A,0,2
170,220,5,0,0,9,49604,49885,0,6000,0,15,187,50,10,N/A,0,2
170,220,5,0,0,9,49604,49935,0,6000,0,16,187,50,9,N/A,0,2
170,220,5,0,0,9,49604,49985,0,6000,0,17,187,50,9,N/A,0,2
170,220,5,0,0,9,49604,50035,0,6000,0,18,187,50,9,N/A,0,2
170,220,5,0,0,7,49604,50085,0,6000,0,19,187,50,9,N/A,0,2
170,220,5,0,0,6,49604,50135,0,6000,0,20,187,50,7,N/A,0,2
170,220,5,0,0,7,49604,50185,0,6000,0,21,187,50,6,N/A,0,2
170,220,5,0,0,6,49604,50235,0,6000,0,22,187,50,7,N/A,0,2
170,220,5,0,0,5,49604,50285,0,6000,0,23,187,50,6,N/A,0,2
170,220,6,0,0,14,49604,55635,0,6000,0,130,187,5350,5,N/A,0,2
170,220,6,0,0,14,49604,55685,0,6000,0,131,187,50,14,N/A,0,2
170,220,6,0,0,9,55709,55785,0,6000,0,132,187,100,14,N/A,0,2
170,220,6,0,0,5,55709,55835,0,6000,0,133,187,50,9,N/A,0,2
170,220,6,0,0,4,55709,55885,0,6000,0,134,187,50,5,N/A,0,2
170,220,6,0,0,4,55709,55935,0,6000,0,135,187,50,4,N/A,0,2
170,220,6,0,0,4,55709,55985,0,6000,0,136,187,50,4,N/A,0,2
170,220,6,0,0,4,55709,56035,0,6000,0,137,187,50,4,N/A,0,2
170,220,6,0,0,4,55709,56085,0,6000,0,138,187,50,4,N/A,0,2
170,220,6,0,0,8,55709,56135,0,6000,0,139,187,50,4,N/A,0,2
170,220,6,0,0,7,55709,56185,0,6000,0,140,187,50,8,N/A,0,2
170,220,6,0,0,6,55709,56235,0,6000,0,141,187,50,7,N/A,0,2
170,220,6,0,0,8,55709,56285,0,6000,0,142,187,50,6,N/A,0,2
170,220,6,0,0,9,55709,56335,0,6000,0,143,187,50,8,N/A,0,2
170,220,6,0,0,9,55709,56385,0,6000,0,144,187,50,9,N/A,0,2
170,220,6,0,0,10,55709,56435,0,6000,0,145,187,50,9,N/A,0,2
170,220,1,0,0,-7,55709,61735,0,6000,0,251,187,5300,10,N/A,0,2
170,220,1,0,0,-2,55709,61785,0,6000,0,252,187,50,-7,N/A,0,2
170,220,1,0,0,7,55709,61835,0,6000,0,253,187,50,-2,N/A,0,2
170,220,1,0,0,12,55709,61885,0,6000,0,254,187,50,7,N/A,0,2
170,220,1,0,0,13,55709,61935,0,6000,0,255,187,50,12,N/A,0,2
170,220,1,0,0,12,55709,61985,0,6000,0,0,187,50,13,N/A,0,2
170,220,1,0,0,12,55709,62035,0,6000,0,1,187,50,12,N/A,0,2
170,220,1,0,0,12,55709,62085,0,6000,0,2,187,50,12,N/A,0,2
170,220,1,0,0,11,55709,62135,0,6000,0,3,187,50,12,N/A,0,2
170,220,1,0,0,10,55709,62185,0,6000,0,4,187,50,11,N/A,0,2
170,220,1,0,0,10,55709,62235,0,6000,0,5,187,50,10,N/A,0,2
170,220,1,0,0,9,55709,62285,0,6000,0,6,187,50,10,N/A,0,2
170,220,1,0,0,9,55709,62335,0,6000,0,7,187,50,9,N/A,0,2
170,220,1,0,0,8,55709,62385,0,6000,0,8,187,50,9,N/A,0,2
170,220,1,0,0,7,55709,62435,0,6000,0,9,187,50,8,N/A,0,2
170,220,1,0,0,6,55709,62485,0,6000,0,10,187,50,7,N/A,0,2
170,220,1,0,0,5,55709,62535,0,6000,0,11,187,50,6,N/A,0,2
170,220,1,0,0,4,55709,62585,0,6000,0,12,187,50,5,N/A,0,2
170,220,1,0,0,4,55709,62635,0,6000,0,13,187,50,4,N/A,0,2
170,220,1,0,0,3,55709,62685,0,6000,0,14,187,50,4,N/A,0,2
170,220,1,0,0,1,55709,62735,0,6000,0,15,187,50,3,N/A,0,2
170,220,1,0,0,0,55709,62785,0,6000,0,16,187,50,1,N/A,0,2
170,220,1,0,0,0,55709,62835,0,6000,0,17,187,50,0,N/A,0,2
170,220,1,0,0,-2,55709,62885,0,6000,0,18,187,50,-2,N/A,0,2
170,220,1,0,0,-3,55709,62935,0,6000,0,19,187,50,-2,N/A,0,2
170,220,1,0,0,-4,55709,62985,0,6000,0,20,187,50,-3,N/A,0,2
170,220,1,0,0,-4,55709,63035,0,6000,0,21,187,50,-4,N/A,0,2
170,220,1,0,0,-5,55709,63085,0,6000,0,22,187,50,-4,N/A,0,2
170,220,1,0,0,-7,55709,63135,0,6000,0,23,187,50,-5,N/A,0,2
170,220,1,0,0,-6,55709,63185,0,6000,0,24,187,50,-7,N/A,0,2
170,220,1,0,0,-5,55709,63235,0,6000,0,25,187,50,-6,N/A,0,2
170,220,1,0,0,-5,55709,63285,0,6000,0,26,187,50,-5,N/A,0,2
170,220,1,0,0,-5,55709,63335,0,6000,0,27,187,50,-5,N/A,0,2
170,220,1,0,0,-5,55709,63385,0,6000,0,28,187,50,-5,N/A,0,2
170,220,1,0,0,-5,55709,63435,0,6000,0,29,187,50,-5,N/A,0,2
170,220,1,0,0,-5,55709,63485,0,6000,0,30,187,50,-5,N/A,0,2
170,220,1,0,0,-5,55709,63535,0,6000,0,31,187,50,-5,N/A,0,2
170,220,1,0,0,-5,55709,63585,0,6000,0,32,187,50,-5,N/A,0,2
170,220,1,0,0,-5,55709,63635,0,6000,0,33,187,50,-5,N/A,0,2
170,220,1,0,0,-5,55709,63685,0,6000,0,34,187,50,-5,N/A,0,2
170,220,1,0,0,-5,55709,63735,0,6000,0,35,187,50,-5,N/A,0,2
170,220,1,0,0,-5,55709,63785,0,6000,0,36,187,50,-5,N/A,0,2
170,220,1,0,0,-5,55709,63835,0,6000,0,37,187,50,-5,N/A,0,2
170,220,1,0,0,-5,55709,63885,0,6000,0,38,187,50,-5,N/A,0,2
170,220,1,0,0,-5,55709,63935,0,6000,0,39,187,50,-5,N/A,0,2
170,220,1,0,0,-5,55709,63985,0,6000,0,40,187,50,-5,N/A,0,2
170,220,1,0,0,-5,55709,64035,0,6000,0,41,187,50,-5,N/A,0,2
170,220,1,0,0,-5,55709,64085,0,6000,0,42,187,50,-5,N/A,0,2
170,220,1,0,0,-6,55709,64135,0,6000,0,43,187,50,-5,N/A,0,2
170,220,1,0,0,-5,55709,64185,0,6000,0,44,187,50,-6,N/A,0,2
170,220,1,0,0,-5,55709,64235,0,6000,0,45,187,50,-5,N/A,0,2
170,220,1,0,0,-5,55709,64285,0,6000,0,46,187,50,-5,N/A,0,2
170,220,1,0,0,-5,55709,64335,0,6000,0,47,187,50,-5,N/A,0,2
170,220,1,0,0,-5,55709,64385,0,6000,0,48,187,50,-5,N/A,0,2
170,220,1,0,0,-5,55709,64435,0,6000,0,49,187,50,-5,N/A,0,2
170,220,1,0,0,-5,55709,64485,0,6000,0,50,187,50,-5,N/A,0,2
170,220,1,0,0,-5,55709,64535,0,6000,0,51,187,50,-5,N/A,0,2
170,220,1,0,0,-5,55709,64585,0,6000,0,52,187,50,-5,N/A,0,2
170,220,1,0,0,-5,55709,64635,0,6000,0,53,187,50,-5,N/A,0,2
170,220,1,0,0,-5,55709,64685,0,6000,0,54,187,50,-5,N/A,0,2
170,220,1,0,0,-5,55709,64735,0,6000,0,55,187,50,-5,N/A,0,2
170,220,1,0,0,-5,55709,64785,0,6000,0,56,187,50,-5,N/A,0,2
170,220,1,0,0,-5,55709,64835,0,6000,0,57,187,50,-5,N/A,0,2
170,220,1,0,0,-5,55709,64885,0,6000,0,58,187,50,-5,N/A,0,2
170,220,1,0,0,-5,55709,64935,0,6000,0,59,187,50,-5,N/A,0,2
170,220,1,0,0,-5,55709,64985,0,6000,0,60,187,50,-5,N/A,0,2
170,220,1,0,0,-5,55709,65035,0,6000,0,61,187,50,-5,N/A,0,2
170,220,1,0,0,-5,55709,65085,0,6000,0,62,187,50,-5,N/A,0,2
170,220,1,0,0,-5,55709,65135,0,6000,0,63,187,50,-5,N/A,0,2
170,220,1,0,0,-5,55709,65185,0,6000,0,64,187,50,-5,N/A,0,2
170,220,1,0,0,-5,55709,65235,0,6000,0,65,187,50,-5,N/A,0,2
170,220,1,0,0,-5,55709,65285,0,6000,0,66,187,50,-5,N/A,0,2
170,220,1,0,0,-5,55709,65335,0,6000,0,67,187,50,-5,N/A,0,2
170,220,1,0,0,-5,55709,65385,0,6000,0,68,187,50,-5,N/A,0,2
170,220,1,0,0,-5,55709,65435,0,6000,0,69,187,50,-5,N/A,0,2
170,220,1,0,0,-5,55709,65485,0,6000,0,70,187,50,-5,N/A,0,2
170,220,1,0,0,-5,55709,65535,0,6000,0,71,187,50,-5,N/A,0,2
170,220,1,0,0,-5,55709,49,0,6000,0,72,187,50,-5,N/A,0,2
170,220,1,0,0,-5,55709,99,0,6000,0,73,187,50,-5,N/A,0,2
170,220,1,0,0,-5,55709,149,0,6000,0,74,187,50,-5,N/A,0,2
170,220,1,0,0,-5,55709,199,0,6000,0,75,187,50,-5,N/A,0,2
170,220,1,0,0,-5,55709,249,0,6000,0,76,187,50,-5,N/A,0,2
170,220,1,0,0,-5,55709,299,0,6000,0,77,187,50,-5,N/A,0,2
170,220,1,0,0,-5,55709,349,0,6000,0,78,187,50,-5,N/A,0,2
170,220,1,0,0,-5,55709,399,0,6000,0,79,187,50,-5,N/A,0,2
170,220,1,0,0,-5,55709,449,0,6000,0,80,187,50,-5,N/A,0,2
170,220,1,0,0,-5,55709,499,0,6000,0,81,187,50,-5,N/A,0,2
170,220,1,0,0,-5,55709,549,0,6000,0,82,187,50,-5,N/A,0,2
170,220,1,0,0,-5,55709,599,0,6000,0,83,187,50,-5,N/A,0,2
170,220,1,0,0,-5,55709,649,0,6000,0,84,187,50,-5,N/A,0,2
170,220,1,0,0,-5,55709,699,0,6000,0,85,187,50,-5,N/A,0,2
170,220,1,0,0,-5,55709,749,0,6000,0,86,187,50,-5,N/A,0,2
170,220,1,0,0,-5,55709,799,0,6000,0,87,187,50,-5,N/A,0,2
170,220,1,0,0,-5,55709,849,0,6000,0,88,187,50,-5,N/A,0,2
170,220,1,0,0,-5,55709,899,0,6000,0,89,187,50,-5,N/A,0,2
170,220,1,0,0,-5,55709,949,0,6000,0,90,187,50,-5,N/A,0,2
170,220,1,0,0,-5,55709,999,0,6000,0,91,187,50,-5,N/A,0,2
170,220,1,0,0,-5,55709,1049,0,6000,0,92,187,50,-5,N/A,0,2
170,220,1,0,0,-5,55709,1099,0,6000,0,93,187,50,-5,N/A,0,2
170,220,1,0,0,-6,55709,1149,0,6000,0,94,187,50,-5,N/A,0,2
170,220,1,0,0,-5,55709,1199,0,6000,0,95,187,50,-6,N/A,0,2
170,220,1,0,0,-6,55709,1249,0,6000,0,96,187,50,-5,N/A,0,2
170,220,1,0,0,-6,55709,1299,0,6000,0,97,187,50,-6,N/A,0,2
170,220,1,0,0,-6,55709,1349,0,6000,0,98,187,50,-6,N/A,0,2
170,220,1,0,0,-6,55709,1399,0,6000,0,99,187,50,-6,N/A,0,2
170,220,1,0,0,-6,55709,1449,0,6000,0,100,187,50,-6,N/A,0,2
170,220,1,0,0,-6,55709,1499,0,6000,0,101,187,50,-6,N/A,0,2
170,220,1,0,0,-6,55709,1549,0,6000,0,102,187,50,-6,N/A,0,2
170,220,1,0,0,-6,55709,1599,0,6000,0,103,187,50,-6,N/A,0,2
170,220,1,0,0,-6,55709,1649,0,6000,0,104,187,50,-6,N/A,0,2
170,220,1,0,0,-6,55709,1699,0,6000,0,105,187,50,-6,N/A,0,2
170,220,1,0,0,-6,55709,1749,0,6000,0,106,187,50,-6,N/A,0,2
170,220,1,0,0,-6,55709,1799,0,6000,0,107,187,50,-6,N/A,0,2
170,220,1,0,0,-6,55709,1849,0,6000,0,108,187,50,-6,N/A,0,2
170,220,1,0,0,-6,55709,1899,0,6000,0,109,187,50,-6,N/A,0,2
170,220,1,0,0,-6,55709,1949,0,6000,0,110,187,50,-6,N/A,0,2
170,220,1,0,0,-6,55709,1999,0,6000,0,111,187,50,-6,N/A,0,2
170,220,1,0,0,-6,55709,2049,0,6000,0,112,187,50,-6,N/A,0,2
170,220,1,0,0,-6,55709,2099,0,6000,0,113,187,50,-6,N/A,0,2
170,220,1,0,0,-6,55709,2149,0,6000,0,114,187,50,-6,N/A,0,2
170,220,2,1,0,2,2189,2249,0,6000,0,115,187,100,-6,N/A,0,2
170,220,2,1,0,-2,2189,2299,0,6000,0,116,187,50,2,N/A,0,2
170,220,2,1,0,-3,2189,2349,0,6000,0,117,187,50,-2,N/A,0,2
170,220,2,1,0,-4,2189,2399,0,6000,0,118,187,50,-3,N/A,0,2
170,220,2,1,0,-3,2189,2449,0,6000,0,119,187,50,-4,N/A,0,2
170,220,2,1,0,-3,2189,2499,0,6000,0,120,187,50,-3,N/A,0,2
170,220,2,1,0,-4,2189,2549,0,6000,0,121,187,50,-3,N/A,0,2
170,220,2,1,0,-4,2189,2599,0,6000,0,122,187,50,-4,N/A,0,2
170,220,2,1,0,-2,2189,2649,0,6000,0,123,187,50,-4,N/A,0,2
170,220,2,1,0,-2,2189,2699,0,6000,0,124,187,50,-2,N/A,0,2
170,220,2,1,0,-2,2189,2749,0,6000,0,125,187,50,-2,N/A,0,2
170,220,2,1,0,0,2189,2799,0,6000,0,126,187,50,-2,N/A,0,2
170,220,2,1,1,1,2189,2849,2799,610,541,127,187,50,1,SYNCING,0,2
170,220,2,1,0,0,2189,2899,0,610,0,128,187,50,1,N/A,0,2
170,220,2,1,0,1,2189,2949,0,610,0,129,187,50,1,N/A,0,2
170,220,2,1,0,3,2189,2999,0,610,0,130,187,50,1,N/A,0,2
170,220,2,1,0,4,2189,3049,0,610,0,131,187,50,3,N/A,0,2
170,220,2,1,0,4,2189,3099,0,610,0,132,187,50,4,N/A,0,2
170,220,2,1,0,5,2189,3149,0,610,0,133,187,50,4,N/A,0,2
170,220,2,1,0,6,2189,3199,0,610,0,134,187,50,5,N/A,0,2
170,220,2,1,0,7,2189,3249,0,610,0,135,187,50,6,N/A,0,2
170,220,2,1,0,6,2189,3299,0,610,0,136,187,50,7,N/A,0,2
170,220,2,1,0,8,2189,3349,0,610,0,137,187,50,6,N/A,0,2
170,220,2,1,0,9,2189,3399,0,610,0,138,187,50,8,N/A,0,2
170,220,3,1,1,-1,3411,3449,3444,560,536,139,187,50,9,RISK,1522,3
170,220,3,1,0,-3,3411,3499,0,560,0,140,187,50,-1,N/A,0,3
170,220,3,1,0,2,3411,3549,0,560,0,141,187,50,-3,N/A,0,3
170,220,3,1,0,5,3411,3599,0,560,0,142,187,50,2,N/A,0,3
170,220,3,1,0,4,3411,3649,0,560,0,143,187,50,5,N/A,0,3
170,220,3,1,0,4,3411,3699,0,560,0,144,187,50,4,N/A,0,3
170,220,3,1,0,4,3411,3749,0,560,0,145,187,50,4,N/A,0,3
170,220,3,1,0,4,3411,3799,0,560,0,146,187,50,4,N/A,0,3
170,220,3,1,0,5,3411,3849,0,560,0,147,187,50,4,N/A,0,3
170,220,3,1,0,4,3411,3899,0,560,0,148,187,50,5,N/A,0,3
170,220,3,1,0,4,3411,3949,0,560,0,149,187,50,4,N/A,0,3
170,220,4,1,0,5,4007,3999,0,560,0,150,187,50,4,N/A,0,3
170,220,4,1,0,-10,4007,4049,0,560,0,151,187,50,5,N/A,0,3
170,220,4,1,0,-5,4007,4099,0,560,0,152,187,50,-10,N/A,0,3
170,220,4,1,0,-5,4007,4149,0,560,0,153,187,50,-5,N/A,0,3
170,220,4,1,0,-5,4007,4199,0,560,0,154,187,50,-5,N/A,0,3
170,220,4,1,0,-5,4007,4249,0,560,0,155,187,50,-5,N/A,0,3
170,220,4,1,0,-5,4007,4299,0,560,0,156,187,50,-5,N/A,0,3
170,220,4,1,0,-5,4007,4349,0,560,0,157,187,50,-5,N/A,0,3
170,220,4,1,0,-5,4007,4399,0,560,0,158,187,50,-5,N/A,0,3
170,220,4,1,0,-5,4007,4449,0,560,0,159,187,50,-5,N/A,0,3
170,220,4,1,0,-5,4007,4499,0,560,0,160,187,50,-5,N/A,0,3
170,220,4,1,0,-5,4007,4549,0,560,0,161,187,50,-5,N/A,0,3
170,220,4,1,0,-6,4007,4599,0,560,0,162,187,50,-5,N/A,0,3
170,220,4,1,0,-5,4007,4649,0,560,0,163,187,50,-6,N/A,0,3
170,220,4,1,0,-5,4007,4699,0,560,0,164,187,50,-5,N/A,0,3
170,220,4,1,0,-5,4007,4749,0,560,0,165,187,50,-5,N/A,0,3
170,220,4,1,0,-5,4007,4799,0,560,0,166,187,50,-5,N/A,0,3
170,220,4,1,0,-5,4007,4849,0,560,0,167,187,50,-5,N/A,0,3
170,220,4,1,0,-5,4007,4899,0,560,0,168,187,50,-5,N/A,0,3
170,220,4,1,0,-5,4007,4949,0,560,0,169,187,50,-5,N/A,0,3
170,220,4,1,0,-5,4007,4999,0,560,0,170,187,50,-5,N/A,0,3
170,220,4,1,0,-5,4007,5049,0,560,0,171,187,50,-5,N/A,0,3
170,220,4,1,0,-5,4007,5099,0,560,0,172,187,50,-5,N/A,0,3
170,220,4,1,0,-5,4007,5149,0,560,0,173,187,50,-5,N/A,0,3
170,220,4,1,0,-5,4007,5199,0,560,0,174,187,50,-5,N/A,0,3
170,220,4,1,0,-5,4007,5249,0,560,0,175,187,50,-5,N/A,0,3
170,220,4,1,0,-5,4007,5299,0,560,0,176,187,50,-5,N/A,0,3
170,220,4,1,0,-5,4007,5349,0,560,0,177,187,50,-5,N/A,0,3
170,220,4,1,0,-5,4007,5399,0,560,0,178,187,50,-5,N/A,0,3
170,220,4,1,0,-5,4007,5449,0,560,0,179,187,50,-5,N/A,0,3
170,220,4,1,0,-5,4007,5499,0,560,0,180,187,50,-5,N/A,0,3
170,220,4,1,0,-5,4007,5549,0,560,0,181,187,50,-5,N/A,0,3
170,220,4,1,0,-6,4007,5599,0,560,0,182,187,50,-5,N/A,0,3
170,220,4,1,0,-5,4007,5649,0,560,0,183,187,50,-6,N/A,0,3
170,220,4,1,0,-5,4007,5699,0,560,0,184,187,50,-5,N/A,0,3
170,220,4,1,0,-5,4007,5749,0,560,0,185,187,50,-5,N/A,0,3
170,220,4,1,0,-5,4007,5799,0,560,0,186,187,50,-5,N/A,0,3
170,220,4,1,0,-6,4007,5849,0,560,0,187,187,50,-5,N/A,0,3
170,220,4,1,0,-6,4007,5899,0,560,0,188,187,50,-6,N/A,0,3
170,220,4,1,0,-6,4007,5949,0,560,0,189,187,50,-6,N/A,0,3
170,220,4,1,0,-5,4007,5999,0,560,0,190,187,50,-6,N/A,0,3
170,220,4,1,0,-6,4007,6049,0,560,0,191,187,50,-5,N/A,0,3
170,220,4,1,0,-6,4007,6099,0,560,0,192,187,50,-6,N/A,0,3
170,220,4,1,0,-6,4007,6149,0,560,0,193,187,50,-6,N/A,0,3
170,220,4,1,0,-6,4007,6199,0,560,0,194,187,50,-6,N/A,0,3
170,220,4,1,0,-6,4007,6249,0,560,0,195,187,50,-6,N/A,0,3
170,220,4,1,0,-6,4007,6299,0,560,0,196,187,50,-6,N/A,0,3
170,220,4,1,0,-5,4007,6349,0,560,0,197,187,50,-6,N/A,0,3
170,220,4,1,0,-5,4007,6399,0,560,0,198,187,50,-5,N/A,0,3
170,220,4,1,0,-5,4007,6449,0,560,0,199,187,50,-5,N/A,0,3
170,220,4,1,0,-4,4007,6499,0,560,0,200,187,50,-5,N/A,0,3
170,220,4,1,0,-2,4007,6549,0,560,0,201,187,50,-4,N/A,0,3
170,220,4,1,0,-2,4007,6599,0,560,0,202,187,50,-2,N/A,0,3
170,220,4,1,0,-1,4007,6649,0,560,0,203,187,50,-2,N/A,0,3
170,220,4,1,0,0,4007,6699,0,560,0,204,187,50,-1,N/A,0,3
170,220,4,1,1,2,4007,6749,6699,610,541,205,187,50,2,SYNCING,0,3
170,220,4,1,0,3,4007,6799,0,610,0,206,187,50,2,N/A,0,3
170,220,4,1,0,3,4007,6849,0,610,0,207,187,50,3,N/A,0,3
170,220,4,1,0,6,4007,6899,0,610,0,208,187,50,3,N/A,0,3
170,220,4,1,0,6,4007,6949,0,610,0,209,187,50,6,N/A,0,3
170,220,4,1,0,7,4007,6999,0,610,0,210,187,50,6,N/A,0,3
170,220,4,1,0,8,4007,7049,0,610,0,211,187,50,7,N/A,0,3
170,220,4,1,0,10,4007,7099,0,610,0,212,187,50,8,N/A,0,3
170,220,4,1,0,12,4007,7149,0,610,0,213,187,50,10,N/A,0,3
170,220,4,1,0,12,4007,7199,0,610,0,214,187,50,12,N/A,0,3
170,220,4,1,0,13,4007,7249,0,610,0,215,187,50,12,N/A,0,3
170,220,4,1,0,16,4007,7299,0,610,0,216,187,50,13,N/A,0,3
170,220,5,1,0,35,7312,7349,0,610,0,217,187,50,16,N/A,0,3
170,220,5,1,0,37,7312,7399,0,610,0,218,187,50,35,N/A,0,3
170,220,5,1,0,36,7312,7449,0,610,0,219,187,50,37,N/A,0,3
170,220,5,1,0,35,7312,7499,0,610,0,220,187,50,36,N/A,0,3
170,220,5,1,0,32,7312,7549,0,610,0,221,187,50,35,N/A,0,3
170,220,5,1,0,30,7312,7599,0,610,0,222,187,50,32,N/A,0,3
170,220,5,1,0,30,7312,7649,0,610,0,223,187,50,30,N/A,0,3
170,220,5,1,0,28,7312,7699,0,610,0,224,187,50,30,N/A,0,3
170,220,5,1,0,27,7312,7749,0,610,0,225,187,50,28,N/A,0,3
170,220,5,1,0,26,7312,7799,0,610,0,226,187,50,27,N/A,0,3
170,220,5,1,0,24,7312,7849,0,610,0,227,187,50,26,N/A,0,3
170,220,5,1,0,23,7312,7899,0,610,0,228,187,50,24,N/A,0,3
170,220,5,1,0,22,7312,7949,0,610,0,229,187,50,23,N/A,0,3
170,220,5,1,0,20,7312,7999,0,610,0,230,187,50,22,N/A,0,3
170,220,5,1,0,19,7312,8049,0,610,0,231,187,50,20,N/A,0,3
170,220,5,1,0,17,7312,8099,0,610,0,232,187,50,19,N/A,0,3
170,220,5,1,0,16,7312,8149,0,610,0,233,187,50,17,N/A,0,3
170,220,5,1,0,14,7312,8199,0,610,0,234,187,50,16,N/A,0,3
170,220,5,1,0,13,7312,8249,0,610,0,235,187,50,14,N/A,0,3
170,220,5,1,0,11,7312,8299,0,610,0,236,187,50,13,N/A,0,3
170,220,5,1,0,9,7312,8349,0,610,0,237,187,50,11,N/A,0,3
170,220,5,1,0,8,7312,8399,0,610,0,238,187,50,9,N/A,0,3
170,220,5,1,0,6,7312,8449,0,610,0,239,187,50,8,N/A,0,3
170,220,5,1,0,4,7312,8499,0,610,0,240,187,50,6,N/A,0,3
170,220,5,1,0,3,7312,8549,0,610,0,241,187,50,4,N/A,0,3
170,220,5,1,0,0,7312,8599,0,610,0,242,187,50,3,N/A,0,3
170,220,5,1,0,0,7312,8649,0,610,0,243,187,50,0,N/A,0,3
170,220,5,1,1,-2,7312,8699,8649,660,591,244,187,50,-2,RISK,3311,4
170,220,5,1,0,-4,7312,8749,0,660,0,245,187,50,-2,N/A,0,4
170,220,5,1,0,-5,7312,8799,0,660,0,246,187,50,-4,N/A,0,4
170,220,5,1,0,-5,7312,8849,0,660,0,247,187,50,-5,N/A,0,4
170,220,5,1,0,-5,7312,8899,0,660,0,248,187,50,-5,N/A,0,4
170,220,5,1,0,-5,7312,8949,0,660,0,249,187,50,-5,N/A,0,4
170,220,5,1,0,-5,7312,8999,0,660,0,250,187,50,-5,N/A,0,4
170,220,5,1,0,-5,7312,9049,0,660,0,251,187,50,-5,N/A,0,4
170,220,5,1,0,-5,7312,9099,0,660,0,252,187,50,-5,N/A,0,4
170,220,5,1,0,-5,7312,9149,0,660,0,253,187,50,-5,N/A,0,4
170,220,5,1,0,-5,7312,9199,0,660,0,254,187,50,-5,N/A,0,4
170,220,5,1,0,-5,7312,9249,0,660,0,255,187,50,-5,N/A,0,4
170,220,5,1,0,-5,7312,9299,0,660,0,0,187,50,-5,N/A,0,4
170,220,6,1,0,-5,9312,9349,0,660,0,1,187,50,-5,N/A,0,4
170,220,6,1,0,-3,9312,9399,0,660,0,2,187,50,-5,N/A,0,4
170,220,6,1,0,-3,9312,9449,0,660,0,3,187,50,-3,N/A,0,4
170,220,6,1,0,-3,9312,9499,0,660,0,4,187,50,-3,N/A,0,4
170,220,6,1,0,-3,9312,9549,0,660,0,5,187,50,-3,N/A,0,4
170,220,6,1,0,-4,9312,9599,0,660,0,6,187,50,-3,N/A,0,4
170,220,6,1,0,-4,9312,9649,0,660,0,7,187,50,-4,N/A,0,4
170,220,6,1,0,-4,9312,9699,0,660,0,8,187,50,-4,N/A,0,4
170,220,6,1,0,-4,9312,9749,0,660,0,9,187,50,-4,N/A,0,4
170,220,6,1,0,-4,9312,9799,0,660,0,10,187,50,-4,N/A,0,4
170,220,6,1,0,-4,9312,9849,0,660,0,11,187,50,-4,N/A,0,4
170,220,6,1,0,-4,9312,9899,0,660,0,12,187,50,-4,N/A,0,4
170,220,6,1,0,-4,9312,9949,0,660,0,13,187,50,-4,N/A,0,4
170,220,6,1,0,-4,9312,9999,0,660,0,14,187,50,-4,N/A,0,4
170,220,6,1,0,-5,9312,10049,0,660,0,15,187,50,-4,N/A,0,4
170,220,6,1,0,-5,9312,10099,0,660,0,16,187,50,-5,N/A,0,4
170,220,6,1,0,-5,9312,10149,0,660,0,17,187,50,-5,N/A,0,4
170,220,6,1,0,-5,9312,10199,0,660,0,18,187,50,-5,N/A,0,4
170,220,6,1,0,-5,9312,10249,0,660,0,19,187,50,-5,N/A,0,4
170,220,6,1,0,-5,9312,10299,0,660,0,20,187,50,-5,N/A,0,4
170,220,6,1,0,-2,9312,10349,0,660,0,21,187,50,-5,N/A,0,4
170,220,6,1,0,-1,9312,10399,0,660,0,22,187,50,-2,N/A,0,4
170,220,6,1,0,0,9312,10449,0,660,0,23,187,50,-1,N/A,0,4
170,220,6,1,1,3,9312,10499,10449,710,641,24,187,50,3,RISK,64388,5
170,220,6,1,0,3,9312,10549,0,710,0,25,187,50,3,N/A,0,5
170,220,6,1,0,8,9312,10599,0,710,0,26,187,50,3,N/A,0,5
170,220,6,1,0,7,9312,10649,0,710,0,27,187,50,8,N/A,0,5
170,220,6,1,0,9,9312,10699,0,710,0,28,187,50,7,N/A,0,5
170,220,6,1,0,11,9312,10749,0,710,0,29,187,50,9,N/A,0,5
170,220,6,1,0,13,9312,10799,0,710,0,30,187,50,11,N/A,0,5
170,220,6,1,0,14,9312,10849,0,710,0,31,187,50,13,N/A,0,5
170,220,6,1,0,16,9312,10899,0,710,0,32,187,50,14,N/A,0,5
170,220,6,1,0,17,9312,10949,0,710,0,33,187,50,16,N/A,0,5
170,220,6,1,0,19,9312,10999,0,710,0,34,187,50,17,N/A,0,5
170,220,6,1,0,21,9312,11049,0,710,0,35,187,50,19,N/A,0,5
170,220,6,1,0,23,9312,11099,0,710,0,36,187,50,21,N/A,0,5
170,220,6,1,0,24,9312,11149,0,710,0,37,187,50,23,N/A,0,5
170,220,1,1,0,37,11162,11199,0,710,0,38,187,50,24,N/A,0,5
170,220,1,1,0,35,11162,11249,0,710,0,39,187,50,37,N/A,0,5
170,220,1,1,0,33,11162,11299,0,710,0,40,187,50,35,N/A,0,5
170,220,1,1,0,31,11162,11349,0,710,0,41,187,50,33,N/A,0,5
170,220,1,1,0,30,11162,11399,0,710,0,42,187,50,31,N/A,0,5
170,220,1,1,0,28,11162,11449,0,710,0,43,187,50,30,N/A,0,5
170,220,1,1,0,26,11162,11499,0,710,0,44,187,50,28,N/A,0,5
170,220,1,1,0,24,11162,11549,0,710,0,45,187,50,26,N/A,0,5
170,220,1,1,0,21,11162,11599,0,710,0,46,187,50,24,N/A,0,5
170,220,1,1,0,20,11162,11649,0,710,0,47,187,50,21,N/A,0,5
170,220,1,1,0,19,11162,11699,0,710,0,48,187,50,20,N/A,0,5
170,220,1,1,0,17,11162,11749,0,710,0,49,187,50,19,N/A,0,5
170,220,1,1,0,16,11162,11799,0,710,0,50,187,50,17,N/A,0,5
170,220,1,1,0,14,11162,11849,0,710,0,51,187,50,16,N/A,0,5
170,220,1,1,0,12,11162,11899,0,710,0,52,187,50,14,N/A,0,5
170,220,1,1,0,10,11162,11949,0,710,0,53,187,50,12,N/A,0,5
170,220,1,1,0,9,11162,11999,0,710,0,54,187,50,10,N/A,0,5
170,220,1,1,0,8,11162,12049,0,710,0,55,187,50,9,N/A,0,5
170,220,1,1,0,6,11162,12099,0,710,0,56,187,50,8,N/A,0,5
170,220,1,1,0,5,11162,12149,0,710,0,57,187,50,6,N/A,0,5
170,220,1,1,0,3,11162,12199,0,710,0,58,187,50,5,N/A,0,5
170,220,1,1,0,1,11162,12249,0,710,0,59,187,50,3,N/A,0,5
170,220,1,1,1,-1,11162,12299,12274,760,716,60,187,50,1,RISK,2842,6
170,220,1,1,0,-2,11162,12349,0,760,0,61,187,50,-1,N/A,0,6
170,220,1,1,0,-3,11162,12399,0,760,0,62,187,50,-2,N/A,0,6
170,220,1,1,0,-4,11162,12449,0,760,0,63,187,50,-3,N/A,0,6
170,220,1,1,0,-6,11162,12499,0,760,0,64,187,50,-4,N/A,0,6
170,220,1,1,0,-6,11162,12549,0,760,0,65,187,50,-6,N/A,0,6
170,220,1,1,0,-7,11162,12599,0,760,0,66,187,50,-6,N/A,0,6
170,220,1,1,0,-6,11162,12649,0,760,0,67,187,50,-7,N/A,0,6
170,220,1,1,0,-5,11162,12699,0,760,0,68,187,50,-6,N/A,0,6
170,220,1,1,0,-5,11162,12749,0,760,0,69,187,50,-5,N/A,0,6
170,220,1,1,0,-5,11162,12799,0,760,0,70,187,50,-5,N/A,0,6
170,220,1,1,0,-5,11162,12849,0,760,0,71,187,50,-5,N/A,0,6
170,220,1,1,0,-5,11162,12899,0,760,0,72,187,50,-5,N/A,0,6
170,220,1,1,0,-5,11162,12949,0,760,0,73,187,50,-5,N/A,0,6
170,220,1,1,0,-5,11162,12999,0,760,0,74,187,50,-5,N/A,0,6
170,220,2,1,0,-4,13037,13099,0,760,0,75,187,100,-5,N/A,0,6
170,220,2,1,0,-4,13037,13149,0,760,0,76,187,50,-4,N/A,0,6
170,220,2,1,0,-4,13037,13199,0,760,0,77,187,50,-4,N/A,0,6
170,220,2,1,0,-4,13037,13249,0,760,0,78,187,50,-4,N/A,0,6
170,220,2,1,0,-4,13037,13299,0,760,0,79,187,50,-4,N/A,0,6
170,220,2,1,0,-4,13037,13349,0,760,0,80,187,50,-4,N/A,0,6
170,220,2,1,0,-4,13037,13399,0,760,0,81,187,50,-4,N/A,0,6
170,220,2,1,0,-5,13037,13449,0,760,0,82,187,50,-4,N/A,0,6
170,220,2,1,0,-4,13037,13499,0,760,0,83,187,50,-5,N/A,0,6
170,220,2,1,0,-5,13037,13549,0,760,0,84,187,50,-4,N/A,0,6
170,220,2,1,0,-6,13037,13599,0,760,0,85,187,50,-5,N/A,0,6
170,220,2,1,0,-5,13037,13649,0,760,0,86,187,50,-6,N/A,0,6
170,220,2,1,0,-5,13037,13699,0,760,0,87,187,50,-5,N/A,0,6
170,220,2,1,0,-5,13037,13749,0,760,0,88,187,50,-5,N/A,0,6
170,220,2,1,0,-5,13037,13799,0,760,0,89,187,50,-5,N/A,0,6
170,220,2,1,0,-5,13037,13849,0,760,0,90,187,50,-5,N/A,0,6
170,220,2,1,0,-5,13037,13899,0,760,0,91,187,50,-5,N/A,0,6
170,220,2,1,0,-5,13037,13949,0,760,0,92,187,50,-5,N/A,0,6
170,220,2,1,0,-5,13037,13999,0,760,0,93,187,50,-5,N/A,0,6
170,220,2,1,0,-6,13037,14049,0,760,0,94,187,50,-5,N/A,0,6
170,220,2,1,0,-5,13037,14099,0,760,0,95,187,50,-6,N/A,0,6
170,220,2,1,0,-4,13037,14149,0,760,0,96,187,50,-5,N/A,0,6
170,220,2,1,0,-2,13037,14199,0,760,0,97,187,50,-4,N/A,0,6
170,220,2,1,0,-1,13037,14249,0,760,0,98,187,50,-2,N/A,0,6
170,220,2,1,0,1,13037,14299,14274,760,9997,99,187,50,-1,N/A,0,6
