cycle_idx,step,ccr,raw_e_rpm,filtered_e_rpm,step_period_us,offset_avg_us,zc_duration_us,zc_pos_pct,diff_us,status,risk_streak,max_risk
1916,2,220,8759.1,8717.8,1170,28,590,50.4,26,VALID,0,2
1916,3,220,8695.7,8715.6,1194,44,603,50.5,38,VALID,0,3
1916,4,220,8707.0,8714.8,1114,-34,546,49.0,10,VALID,0,3
1916,5,220,8693.1,8712.6,1139,-11,570,50.0,7,VALID,0,2
1917,6,220,8731.1,8714.4,1115,-30,553,49.6,22,VALID,0,3
1917,1,220,8664.3,8709.4,1193,38,608,51.0,38,VALID,0,5
1917,2,220,8683.1,8706.8,1155,3,575,49.8,15,VALID,0,2
1917,3,220,8631.9,8699.3,1235,76,630,51.0,27,VALID,0,3
1917,4,220,8712.1,8700.6,1050,-97,495,47.1,51,RISK,1,3
1917,5,220,8673.0,8697.8,1170,17,595,50.9,25,VALID,0,2
1918,6,220,8684.3,8696.5,1106,-45,545,49.3,8,VALID,0,3
1918,1,220,8720.9,8698.9,1164,17,589,50.6,19,VALID,0,5
1918,2,220,8670.5,8696.1,1195,41,605,50.6,30,VALID,0,2
1918,3,220,8759.1,8702.4,1165,23,580,49.8,50,VALID,0,3
1918,4,220,8668.0,8698.9,1122,-31,553,49.3,58,RISK,2,3
1918,5,220,8700.7,8699.1,1144,-5,573,50.1,22,VALID,0,2
1919,6,220,8676.8,8696.9,1125,-27,559,49.7,14,VALID,0,3
1919,1,220,8683.1,8695.5,1159,7,584,50.4,5,VALID,0,5
1919,2,220,8702.0,8696.1,1180,30,595,50.4,10,VALID,0,2
1919,3,220,8661.8,8692.7,1197,42,603,50.4,23,VALID,0,3
1919,4,220,8698.2,8693.3,1093,-56,531,48.6,22,VALID,0,3
1919,5,220,8722.2,8696.2,1125,-21,563,50.0,10,VALID,0,2
1920,6,220,8689.4,8695.5,1151,0,580,50.4,21,VALID,0,3
1920,1,220,8676.8,8693.6,1169,16,589,50.4,5,VALID,0,5
1920,2,220,8683.1,8692.5,1175,23,590,50.2,5,VALID,0,2
1920,3,220,8727.3,8696.0,1162,16,580,49.9,23,VALID,0,3
1920,4,220,8655.5,8692.0,1150,-5,573,49.8,42,VALID,0,3
1920,5,220,8668.0,8689.6,1115,-38,551,49.4,12,VALID,0,2
1921,6,220,8693.1,8689.9,1131,-19,566,50.0,14,VALID,0,3
1921,1,220,8681.8,8689.1,1178,26,597,50.7,8,VALID,0,5
1921,2,220,8683.1,8688.5,1174,22,589,50.2,1,VALID,0,2
1921,3,220,8669.3,8686.6,1173,19,587,50.0,7,VALID,0,3
1921,4,220,8715.9,8689.5,1113,-34,547,49.1,26,VALID,0,3
1921,5,220,8636.8,8684.2,1178,20,597,50.7,46,VALID,0,2
1922,6,220,8727.3,8688.5,1059,-86,512,48.3,54,RISK,1,3
1922,1,220,8710.8,8690.8,1191,43,612,51.4,15,VALID,0,5
1922,2,220,8670.5,8688.7,1206,52,611,50.7,22,VALID,0,2
1922,3,220,8686.8,8688.6,1160,8,575,49.6,12,VALID,0,3
1922,4,220,8690.6,8688.8,1110,-40,545,49.1,2,VALID,0,3
1922,5,220,8746.4,8694.5,1134,-9,568,50.1,29,VALID,0,2
1923,6,220,8626.9,8687.8,1154,-5,581,50.3,69,RISK,2,3
1923,1,220,8694.4,8688.4,1137,-13,567,49.9,45,VALID,0,5
1923,2,220,8740.0,8693.6,1170,25,590,50.4,21,VALID,0,2
1923,3,220,8683.1,8692.5,1205,53,610,50.6,35,VALID,0,3
1923,4,220,8695.7,8692.8,1100,-50,535,48.6,10,VALID,0,3
1923,5,220,8681.8,8691.7,1145,-6,575,50.2,7,VALID,0,2
1924,6,220,8736.2,8696.2,1111,-33,550,49.5,31,VALID,0,3
1924,1,220,8670.5,8693.6,1189,35,606,51.0,39,VALID,0,5
1924,2,220,8686.8,8692.9,1157,5,577,49.9,13,VALID,0,2
1924,3,220,8747.6,8698.4,1157,13,578,50.0,32,VALID,0,3
1924,4,220,8689.4,8697.5,1146,-4,571,49.8,36,VALID,0,3
1924,5,220,8693.1,8697.1,1142,-8,570,49.9,5,VALID,0,2
1925,6,220,8695.7,8696.9,1109,-41,548,49.4,2,VALID,0,3
1925,1,220,8731.1,8700.3,1161,15,587,50.6,19,VALID,0,5
1925,2,220,8648.0,8695.1,1223,66,624,51.0,47,VALID,0,2
1925,3,220,8660.5,8691.6,1147,-7,565,49.3,13,VALID,0,3
1925,4,220,8720.9,8694.6,1098,-48,538,49.0,33,VALID,0,3
1925,5,220,8683.1,8693.4,1172,20,595,50.8,25,VALID,0,2
1926,6,220,8680.6,8692.1,1111,-41,548,49.3,0,VALID,0,3
1926,1,220,8679.3,8690.9,1162,9,587,50.5,0,VALID,0,5
1926,2,220,8747.6,8696.5,1169,25,588,50.3,36,VALID,0,2
1926,3,220,8663.0,8693.2,1214,59,616,50.7,51,RISK,1,3
1926,4,220,8668.0,8690.7,1094,-59,530,48.4,8,VALID,0,3
1926,5,220,8729.8,8694.6,1123,-22,561,50.0,34,VALID,0,2
1927,6,220,8689.4,8694.1,1143,-7,575,50.3,27,VALID,0,3
1927,1,220,8671.8,8691.8,1176,22,595,50.6,8,VALID,0,5
1927,2,220,8653.0,8687.9,1184,28,596,50.3,8,VALID,0,2
1927,3,220,8684.3,8687.6,1189,37,597,50.2,19,VALID,0,3
1927,4,220,8683.1,8687.1,1095,-56,533,48.7,3,VALID,0,3
1927,5,220,8651.8,8683.6,1148,-7,578,50.3,17,VALID,0,2
1928,6,220,8673.0,8682.5,1126,-27,560,49.7,15,VALID,0,3
1928,1,220,8670.5,8681.3,1178,24,597,50.7,2,VALID,0,5
1928,2,220,8689.4,8682.1,1169,18,586,50.1,10,VALID,0,2
1928,3,220,8702.0,8684.1,1179,29,592,50.2,5,VALID,0,3
1928,4,220,8695.7,8685.3,1100,-50,538,48.9,5,VALID,0,3
1928,5,220,8653.0,8682.0,1182,26,601,50.8,23,VALID,0,2
1929,6,220,8676.8,8681.5,1107,-45,544,49.1,16,VALID,0,3
1929,1,220,8712.1,8684.6,1150,2,579,50.3,18,VALID,0,5
1929,2,220,8669.3,8683.0,1203,49,612,50.9,26,VALID,0,2
1929,3,220,8679.3,8682.7,1171,18,584,49.9,8,VALID,0,3
1929,4,220,8609.6,8675.4,1156,-5,575,49.7,37,VALID,0,3
1929,5,220,8727.3,8680.6,1088,-57,532,48.9,69,RISK,1,2
1930,6,220,8655.5,8678.0,1164,8,591,50.8,47,VALID,0,3
1930,1,220,8671.8,8677.4,1137,-16,567,49.9,12,VALID,0,5
1930,2,220,8708.3,8680.5,1174,25,593,50.5,19,VALID,0,2
1930,3,220,8673.0,8679.8,1199,46,606,50.5,22,VALID,0,3
1930,4,220,8726.0,8684.4,1114,-32,545,48.9,30,VALID,0,3
1930,5,220,8665.5,8682.5,1136,-18,568,50.0,36,VALID,0,2
1931,6,220,8702.0,8684.4,1135,-14,567,50.0,24,VALID,0,3
1931,1,220,8624.4,8678.4,1199,39,610,50.9,43,VALID,0,5
1931,2,220,8649.3,8675.5,1154,-2,573,49.7,20,VALID,0,2
1931,3,220,8699.4,8677.9,1159,9,579,50.0,27,VALID,0,3
1931,4,220,8660.5,8676.2,1145,-9,570,49.8,25,VALID,0,3
1931,5,220,8649.3,8673.5,1145,-11,572,50.0,4,VALID,0,2
1932,6,220,8686.8,8674.8,1105,-46,545,49.3,22,VALID,0,3
1932,1,220,8745.1,8681.8,1153,9,582,50.5,28,VALID,0,5
1932,2,220,8664.3,8680.1,1218,63,622,51.1,49,VALID,0,2
1932,3,220,8674.3,8679.5,1151,-1,569,49.4,10,VALID,0,3
1932,4,220,8724.7,8684.0,1105,-41,543,49.1,27,VALID,0,3
1932,5,220,8702.0,8685.8,1163,13,588,50.6,16,VALID,0,2
1933,6,220,8707.0,8687.9,1101,-47,542,49.2,3,VALID,0,3
1933,1,220,8666.8,8685.8,1185,31,604,51.0,22,VALID,0,5
1933,2,220,8722.2,8689.5,1174,27,589,50.2,33,VALID,0,2
1933,3,220,8689.4,8689.4,1177,26,590,50.1,21,VALID,0,3
1933,4,220,8670.5,8687.6,1120,-33,551,49.2,8,VALID,0,3
1933,5,220,8723.5,8691.1,1121,-25,558,49.8,30,VALID,0,2
1934,6,220,8684.3,8690.5,1132,-19,567,50.1,25,VALID,0,3
1934,1,220,8722.2,8693.6,1155,8,582,50.4,22,VALID,0,5
1934,2,220,8688.1,8693.1,1201,50,610,50.8,21,VALID,0,2
1934,3,220,8723.5,8696.1,1149,2,569,49.5,21,VALID,0,3
1934,4,220,8710.8,8697.6,1130,-18,560,49.6,9,VALID,0,3
1934,5,220,8690.6,8696.9,1137,-13,568,50.0,10,VALID,0,2
1935,6,220,8731.1,8700.3,1100,-45,543,49.4,24,VALID,0,3
1935,1,220,8695.7,8699.8,1183,33,603,51.0,21,VALID,0,5
1935,2,220,8738.7,8703.7,1167,22,585,50.1,25,VALID,0,2
1935,3,220,8718.4,8705.2,1165,18,583,50.0,14,VALID,0,3
1935,4,220,8754.0,8710.1,1102,-40,541,49.1,19,VALID,0,3
1935,5,220,8707.0,8709.8,1174,25,596,50.8,28,VALID,0,2
1936,6,220,8707.0,8709.5,1100,-48,540,49.1,3,VALID,0,3
1936,1,220,8755.3,8714.1,1145,2,577,50.4,26,VALID,0,5
1936,2,220,8720.9,8714.8,1194,47,607,50.8,22,VALID,0,2
1936,3,220,8717.1,8715.0,1168,20,583,49.9,0,VALID,0,3
1936,4,220,8707.0,8714.2,1110,-38,545,49.1,4,VALID,0,3
1936,5,220,8773.2,8720.1,1122,-17,560,49.9,36,VALID,0,2
1937,6,220,8702.0,8718.3,1156,6,583,50.4,43,VALID,0,3
1937,1,220,8693.1,8715.8,1152,1,577,50.1,0,VALID,0,5
1937,2,220,8740.0,8718.2,1157,12,580,50.1,27,VALID,0,2
1937,3,220,8670.5,8713.4,1223,69,623,50.9,40,VALID,0,3
1937,4,220,8737.4,8715.8,1057,-87,505,47.8,40,VALID,0,3
1937,5,220,8691.9,8713.4,1158,7,588,50.8,28,VALID,0,2
1938,6,220,8752.7,8717.4,1108,-34,548,49.5,35,VALID,0,3
1938,1,220,8713.3,8717.0,1183,35,602,50.9,25,VALID,0,5
1938,2,220,8705.7,8715.8,1163,14,582,50.0,2,VALID,0,2
1938,3,220,8813.2,8725.6,1139,4,566,49.7,57,RISK,1,3
1938,4,220,8656.8,8718.7,1180,24,596,50.5,91,RISK,1,3
1938,5,220,8714.6,8718.3,1112,-35,547,49.2,41,VALID,0,2
1939,6,220,8714.6,8717.9,1108,-39,550,49.6,2,VALID,0,3
1939,1,220,8757.8,8721.9,1149,7,580,50.5,22,VALID,0,5
1939,2,220,8696.9,8719.4,1211,61,618,51.0,36,VALID,0,2
1939,3,220,8681.8,8715.6,1151,0,570,49.5,4,VALID,0,3
1939,4,220,8771.9,8721.3,1109,-31,546,49.2,50,VALID,0,3
1939,5,220,8722.2,8721.4,1151,4,580,50.4,33,VALID,0,2
1940,6,220,8688.1,8718.0,1135,-16,566,49.9,16,VALID,0,3
1940,1,220,8693.1,8715.5,1145,-5,574,50.1,6,VALID,0,5
1940,2,220,8742.5,8718.2,1172,28,591,50.4,27,VALID,0,2
1940,3,220,8679.3,8714.4,1201,48,607,50.5,37,VALID,0,3
1940,4,220,8676.8,8710.6,1111,-41,543,48.9,3,VALID,0,3
1940,5,220,8717.1,8711.2,1119,-28,557,49.8,23,VALID,0,2
1941,6,220,8710.8,8711.2,1140,-8,573,50.3,7,VALID,0,3
1941,1,220,8689.4,8709.0,1162,11,586,50.4,12,VALID,0,5
1941,2,220,8686.8,8706.8,1174,22,591,50.3,0,VALID,0,2
1941,3,220,8723.5,8708.5,1172,25,587,50.1,20,VALID,0,3
1941,4,220,8686.8,8706.3,1140,-11,565,49.6,22,VALID,0,3
1941,5,220,8695.7,8705.2,1112,-38,550,49.5,7,VALID,0,2
1942,6,220,8736.2,8708.3,1108,-36,551,49.7,22,VALID,0,3
1942,1,220,8724.7,8710.0,1171,24,595,50.8,9,VALID,0,5
1942,2,220,8690.6,8708.0,1201,50,609,50.7,18,VALID,0,2
1942,3,220,8715.9,8708.8,1152,4,571,49.6,16,VALID,0,3
1942,4,220,8764.2,8714.4,1102,-39,541,49.1,24,VALID,0,3
1942,5,220,8679.3,8710.9,1179,26,599,50.8,49,VALID,0,2
1943,6,220,8691.9,8709.0,1098,-52,538,49.0,13,VALID,0,3
1943,1,220,8745.1,8712.6,1129,-14,566,50.1,29,VALID,0,5
1943,2,220,8707.0,8712.0,1231,82,633,51.4,24,VALID,0,2
1943,3,220,8700.7,8710.9,1157,7,572,49.4,1,VALID,0,3
1943,4,220,8671.8,8707.0,1125,-28,555,49.3,14,VALID,0,3
1943,5,220,8759.1,8712.2,1110,-31,550,49.5,49,VALID,0,2
1944,6,220,8678.0,8708.8,1162,9,588,50.6,50,VALID,0,3
1944,1,220,8650.5,8702.9,1151,-5,576,50.0,10,VALID,0,5
1944,2,220,8743.8,8707.0,1157,13,580,50.1,53,RISK,1,2
1944,3,220,8685.6,8704.9,1203,51,610,50.7,38,VALID,0,3
1944,4,220,8695.7,8704.0,1117,-33,547,49.0,8,VALID,0,3
1944,5,220,8676.8,8701.2,1125,-27,560,49.8,10,VALID,0,2
1945,6,220,8734.9,8704.6,1116,-28,555,49.7,33,VALID,0,3
1945,1,220,8680.6,8702.2,1194,42,609,51.0,33,VALID,0,5
1945,2,220,8651.8,8697.2,1180,24,592,50.2,12,VALID,0,2
1945,3,220,8748.9,8702.3,1126,-17,555,49.3,55,RISK,1,3
1945,4,220,8696.9,8701.8,1158,8,582,50.3,35,VALID,0,3
1945,5,220,8691.9,8700.8,1129,-21,561,49.7,1,VALID,0,2
1946,6,220,8695.7,8700.3,1113,-37,552,49.6,3,VALID,0,3
1946,1,220,8747.6,8705.0,1153,9,582,50.5,27,VALID,0,5
1946,2,220,8710.8,8705.6,1209,61,616,51.0,24,VALID,0,2
1946,3,220,8645.5,8699.6,1178,21,588,49.9,33,VALID,0,3
1946,4,220,8756.6,8705.3,1070,-72,517,48.3,65,RISK,1,3
1946,5,220,8698.2,8704.6,1175,25,599,51.0,38,VALID,0,2
1947,6,220,8689.4,8703.1,1120,-30,554,49.5,2,VALID,0,3
1947,1,220,8695.7,8702.3,1148,-2,577,50.3,5,VALID,0,5
1947,2,220,8742.5,8706.3,1172,28,591,50.4,25,VALID,0,2
1947,3,220,8719.7,8707.7,1196,49,604,50.5,16,VALID,0,3
1947,4,220,8674.3,8704.3,1106,-46,540,48.8,23,VALID,0,3
1947,5,220,8736.2,8707.5,1126,-18,562,49.9,37,VALID,0,2
1948,6,220,8722.2,8709.0,1131,-15,566,50.0,12,VALID,0,3
1948,1,220,8688.1,8706.9,1175,24,595,50.6,18,VALID,0,5
1948,2,220,8694.4,8705.6,1167,16,585,50.1,6,VALID,0,2
1948,3,220,8733.6,8708.4,1165,20,583,50.0,21,VALID,0,3
1948,4,220,8686.8,8706.3,1143,-8,568,49.7,28,VALID,0,3
1948,5,220,8675.5,8703.2,1135,-17,565,49.8,3,VALID,0,2
1949,6,220,8719.7,8704.9,1096,-50,540,49.3,26,VALID,0,3
1949,1,220,8684.3,8702.8,1203,51,617,51.3,22,VALID,0,5
1949,2,220,8688.1,8701.3,1164,13,581,49.9,4,VALID,0,2
1949,3,220,8679.3,8699.1,1172,19,587,50.1,4,VALID,0,3
1949,4,220,8720.9,8701.3,1110,-36,545,49.1,23,VALID,0,3
1949,5,220,8707.0,8701.9,1146,-2,576,50.3,11,VALID,0,2
1950,6,220,8653.0,8697.0,1139,-16,569,50.0,29,VALID,0,3
1950,1,220,8732.4,8700.5,1140,-5,570,50.0,47,VALID,0,5
1950,2,220,8686.8,8699.2,1200,48,610,50.8,29,VALID,0,2
1950,3,220,8695.7,8698.8,1165,15,580,49.8,7,VALID,0,3
1950,4,220,8695.7,8698.5,1110,-40,545,49.1,0,VALID,0,3
1950,5,220,8696.9,8698.3,1145,-4,575,50.2,1,VALID,0,2
1951,6,220,8755.3,8704.0,1093,-49,538,49.2,31,VALID,0,3
1951,1,220,8694.4,8703.1,1188,37,607,51.1,37,VALID,0,5
1951,2,220,8746.4,8707.4,1159,15,579,50.0,31,VALID,0,2
1951,3,220,8699.4,8706.6,1202,52,608,50.6,28,VALID,0,3
1951,4,220,8707.0,8706.6,1104,-44,538,48.7,7,VALID,0,3
1951,5,220,8708.3,8706.8,1144,-4,574,50.2,1,VALID,0,2
1952,6,220,8704.5,8706.6,1096,-52,540,49.3,2,VALID,0,3
1952,1,220,8719.7,8707.9,1176,29,599,50.9,8,VALID,0,5
1952,2,220,8686.8,8705.8,1185,33,598,50.5,19,VALID,0,2
1952,3,220,8768.1,8712.0,1138,-2,563,49.5,45,VALID,0,3
1952,4,220,8728.5,8713.7,1135,-10,565,49.8,27,VALID,0,3
1952,5,220,8733.6,8715.7,1140,-5,570,50.0,4,VALID,0,2
1953,6,220,8699.4,8714.0,1123,-26,558,49.7,18,VALID,0,3
1953,1,220,8754.0,8718.0,1133,-9,567,50.0,32,VALID,0,5
1953,2,220,8720.9,8718.3,1211,64,619,51.1,21,VALID,0,2
1953,3,220,8703.2,8716.8,1152,3,571,49.6,8,VALID,0,3
1953,4,220,8745.1,8719.6,1102,-41,541,49.1,24,VALID,0,3
1953,5,220,8709.5,8718.6,1168,19,592,50.7,22,VALID,0,2
1954,6,220,8719.7,8718.7,1115,-31,551,49.4,7,VALID,0,3
1954,1,220,8713.3,8718.2,1138,-9,571,50.2,4,VALID,0,5
1954,2,220,8733.6,8719.7,1195,50,608,50.9,11,VALID,0,2
1954,3,220,8694.4,8717.2,1183,32,593,50.1,22,VALID,0,3
1954,4,220,8685.6,8714.0,1109,-42,543,49.0,2,VALID,0,3
1954,5,220,8745.1,8717.1,1121,-22,559,49.9,33,VALID,0,2
1955,6,220,8718.4,8717.3,1136,-11,570,50.2,19,VALID,0,3
1955,1,220,8683.1,8713.8,1166,14,589,50.5,18,VALID,0,5
1955,2,220,8727.3,8715.2,1160,14,581,50.1,27,VALID,0,2
1955,3,220,8694.4,8713.1,1209,58,613,50.7,20,VALID,0,3
1955,4,220,8717.1,8713.5,1091,-56,529,48.5,14,VALID,0,3
1955,5,220,8686.8,8710.8,1145,-6,576,50.3,17,VALID,0,2
1956,6,220,8732.4,8713.0,1100,-45,543,49.4,27,VALID,0,3
1956,1,220,8729.8,8714.7,1168,22,593,50.8,4,VALID,0,5
1956,2,220,8670.5,8710.3,1207,53,613,50.8,32,VALID,0,2
1956,3,220,8746.4,8713.9,1149,5,568,49.4,45,VALID,0,3
1956,4,220,8712.1,8713.7,1118,-29,552,49.4,23,VALID,0,3
1956,5,220,8685.6,8710.9,1166,14,589,50.5,13,VALID,0,2
1957,6,220,8680.6,8707.8,1104,-48,543,49.2,0,VALID,0,3
1957,1,220,8723.5,8709.4,1134,-12,569,50.2,24,VALID,0,5
1957,2,220,8713.3,8709.8,1215,67,622,51.2,9,VALID,0,2
1957,3,220,8703.2,8709.1,1157,8,574,49.6,6,VALID,0,3
1957,4,220,8695.7,8707.8,1124,-26,555,49.4,3,VALID,0,3
1957,5,220,8741.3,8711.1,1130,-14,564,49.9,25,VALID,0,2
1958,6,220,8696.9,8709.7,1139,-10,571,50.1,28,VALID,0,3
1958,1,220,8668.0,8705.5,1157,3,582,50.3,13,VALID,0,5
1958,2,220,8726.0,8707.6,1169,23,588,50.3,34,VALID,0,2
1958,3,220,8673.0,8704.1,1199,46,606,50.5,32,VALID,0,3
1958,4,220,8681.8,8701.9,1117,-34,547,49.0,8,VALID,0,3
1958,5,220,8694.4,8701.2,1120,-30,557,49.7,7,VALID,0,2
1959,6,220,8698.2,8700.9,1136,-13,570,50.2,1,VALID,0,3
1959,1,220,8658.0,8696.6,1189,34,604,50.8,22,VALID,0,5
1959,2,220,8675.5,8694.5,1155,2,575,49.8,13,VALID,0,2
1959,3,220,8724.7,8697.5,1160,13,580,50.0,26,VALID,0,3
1959,4,220,8670.5,8694.8,1160,6,580,50.0,33,VALID,0,3
1959,5,220,8639.3,8689.2,1145,-12,570,49.8,13,VALID,0,2
1960,6,220,8741.3,8694.4,1055,-89,511,48.4,59,RISK,1,3
1960,1,220,8700.7,8695.1,1221,71,633,51.8,29,VALID,0,5
1960,2,220,8654.3,8691.0,1192,36,599,50.3,24,VALID,0,2
1960,3,220,8643.0,8686.2,1169,12,582,49.8,2,VALID,0,3
1960,4,220,8718.4,8689.4,1100,-47,538,48.9,42,VALID,0,3
1960,5,220,8671.8,8687.7,1182,28,601,50.8,31,VALID,0,2
1961,6,220,8603.4,8679.2,1110,-52,546,49.2,35,VALID,0,3
1961,1,220,8659.3,8677.2,1176,21,596,50.7,37,VALID,0,5
1961,2,220,8686.8,8678.2,1170,18,587,50.2,12,VALID,0,2
1961,3,220,8640.6,8674.4,1206,48,610,50.6,28,VALID,0,3
1961,4,220,8645.5,8671.5,1096,-60,532,48.5,6,VALID,0,3
1961,5,220,8671.8,8671.6,1161,7,586,50.5,15,VALID,0,2
1962,6,220,8645.5,8669.0,1131,-25,562,49.7,16,VALID,0,3
1962,1,220,8670.5,8669.1,1156,2,581,50.3,15,VALID,0,5
1962,2,220,8624.4,8664.6,1207,47,613,50.8,26,VALID,0,2
1962,3,220,8686.8,8666.9,1156,4,573,49.6,37,VALID,0,3
1962,4,220,8592.3,8659.4,1172,8,587,50.1,55,RISK,1,3
1962,5,220,8640.6,8657.5,1122,-35,553,49.3,33,VALID,0,2
1963,6,220,8679.3,8659.7,1100,-52,543,49.4,19,VALID,0,3
1963,1,220,8633.1,8657.0,1193,34,610,51.1,29,VALID,0,5
1963,2,220,8653.0,8656.6,1191,35,600,50.4,13,VALID,0,2
1963,3,220,8624.4,8653.4,1179,19,589,50.0,16,VALID,0,3
1963,4,220,8703.2,8658.4,1109,-40,543,49.0,44,VALID,0,3
1963,5,220,8625.6,8655.1,1184,24,601,50.8,48,VALID,0,2
1964,6,220,8628.1,8652.4,1098,-61,537,48.9,6,VALID,0,3
1964,1,220,8664.3,8653.6,1164,9,589,50.6,21,VALID,0,5
1964,2,220,8644.3,8652.7,1207,50,613,50.8,13,VALID,0,2
1964,3,220,8663.0,8653.7,1164,9,578,49.7,11,VALID,0,3
1964,4,220,8644.3,8652.8,1124,-32,554,49.3,11,VALID,0,3
1964,5,220,8703.2,8657.8,1137,-12,568,50.0,33,VALID,0,2
1965,6,220,8630.6,8655.1,1156,-2,581,50.3,44,VALID,0,3
1965,1,220,8648.0,8654.4,1150,-6,575,50.0,14,VALID,0,5
1965,2,220,8665.5,8655.5,1193,39,604,50.6,9,VALID,0,2
1965,3,220,8661.8,8656.1,1167,12,582,49.9,4,VALID,0,3
1965,4,220,8666.8,8657.2,1120,-33,552,49.3,2,VALID,0,3
1965,5,220,8651.8,8656.6,1149,-6,577,50.2,9,VALID,0,2
1966,6,220,8714.6,8662.4,1106,-41,546,49.4,35,VALID,0,3
1966,1,220,8649.3,8661.1,1202,45,615,51.2,40,VALID,0,5
1966,2,220,8671.8,8662.2,1175,21,588,50.0,16,VALID,0,2
1966,3,220,8685.6,8664.5,1156,4,575,49.7,7,VALID,0,3
1966,4,220,8636.8,8661.8,1159,1,579,50.0,27,VALID,0,3
1966,5,220,8660.5,8661.6,1130,-24,560,49.6,17,VALID,0,2
1967,6,220,8654.3,8660.9,1111,-44,550,49.5,4,VALID,0,3
1967,1,220,8693.1,8664.1,1171,20,594,50.7,21,VALID,0,5
1967,2,220,8655.5,8663.3,1205,49,611,50.7,23,VALID,0,2
1967,3,220,8640.6,8661.0,1168,10,581,49.7,6,VALID,0,3
1967,4,220,8719.7,8666.9,1096,-50,535,48.8,44,VALID,0,3
1967,5,220,8671.8,8667.3,1168,14,592,50.7,32,VALID,0,2
1968,6,220,8666.8,8667.3,1115,-38,551,49.4,1,VALID,0,3
1968,1,220,8679.3,8668.5,1161,8,586,50.5,8,VALID,0,5
1968,2,220,8710.8,8672.7,1180,32,595,50.4,16,VALID,0,2
1968,3,220,8577.6,8663.2,1275,109,655,51.4,74,RISK,1,3
1968,4,220,8659.3,8662.8,1030,-124,460,44.7,75,RISK,1,3
1968,5,220,8694.4,8666.0,1140,-10,570,50.0,22,VALID,0,2
1969,6,220,8650.5,8664.4,1150,-6,577,50.2,26,VALID,0,3
1969,1,220,8669.3,8664.9,1146,-7,573,50.0,13,VALID,0,5
1969,2,220,8654.3,8663.8,1192,36,604,50.7,9,VALID,0,2
1969,3,220,8830.0,8680.5,1137,4,562,49.4,93,RISK,2,3
1969,4,220,8626.9,8675.1,1190,30,602,50.6,142,RISK,2,3
1969,5,220,8681.8,8675.8,1096,-55,535,48.8,35,VALID,0,2
1970,6,220,8719.7,8680.2,1120,-26,559,49.9,18,VALID,0,3
1970,1,220,8678.0,8680.0,1179,26,599,50.8,26,VALID,0,5
1970,2,220,8680.6,8680.0,1190,38,600,50.4,4,VALID,0,2
1970,3,220,8659.3,8677.9,1154,0,573,49.7,11,VALID,0,3
1970,4,220,8761.7,8686.3,1109,-32,546,49.2,56,RISK,3,3
1970,5,220,8640.6,8681.7,1192,34,607,50.9,72,RISK,1,2
1971,6,220,8680.6,8681.6,1088,-64,530,48.7,29,VALID,0,3
1971,1,220,8705.7,8684.0,1159,10,587,50.6,12,VALID,0,5
1971,2,220,8714.6,8687.1,1183,35,598,50.5,2,VALID,0,2
1971,3,220,8675.5,8685.9,1185,32,595,50.2,22,VALID,0,3
1971,4,220,8680.6,8685.4,1105,-47,540,48.9,6,VALID,0,3
1971,5,220,8740.0,8690.9,1145,0,575,50.2,32,VALID,0,2
1972,6,220,8659.3,8687.7,1152,-2,578,50.2,48,VALID,0,3
1972,1,220,8683.1,8687.2,1140,-11,568,49.8,19,VALID,0,5
1972,2,220,8702.0,8688.7,1168,18,588,50.3,10,VALID,0,2
1972,3,220,8686.8,8688.5,1197,45,605,50.5,10,VALID,0,3
1972,4,220,8661.8,8685.8,1125,-29,553,49.2,13,VALID,0,3
1972,5,220,8665.5,8683.8,1142,-12,571,50.0,4,VALID,0,2
1973,6,220,8745.1,8689.9,1089,-54,535,49.1,43,VALID,0,3
1973,1,220,8623.2,8683.3,1237,77,640,51.7,72,RISK,1,5
1973,2,220,8650.5,8680.0,1146,-10,565,49.3,23,VALID,0,2
1973,3,220,8708.3,8682.8,1151,2,574,49.9,31,VALID,0,3
1973,4,220,8660.5,8680.6,1163,8,583,50.1,30,VALID,0,3
1973,5,220,8660.5,8678.6,1142,-12,568,49.7,3,VALID,0,2
1974,6,220,8629.4,8673.7,1114,-44,551,49.5,16,VALID,0,3
1974,1,220,8729.8,8679.3,1157,11,584,50.5,56,RISK,2,5
1974,2,220,8646.8,8676.0,1212,55,617,50.9,52,RISK,1,2
1974,3,220,8635.6,8672.0,1160,2,575,49.6,1,VALID,0,3
1974,4,220,8702.0,8675.0,1110,-39,545,49.1,38,VALID,0,3
1974,5,220,8679.3,8675.4,1160,7,585,50.4,17,VALID,0,2
1975,6,220,8655.5,8673.4,1133,-22,563,49.7,12,VALID,0,3
1975,1,220,8675.5,8673.6,1141,-11,571,50.0,13,VALID,0,5
1975,2,220,8708.3,8677.1,1186,37,601,50.7,16,VALID,0,2
1975,3,220,8639.3,8673.3,1215,57,615,50.6,40,VALID,0,3
1975,4,220,8668.0,8672.8,1087,-66,525,48.3,20,VALID,0,3
1975,5,220,8686.8,8674.2,1145,-6,576,50.3,9,VALID,0,2
1976,6,220,8668.0,8673.6,1148,-5,576,50.2,13,VALID,0,3
1976,1,220,8644.3,8670.6,1160,3,583,50.3,12,VALID,0,5
1976,2,220,8660.5,8669.6,1173,18,590,50.3,11,VALID,0,2
1976,3,220,8733.6,8676.0,1157,12,577,49.9,38,VALID,0,3
1976,4,220,8641.8,8672.6,1160,2,580,50.0,55,RISK,1,3
1976,5,220,8664.3,8671.8,1127,-27,558,49.5,18,VALID,0,2
1977,6,220,8724.7,8677.1,1100,-46,543,49.4,33,VALID,0,3
1977,1,220,8690.6,8678.4,1187,36,606,51.1,23,VALID,0,5
1977,2,220,8644.3,8675.0,1210,53,613,50.7,23,VALID,0,2
1977,3,220,8675.5,8675.1,1132,-20,556,49.1,21,VALID,0,3
1977,4,220,8746.4,8682.2,1104,-39,544,49.3,36,VALID,0,3
1977,5,220,8683.1,8682.3,1177,25,598,50.8,40,VALID,0,2
1978,6,220,8671.8,8681.2,1109,-44,546,49.2,3,VALID,0,3
1978,1,220,8728.5,8686.0,1142,-3,574,50.3,32,VALID,0,5
1978,2,220,8723.5,8689.7,1214,67,620,51.1,7,VALID,0,2
1978,3,220,8683.1,8689.0,1164,12,578,49.7,22,VALID,0,3
1978,4,220,8676.8,8687.8,1109,-43,544,49.1,0,VALID,0,3
1978,5,220,8736.2,8692.7,1130,-14,565,50.0,33,VALID,0,2
1979,6,220,8670.5,8690.4,1161,7,585,50.4,39,VALID,0,3
1979,1,220,8675.5,8689.0,1138,-14,567,49.8,7,VALID,0,5
1979,2,220,8728.5,8692.9,1172,26,591,50.4,29,VALID,0,2
1979,3,220,8613.3,8684.9,1256,95,644,51.3,66,RISK,1,3
1979,4,220,8686.8,8685.1,1050,-101,488,46.5,56,RISK,1,3
1979,5,220,8668.0,8683.4,1145,-8,576,50.3,11,VALID,0,2
1980,6,220,8745.1,8689.6,1100,-43,543,49.4,42,VALID,0,3
1980,1,220,8650.5,8685.7,1213,57,623,51.4,56,RISK,1,5
1980,2,220,8659.3,8683.0,1165,10,580,49.8,11,VALID,0,2
1980,3,220,8787.3,8693.5,1155,17,575,49.8,69,RISK,2,3
1980,4,220,8648.0,8688.9,1160,3,580,50.0,92,RISK,2,3
1980,5,220,8666.8,8686.7,1130,-23,560,49.6,16,VALID,0,2
1981,6,220,8663.0,8684.3,1103,-51,545,49.4,2,VALID,0,3
1981,1,220,8720.9,8688.0,1167,20,592,50.7,31,VALID,0,5
1981,2,220,8668.0,8686.0,1207,53,613,50.8,33,VALID,0,2
1981,3,220,8666.8,8684.1,1156,2,573,49.6,2,VALID,0,3
1981,4,220,8727.3,8688.4,1112,-33,547,49.2,33,VALID,0,3
1981,5,220,8684.3,8688.0,1164,12,588,50.5,28,VALID,0,2
1982,6,220,8669.3,8686.1,1115,-38,551,49.4,6,VALID,0,3
1982,1,220,8658.0,8683.3,1176,21,596,50.7,4,VALID,0,5
1982,2,220,8736.2,8688.6,1145,0,570,49.8,43,VALID,0,2
1982,3,220,8649.3,8684.7,1225,68,625,51.0,52,RISK,1,3
1982,4,220,8680.6,8684.2,1087,-65,525,48.3,22,VALID,0,3
1982,5,220,8715.9,8687.4,1136,-11,570,50.2,18,VALID,0,2
1983,6,220,8674.3,8686.1,1148,-4,577,50.3,26,VALID,0,3
1983,1,220,8702.0,8687.7,1154,4,579,50.2,17,VALID,0,5
1983,2,220,8671.8,8686.1,1169,15,588,50.3,18,VALID,0,2
1983,3,220,8742.5,8691.7,1169,25,586,50.1,39,VALID,0,3
1983,4,220,8658.0,8688.4,1154,-1,575,49.8,50,VALID,0,3
1983,5,220,8679.3,8687.5,1119,-33,553,49.4,17,VALID,0,2
1984,6,220,8755.3,8694.2,1088,-54,536,49.3,41,VALID,0,3
1984,1,220,8696.9,8694.5,1200,50,616,51.3,37,VALID,0,5
1984,2,220,8666.8,8691.7,1193,39,601,50.4,13,VALID,0,2
1984,3,220,8703.2,8692.9,1140,-9,563,49.4,23,VALID,0,3
1984,4,220,8743.8,8698.0,1122,-21,556,49.6,19,VALID,0,3
1984,5,220,8670.5,8695.2,1177,23,596,50.6,43,VALID,0,2
1985,6,220,8665.5,8692.3,1092,-62,534,48.9,2,VALID,0,3
1985,1,220,8751.5,8698.2,1132,-10,569,50.3,47,VALID,0,5
1985,2,220,8703.2,8698.7,1231,82,633,51.4,32,VALID,0,2
1985,3,220,8673.0,8696.1,1164,11,577,49.6,14,VALID,0,3
1985,4,220,8686.8,8695.2,1111,-40,545,49.1,11,VALID,0,3
1985,5,220,8763.0,8702.0,1117,-24,556,49.8,40,VALID,0,2
1986,6,220,8675.5,8699.3,1161,8,587,50.6,53,RISK,1,3
1986,1,220,8655.5,8694.9,1148,-7,574,50.0,5,VALID,0,5
1986,2,220,8748.9,8700.3,1157,14,580,50.1,53,RISK,1,2
1986,3,220,8707.0,8701.0,1197,48,606,50.6,29,VALID,0,3
1986,4,220,8700.7,8701.0,1116,-33,547,49.0,2,VALID,0,3
1986,5,220,8676.8,8698.6,1136,-16,568,50.0,12,VALID,0,2
1987,6,220,8728.5,8701.6,1120,-25,557,49.7,30,VALID,0,3
1987,1,220,8664.3,8697.8,1199,44,612,51.0,38,VALID,0,5
1987,2,220,8641.8,8692.2,1175,17,588,50.0,8,VALID,0,2
1987,3,220,8738.7,8696.9,1120,-24,551,49.2,55,RISK,1,3
1987,4,220,8675.5,8694.7,1166,13,588,50.4,41,VALID,0,3
1987,5,220,8675.5,8692.8,1136,-16,565,49.7,3,VALID,0,2
1988,6,220,8679.3,8691.5,1117,-35,554,49.6,3,VALID,0,3
1988,1,220,8741.3,8696.4,1150,6,579,50.3,33,VALID,0,5
1988,2,220,8683.1,8695.1,1221,69,624,51.1,36,VALID,0,2
1988,3,220,8645.5,8690.1,1150,-6,568,49.4,17,VALID,0,3
1988,4,220,8731.1,8694.2,1098,-47,538,49.0,50,VALID,0,3
1988,5,220,8689.4,8693.8,1169,18,593,50.7,28,VALID,0,2
1989,6,220,8691.9,8693.6,1115,-35,551,49.4,3,VALID,0,3
1989,1,220,8659.3,8690.1,1176,21,596,50.7,17,VALID,0,5
1989,2,220,8755.3,8696.7,1145,2,570,49.8,54,RISK,1,2
1989,3,220,8629.4,8689.9,1250,91,642,51.4,74,RISK,1,3
1989,4,220,8685.6,8689.5,1053,-98,495,47.0,43,VALID,0,3
1989,5,220,8745.1,8695.0,1122,-21,562,50.1,31,VALID,0,2
1990,6,220,8710.8,8696.6,1142,-6,575,50.4,24,VALID,0,3
1990,1,220,8724.7,8699.4,1165,18,588,50.5,8,VALID,0,5
1990,2,220,8683.1,8697.8,1178,26,593,50.3,23,VALID,0,2
1990,3,220,8804.1,8708.4,1155,19,575,49.8,67,RISK,2,3
1990,4,220,8674.3,8705.0,1155,2,577,50.0,82,RISK,1,3
1990,5,220,8698.2,8704.3,1103,-46,543,49.2,19,VALID,0,2
1991,6,220,8740.0,8707.9,1109,-35,552,49.8,23,VALID,0,3
1991,1,220,8712.1,8708.3,1187,39,606,51.1,18,VALID,0,5
1991,2,220,8723.5,8709.8,1169,22,586,50.1,7,VALID,0,2
1991,3,220,8702.0,8709.0,1172,22,587,50.1,12,VALID,0,3
1991,4,220,8769.4,8715.1,1102,-38,540,49.0,37,VALID,0,3
1991,5,220,8741.3,8717.7,1125,-19,563,50.0,20,VALID,0,2
1992,6,220,8673.0,8713.2,1163,10,588,50.6,36,VALID,0,3
1992,1,220,8757.8,8717.7,1120,-21,555,49.6,51,RISK,1,5
1992,2,220,8707.0,8716.6,1209,60,618,51.1,32,VALID,0,2
1992,3,220,8723.5,8717.3,1159,12,576,49.7,11,VALID,0,3
1992,4,220,8698.2,8715.4,1122,-27,554,49.4,14,VALID,0,3
1992,5,220,8709.5,8714.8,1116,-32,555,49.7,8,VALID,0,2
1993,6,220,8783.5,8721.7,1105,-33,549,49.7,39,VALID,0,3
1993,1,220,8664.3,8715.9,1214,59,624,51.4,69,RISK,2,5
1993,2,220,8738.7,8718.2,1150,5,570,49.6,48,VALID,0,2
1993,3,220,8690.6,8715.5,1197,46,605,50.5,29,VALID,0,3
1993,4,220,8705.7,8714.5,1110,-38,543,48.9,11,VALID,0,3
1993,5,220,8671.8,8710.2,1143,-10,573,50.1,18,VALID,0,2
1994,6,220,8664.3,8705.6,1111,-43,550,49.5,1,VALID,0,3
1994,1,220,8693.1,8704.4,1191,40,607,51.0,17,VALID,0,5
1994,2,220,8681.8,8702.1,1159,7,578,49.9,8,VALID,0,2
1994,3,220,8748.9,8706.8,1144,1,569,49.7,36,VALID,0,3
1994,4,220,8698.2,8705.9,1150,0,575,50.0,32,VALID,0,3
1994,5,220,8712.1,8706.5,1132,-15,563,49.7,10,VALID,0,2
1995,6,220,8707.0,8706.6,1115,-33,553,49.6,3,VALID,0,3
1995,1,220,8761.7,8712.1,1148,6,578,50.3,29,VALID,0,5
1995,2,220,8694.4,8710.3,1212,61,618,51.0,40,VALID,0,2
1995,3,220,8703.2,8709.6,1137,-12,560,49.3,9,VALID,0,3
1995,4,220,8747.6,8713.4,1115,-28,551,49.4,24,VALID,0,3
1995,5,220,8710.8,8713.2,1161,13,586,50.5,23,VALID,0,2
1996,6,220,8703.2,8712.2,1121,-28,555,49.5,2,VALID,0,3
1996,1,220,8708.3,8711.8,1144,-4,574,50.2,4,VALID,0,5
1996,2,220,8722.2,8712.8,1201,54,611,50.9,7,VALID,0,2
1996,3,220,8670.5,8708.6,1178,24,589,50.0,29,VALID,0,3
1996,4,220,8691.9,8706.9,1098,-52,536,48.8,15,VALID,0,3
1996,5,220,8737.4,8710.0,1125,-19,563,50.0,23,VALID,0,2
1997,6,220,8707.0,8709.7,1145,-3,576,50.3,21,VALID,0,3
1997,1,220,8669.3,8705.6,1174,20,593,50.5,19,VALID,0,5
1997,2,220,8717.1,8706.8,1163,15,582,50.0,29,VALID,0,2
1997,3,220,8737.4,8709.8,1162,17,581,50.0,8,VALID,0,3
1997,4,220,8679.3,8706.8,1144,-8,569,49.7,33,VALID,0,3
1997,5,220,8670.5,8703.2,1132,-21,563,49.7,0,VALID,0,2
1998,6,220,8727.3,8705.6,1100,-45,543,49.4,33,VALID,0,3
1998,1,220,8710.8,8706.1,1187,39,606,51.1,13,VALID,0,5
1998,2,220,8688.1,8704.3,1181,30,594,50.3,12,VALID,0,2
1998,3,220,8624.4,8696.3,1213,53,613,50.5,32,VALID,0,3
1998,4,220,8742.5,8700.9,1050,-93,500,47.6,69,RISK,1,3
1998,5,220,8675.5,8698.4,1185,32,607,51.2,44,VALID,0,2
1999,6,220,8675.5,8696.1,1100,-52,540,49.1,3,VALID,0,3
1999,1,220,8703.2,8696.8,1165,16,590,50.6,16,VALID,0,5
1999,2,220,8673.0,8694.4,1205,52,612,50.8,18,VALID,0,2
1999,3,220,8747.6,8699.8,1154,10,572,49.6,41,VALID,0,3
1999,4,220,8626.9,8692.5,1146,-13,570,49.7,70,RISK,2,3
1999,5,220,8727.3,8696.0,1105,-40,545,49.3,62,RISK,1,2
2000,6,220,8645.5,8690.9,1165,8,590,50.6,50,VALID,0,3
2000,1,220,8670.5,8688.9,1145,-8,572,50.0,18,VALID,0,5
2000,2,220,8709.5,8690.9,1174,25,592,50.4,20,VALID,0,2
2000,3,220,8658.0,8687.6,1195,40,603,50.5,31,VALID,0,3
2000,4,220,8693.1,8688.2,1118,-32,548,49.0,22,VALID,0,3
2000,5,220,8653.0,8684.7,1137,-18,568,50.0,23,VALID,0,2
2001,6,220,8715.9,8687.8,1115,-32,553,49.6,37,VALID,0,3
2001,1,220,8655.5,8684.6,1193,37,608,51.0,36,VALID,0,5
2001,2,220,8660.5,8682.2,1170,15,585,50.0,7,VALID,0,2
2001,3,220,8729.8,8686.9,1140,-5,565,49.6,38,VALID,0,3
2001,4,220,8689.4,8687.2,1150,0,575,50.0,27,VALID,0,3
2001,5,220,8699.4,8688.4,1129,-20,561,49.7,7,VALID,0,2
2002,6,220,8668.0,8686.4,1140,-13,571,50.1,18,VALID,0,3
2002,1,220,8729.8,8690.7,1144,-1,573,50.1,35,VALID,0,5
2002,2,220,8669.3,8688.6,1218,64,622,51.1,37,VALID,0,2
2002,3,220,8655.5,8685.3,1151,-4,569,49.4,4,VALID,0,3
2002,4,220,8712.1,8687.9,1105,-42,543,49.1,32,VALID,0,3
2002,5,220,8650.5,8684.2,1178,22,598,50.8,37,VALID,0,2
2003,6,220,8771.9,8693.0,1044,-96,502,48.1,69,RISK,1,3
2003,1,220,8644.3,8688.1,1245,88,654,52.5,81,RISK,1,5
2003,2,220,8727.3,8692.0,1152,6,571,49.6,51,RISK,1,2
2003,3,220,8664.3,8689.2,1201,46,607,50.5,38,VALID,0,3
2003,4,220,8665.5,8686.9,1104,-50,538,48.7,5,VALID,0,3
2003,5,220,8727.3,8690.9,1129,-16,564,50.0,34,VALID,0,2
2004,6,220,8619.5,8683.8,1130,-30,565,50.0,63,RISK,2,3
2004,1,220,8707.0,8686.1,1175,26,595,50.6,59,RISK,2,5
2004,2,220,8696.9,8687.2,1160,10,580,50.0,9,VALID,0,2
2004,3,220,8743.8,8692.8,1164,20,583,50.1,24,VALID,0,3
2004,4,220,8680.6,8691.6,1154,2,576,49.9,38,VALID,0,3
2004,5,220,8676.8,8690.1,1132,-20,562,49.6,2,VALID,0,2
2005,6,220,8719.7,8693.1,1096,-50,540,49.3,25,VALID,0,3
2005,1,220,8726.0,8696.4,1170,24,595,50.9,0,VALID,0,5
2005,2,220,8684.3,8695.2,1193,41,604,50.6,24,VALID,0,2
2005,3,220,8681.8,8693.8,1166,14,581,49.8,2,VALID,0,3
2005,4,220,8737.4,8698.2,1110,-34,545,49.1,31,VALID,0,3
2005,5,220,8683.1,8696.7,1175,23,595,50.6,33,VALID,0,2
2006,6,220,8686.8,8695.7,1093,-58,535,48.9,5,VALID,0,3
2006,1,220,8719.7,8698.1,1144,-2,577,50.4,18,VALID,0,5
2006,2,220,8714.6,8699.7,1197,49,609,50.9,5,VALID,0,2
2006,3,220,8705.7,8700.3,1173,24,586,50.0,5,VALID,0,3
2006,4,220,8712.1,8701.5,1105,-42,541,49.0,4,VALID,0,3
2006,5,220,8764.2,8707.8,1134,-7,568,50.1,27,VALID,0,2
2007,6,220,8694.4,8706.4,1148,-2,577,50.3,42,VALID,0,3
2007,1,220,8707.0,8706.5,1134,-14,566,49.9,11,VALID,0,5
2007,2,220,8757.8,8711.6,1157,15,582,50.3,27,VALID,0,2
2007,3,220,8714.6,8711.9,1207,59,613,50.8,27,VALID,0,3
2007,4,220,8729.8,8713.7,1093,-52,531,48.6,10,VALID,0,3
2007,5,220,8703.2,8712.7,1155,6,583,50.5,15,VALID,0,2
2008,6,220,8768.1,8718.2,1097,-43,540,49.2,37,VALID,0,3
2008,1,220,8705.7,8717.0,1183,34,603,51.0,37,VALID,0,5
2008,2,220,8702.0,8715.5,1160,10,580,50.0,2,VALID,0,2
2008,3,220,8780.9,8722.0,1145,6,570,49.8,43,VALID,0,3
2008,4,220,8712.1,8721.0,1147,0,573,50.0,42,VALID,0,3
2008,5,220,8717.1,8720.6,1151,3,576,50.0,7,VALID,0,2
2009,6,220,8705.7,8719.1,1106,-42,545,49.3,5,VALID,0,3
2009,1,220,8764.2,8723.6,1137,-4,571,50.2,32,VALID,0,5
2009,2,220,8674.3,8718.7,1231,78,632,51.3,52,RISK,1,2
2009,3,220,8694.4,8716.3,1129,-21,553,49.0,17,VALID,0,3
2009,4,220,8705.7,8715.2,1138,-10,567,49.8,6,VALID,0,3
2009,5,220,8727.3,8716.4,1134,-11,566,49.9,10,VALID,0,2
2010,6,220,8699.4,8714.7,1128,-21,562,49.8,17,VALID,0,3
2010,1,220,8671.8,8710.4,1159,5,584,50.4,13,VALID,0,5
2010,2,220,8755.3,8714.9,1165,22,585,50.2,47,VALID,0,2
2010,3,220,8659.3,8709.4,1205,50,610,50.6,57,RISK,1,3
2010,4,220,8717.1,8710.1,1092,-55,530,48.5,37,VALID,0,3
2010,5,220,8743.8,8713.5,1113,-30,555,49.9,11,VALID,0,2
2011,6,220,8696.9,8711.8,1165,15,590,50.6,28,VALID,0,3
2011,1,220,8708.3,8711.5,1150,1,575,50.0,9,VALID,0,5
2011,2,220,8684.3,8708.8,1184,32,598,50.5,13,VALID,0,2
2011,3,220,8736.2,8711.5,1164,19,581,49.9,29,VALID,0,3
2011,4,220,8658.0,8706.2,1154,-1,575,49.8,45,VALID,0,3
2011,5,220,8650.5,8700.6,1119,-37,553,49.4,2,VALID,0,2
2012,6,220,8804.1,8710.9,1044,-91,507,48.6,83,RISK,1,3
2012,1,220,8681.8,8708.0,1246,94,660,53.0,85,RISK,1,5
2012,2,220,8673.0,8704.5,1191,38,599,50.3,1,VALID,0,2
2012,3,220,8696.9,8703.8,1145,-4,566,49.4,15,VALID,0,3
2012,4,220,8732.4,8706.6,1126,-19,558,49.6,17,VALID,0,3
2012,5,220,8675.5,8703.5,1164,11,587,50.4,34,VALID,0,2
2013,6,220,8592.3,8692.4,1111,-52,548,49.3,41,VALID,0,3
2013,1,220,8719.7,8695.1,1144,-2,575,50.3,85,RISK,2,5
2013,2,220,8709.5,8696.6,1199,50,610,50.9,11,VALID,0,2
2013,3,220,8674.3,8694.3,1173,20,586,50.0,20,VALID,0,3
2013,4,220,8681.8,8693.1,1120,-31,551,49.2,7,VALID,0,3
2013,5,220,8724.7,8696.2,1130,-16,564,49.9,23,VALID,0,2
2014,6,220,8670.5,8693.7,1154,0,581,50.3,33,VALID,0,3
2014,1,220,8704.5,8694.8,1117,-31,553,49.5,22,VALID,0,5
2014,2,220,8702.0,8695.5,1201,51,613,51.0,3,VALID,0,2
2014,3,220,8678.0,8693.7,1192,39,599,50.3,13,VALID,0,3
2014,4,220,8695.7,8693.9,1106,-44,540,48.8,11,VALID,0,3
2014,5,220,8674.3,8692.0,1147,-5,576,50.2,12,VALID,0,2
2015,6,220,8720.9,8694.9,1117,-29,554,49.6,27,VALID,0,3
2015,1,220,8618.2,8687.2,1199,38,612,51.0,59,RISK,1,5
2015,2,220,8669.3,8685.4,1160,6,578,49.8,35,VALID,0,2
2015,3,220,8712.1,8688.1,1158,10,578,49.9,21,VALID,0,3
2015,4,220,8663.0,8685.6,1145,-9,570,49.8,30,VALID,0,3
2015,5,220,4720.3,8289.0,6932,4813,576,8.3,12,VALID,0,2
2015,4,220,4718.1,7931.9,1151,-968,575,50.0,5,VALID,0,3
2015,5,220,8653.0,8004.1,1149,-6,574,50.0,2,VALID,0,2
