header,ccr,step,is_closed_loop,zc_event,bemf_curr,t_start,t_curr,t_zc,delay_limited,delay_trigger,seq,tail,dt_us,bemf_prev,zc_eval,zc_diff_pct,risk_streak
170,600,3,1,0,-11,8711,9028,0,213,0,50,187,50,-13,N/A,0.0,0
170,600,3,1,0,-11,8711,9078,0,213,0,51,187,50,-11,N/A,0.0,0
170,600,3,1,0,-10,8711,9128,0,213,0,52,187,50,-11,N/A,0.0,0
170,600,4,1,0,-15,9146,9228,0,213,0,53,187,100,-10,N/A,0.0,0
170,600,4,1,0,-19,9146,9278,0,213,0,54,187,50,-15,N/A,0.0,0
170,600,4,1,0,0,9146,9328,0,213,0,55,187,50,-19,N/A,0.0,0
170,600,4,1,1,37,9146,9378,9328,198,129,56,187,50,37,VALID,0.0,0
170,600,4,1,0,76,9146,9428,0,198,0,57,187,50,37,N/A,0.0,0
170,600,4,1,0,112,9146,9478,0,198,0,58,187,50,76,N/A,0.0,0
170,600,5,1,0,113,9527,9578,0,198,0,59,187,100,112,N/A,0.0,0
170,600,5,1,0,75,9527,9628,0,198,0,60,187,50,113,N/A,0.0,0
170,600,5,1,0,35,9527,9678,0,198,0,61,187,50,75,N/A,0.0,0
170,600,5,1,1,-2,9527,9728,9725,198,176,62,187,50,35,VALID,0.0,0
170,600,5,1,0,-15,9527,9778,0,198,0,63,187,50,-2,N/A,0.0,0
170,600,5,1,0,-13,9527,9828,0,198,0,64,187,50,-15,N/A,0.0,0
170,600,5,1,0,-13,9527,9878,0,198,0,65,187,50,-13,N/A,0.0,0
170,600,6,1,0,-12,9924,9978,0,198,0,66,187,100,-13,N/A,0.0,0
170,600,6,1,0,-10,9924,10028,0,198,0,67,187,50,-12,N/A,0.0,0
170,600,6,1,0,-12,9924,10078,0,198,0,68,187,50,-10,N/A,0.0,0
170,600,6,1,1,9,9924,10128,10107,191,151,69,187,50,-12,VALID,0.0,0
170,600,6,1,0,46,9924,10178,0,191,0,70,187,50,9,N/A,0.0,0
170,600,6,1,0,85,9924,10228,0,191,0,71,187,50,46,N/A,0.0,0
170,600,6,1,0,126,9924,10278,0,191,0,72,187,50,85,N/A,0.0,0
170,600,1,1,0,114,10299,10378,0,191,0,73,187,100,126,N/A,0.0,0
170,600,1,1,0,75,10299,10428,0,191,0,74,187,50,114,N/A,0.0,0
170,600,1,1,0,35,10299,10478,0,191,0,75,187,50,75,N/A,0.0,0
170,600,1,1,1,-3,10299,10528,10524,208,185,76,187,50,35,VALID,0.0,0
170,600,1,1,0,-18,10299,10578,0,208,0,77,187,50,-3,N/A,0.0,0
170,600,1,1,0,-16,10299,10628,0,208,0,78,187,50,-18,N/A,0.0,0
170,600,1,1,0,-15,10299,10678,0,208,0,79,187,50,-16,N/A,0.0,0
170,600,2,1,0,-14,10733,10828,0,208,0,80,187,150,-15,N/A,0.0,0
170,600,2,1,0,-15,10733,10878,0,208,0,81,187,50,-14,N/A,0.0,0
170,600,2,1,0,-12,10733,10928,0,208,0,82,187,50,-15,N/A,0.0,0
170,600,2,1,1,24,10733,10978,10945,210,158,83,187,50,-12,VALID,0.0,0
170,600,2,1,0,61,10733,11028,0,210,0,84,187,50,24,N/A,0.0,0
170,600,2,1,0,98,10733,11078,0,210,0,85,187,50,61,N/A,0.0,0
170,600,2,1,0,135,10733,11128,0,210,0,86,187,50,98,N/A,0.0,0
170,600,3,1,0,98,11156,11228,0,210,0,87,187,100,135,N/A,0.0,0
170,600,3,1,0,64,11156,11278,0,210,0,88,187,50,98,N/A,0.0,0
170,600,3,1,0,20,11156,11328,0,210,0,89,187,50,64,N/A,0.0,0
170,600,3,1,1,-14,11156,11378,11357,206,166,90,187,50,20,VALID,0.0,0
170,600,3,1,0,-11,11156,11428,0,206,0,91,187,50,-14,N/A,0.0,0
170,600,3,1,0,-11,11156,11478,0,206,0,92,187,50,-11,N/A,0.0,0
170,600,3,1,0,-11,11156,11528,0,206,0,93,187,50,-11,N/A,0.0,0
170,600,4,1,0,-15,11564,11628,0,206,0,94,187,100,-11,N/A,0.0,0
170,600,4,1,0,-15,11564,11678,0,206,0,95,187,50,-15,N/A,0.0,0
170,600,4,1,0,-17,11564,11728,0,206,0,96,187,50,-15,N/A,0.0,0
170,600,4,1,1,16,11564,11778,11754,198,155,97,187,50,-17,VALID,0.0,0
170,600,4,1,0,53,11564,11828,0,198,0,98,187,50,16,N/A,0.0,0
170,600,4,1,0,92,11564,11878,0,198,0,99,187,50,53,N/A,0.0,0
170,600,4,1,0,130,11564,11928,0,198,0,100,187,50,92,N/A,0.0,0
170,600,5,1,0,102,11953,12028,0,198,0,101,187,100,130,N/A,0.0,0
170,600,5,1,0,60,11953,12078,0,198,0,102,187,50,102,N/A,0.0,0
170,600,5,1,0,22,11953,12128,0,198,0,103,187,50,60,N/A,0.0,0
170,600,5,1,1,-16,11953,12178,12157,201,161,104,187,50,22,VALID,0.0,0
170,600,5,1,0,-14,11953,12228,0,201,0,105,187,50,-16,N/A,0.0,0
170,600,5,1,0,-15,11953,12278,0,201,0,106,187,50,-14,N/A,0.0,0
170,600,5,1,0,-12,11953,12328,0,201,0,107,187,50,-15,N/A,0.0,0
170,600,6,1,0,-10,12359,12428,0,201,0,108,187,100,-12,N/A,0.0,0
170,600,6,1,0,-11,12359,12478,0,201,0,109,187,50,-10,N/A,0.0,0
170,600,6,1,0,-13,12359,12528,0,201,0,110,187,50,-11,N/A,0.0,0
170,600,6,1,1,19,12359,12578,12548,195,146,111,187,50,-13,VALID,0.0,0
170,600,6,1,0,58,12359,12628,0,195,0,112,187,50,19,N/A,0.0,0
170,600,6,1,0,98,12359,12678,0,195,0,113,187,50,58,N/A,0.0,0
170,600,6,1,0,137,12359,12728,0,195,0,114,187,50,98,N/A,0.0,0
170,600,1,1,0,92,12744,12828,0,195,0,115,187,100,137,N/A,0.0,0
170,600,1,1,0,52,12744,12878,0,195,0,116,187,50,92,N/A,0.0,0
170,600,1,1,0,14,12744,12928,0,195,0,117,187,50,52,N/A,0.0,0
170,600,1,1,1,-19,12744,12978,12949,200,152,118,187,50,14,VALID,0.0,0
170,600,1,1,0,-17,12744,13028,0,200,0,119,187,50,-19,N/A,0.0,0
170,600,1,1,0,-15,12744,13078,0,200,0,120,187,50,-17,N/A,0.0,0
170,600,1,1,0,-15,12744,13128,0,200,0,121,187,50,-15,N/A,0.0,0
170,600,2,1,0,-14,13150,13228,0,200,0,122,187,100,-15,N/A,0.0,0
170,600,2,1,0,-16,13150,13278,0,200,0,123,187,50,-14,N/A,0.0,0
170,600,2,1,0,-16,13150,13328,0,200,0,124,187,50,-16,N/A,0.0,0
170,600,2,1,1,7,13150,13378,13363,207,173,125,187,50,-16,VALID,0.0,0
170,600,2,1,0,44,13150,13428,0,207,0,126,187,50,7,N/A,0.0,0
170,600,2,1,0,84,13150,13478,0,207,0,127,187,50,44,N/A,0.0,0
170,600,2,1,0,123,13150,13528,0,207,0,128,187,50,84,N/A,0.0,0
170,600,3,1,0,121,13571,13628,0,207,0,129,187,100,123,N/A,0.0,0
170,600,3,1,0,80,13571,13678,0,207,0,130,187,50,121,N/A,0.0,0
170,600,3,1,0,40,13571,13728,0,207,0,131,187,50,80,N/A,0.0,0
170,600,3,1,0,3,13571,13778,0,207,0,132,187,50,40,N/A,0.0,0
170,600,3,1,1,-13,13571,13828,13787,212,152,133,187,50,3,VALID,0.0,0
170,600,3,1,0,-11,13571,13878,0,212,0,134,187,50,-13,N/A,0.0,0
170,600,3,1,0,-11,13571,13928,0,212,0,135,187,50,-11,N/A,0.0,0
170,600,3,1,0,-10,13571,13978,0,212,0,136,187,50,-11,N/A,0.0,0
170,600,4,1,0,-15,14000,14078,0,212,0,137,187,100,-10,N/A,0.0,0
170,600,4,1,0,-17,14000,14128,0,212,0,138,187,50,-15,N/A,0.0,0
170,600,4,1,1,6,14000,14178,14165,189,157,139,187,50,-17,VALID,0.0,0
170,600,4,1,0,44,14000,14228,0,189,0,140,187,50,6,N/A,0.0,0
170,600,4,1,0,81,14000,14278,0,189,0,141,187,50,44,N/A,0.0,0
170,600,4,1,0,122,14000,14328,0,189,0,142,187,50,81,N/A,0.0,0
170,600,5,1,0,112,14355,14428,0,189,0,143,187,100,122,N/A,0.0,0
170,600,5,1,0,72,14355,14478,0,189,0,144,187,50,112,N/A,0.0,0
170,600,5,1,0,33,14355,14528,0,189,0,145,187,50,72,N/A,0.0,0
170,600,5,1,1,-4,14355,14578,14573,204,180,146,187,50,33,VALID,0.0,0
170,600,5,1,0,-15,14355,14628,0,204,0,147,187,50,-4,N/A,0.0,0
170,600,5,1,0,-13,14355,14678,0,204,0,148,187,50,-15,N/A,0.0,0
170,600,5,1,0,-13,14355,14728,0,204,0,149,187,50,-13,N/A,0.0,0
170,600,6,1,0,-12,14778,14828,0,204,0,150,187,100,-13,N/A,0.0,0
170,600,6,1,0,-11,14778,14878,0,204,0,151,187,50,-12,N/A,0.0,0
170,600,6,1,0,-12,14778,14928,0,204,0,152,187,50,-11,N/A,0.0,0
170,600,6,1,1,7,14778,14978,14960,193,156,153,187,50,-12,VALID,0.0,0
170,600,6,1,0,45,14778,15028,0,193,0,154,187,50,7,N/A,0.0,0
170,600,6,1,0,84,14778,15078,0,193,0,155,187,50,45,N/A,0.0,0
170,600,6,1,0,120,14778,15128,0,193,0,156,187,50,84,N/A,0.0,0
170,600,1,1,0,107,15154,15228,0,193,0,157,187,100,120,N/A,0.0,0
170,600,1,1,0,67,15154,15278,0,193,0,158,187,50,107,N/A,0.0,0
170,600,1,1,0,31,15154,15328,0,193,0,159,187,50,67,N/A,0.0,0
170,600,1,1,1,-6,15154,15378,15370,205,178,160,187,50,31,VALID,0.0,0
170,600,1,1,0,-18,15154,15428,0,205,0,161,187,50,-6,N/A,0.0,0
170,600,1,1,0,-16,15154,15478,0,205,0,162,187,50,-18,N/A,0.0,0
170,600,1,1,0,-15,15154,15528,0,205,0,163,187,50,-16,N/A,0.0,0
170,600,2,1,0,-16,15576,15628,0,205,0,164,187,100,-15,N/A,0.0,0
170,600,2,1,0,-14,15576,15678,0,205,0,165,187,50,-16,N/A,0.0,0
170,600,2,1,0,-15,15576,15728,0,205,0,166,187,50,-14,N/A,0.0,0
170,600,2,1,0,-4,15576,15778,0,205,0,167,187,50,-15,N/A,0.0,0
170,600,2,1,1,33,15576,15828,15783,206,142,168,187,50,-4,VALID,0.0,0
170,600,2,1,0,71,15576,15878,0,206,0,169,187,50,33,N/A,0.0,0
170,600,2,1,0,111,15576,15928,0,206,0,170,187,50,71,N/A,0.0,0
170,600,2,1,0,149,15990,15978,0,206,0,171,187,50,111,N/A,0.0,0
170,600,3,1,0,97,15990,16078,0,206,0,172,187,100,149,N/A,0.0,0
170,600,3,1,0,57,15990,16128,0,206,0,173,187,50,97,N/A,0.0,0
170,600,3,1,0,18,15990,16178,0,206,0,174,187,50,57,N/A,0.0,0
170,600,3,1,1,-14,15990,16228,16206,211,170,175,187,50,18,VALID,0.0,0
170,600,3,1,0,-12,15990,16278,0,211,0,176,187,50,-14,N/A,0.0,0
170,600,3,1,0,-11,15990,16328,0,211,0,177,187,50,-12,N/A,0.0,0
170,600,3,1,0,-10,15990,16378,0,211,0,178,187,50,-11,N/A,0.0,0
170,600,4,1,0,-15,16418,16478,0,211,0,179,187,100,-10,N/A,0.0,0
170,600,4,1,0,-15,16418,16528,0,211,0,180,187,50,-15,N/A,0.0,0
170,600,4,1,0,-16,16418,16578,0,211,0,181,187,50,-15,N/A,0.0,0
170,600,4,1,1,19,16418,16628,16601,197,151,182,187,50,-16,VALID,0.0,0
170,600,4,1,0,56,16418,16678,0,197,0,183,187,50,19,N/A,0.0,0
170,600,4,1,0,94,16418,16728,0,197,0,184,187,50,56,N/A,0.0,0
170,600,4,1,0,131,16418,16778,0,197,0,185,187,50,94,N/A,0.0,0
170,600,5,1,0,92,16799,16878,0,197,0,186,187,100,131,N/A,0.0,0
170,600,5,1,0,52,16799,16928,0,197,0,187,187,50,92,N/A,0.0,0
170,600,5,1,0,13,16799,16978,0,197,0,188,187,50,52,N/A,0.0,0
170,600,5,1,1,-16,16799,17028,17000,199,152,189,187,50,13,VALID,0.0,0
170,600,5,1,0,-14,16799,17078,0,199,0,190,187,50,-16,N/A,0.0,0
170,600,5,1,0,-13,16799,17128,0,199,0,191,187,50,-14,N/A,0.0,0
170,600,5,1,0,-12,16799,17178,0,199,0,192,187,50,-13,N/A,0.0,0
170,600,6,1,0,-11,17200,17278,0,199,0,193,187,100,-12,N/A,0.0,0
170,600,6,1,0,-11,17200,17328,0,199,0,194,187,50,-11,N/A,0.0,0
170,600,6,1,0,-11,17200,17378,0,199,0,195,187,50,-11,N/A,0.0,0
170,600,6,1,1,26,17200,17428,17393,196,142,196,187,50,-11,VALID,0.0,0
170,600,6,1,0,64,17200,17478,0,196,0,197,187,50,26,N/A,0.0,0
170,600,6,1,0,103,17200,17528,0,196,0,198,187,50,64,N/A,0.0,0
170,600,6,1,0,140,17200,17578,0,196,0,199,187,50,103,N/A,0.0,0
170,600,1,1,0,94,17590,17678,0,196,0,200,187,100,140,N/A,0.0,0
170,600,1,1,0,52,17590,17728,0,196,0,201,187,50,94,N/A,0.0,0
170,600,1,1,0,14,17590,17778,0,196,0,202,187,50,52,N/A,0.0,0
170,600,1,1,1,-20,17590,17828,17799,203,155,203,187,50,14,VALID,0.0,0
170,600,1,1,0,-17,17590,17878,0,203,0,204,187,50,-20,N/A,0.0,0
170,600,1,1,0,-15,17590,17928,0,203,0,205,187,50,-17,N/A,0.0,0
170,600,1,1,0,-15,17590,17978,0,203,0,206,187,50,-15,N/A,0.0,0
170,600,2,1,0,-14,18003,18078,0,203,0,207,187,100,-15,N/A,0.0,0
170,600,2,1,0,-14,18003,18128,0,203,0,208,187,50,-14,N/A,0.0,0
170,600,2,1,0,-16,18003,18178,0,203,0,209,187,50,-14,N/A,0.0,0
170,600,2,1,1,8,18003,18228,18211,206,170,210,187,50,-16,VALID,0.0,0
170,600,2,1,0,43,18003,18278,0,206,0,211,187,50,8,N/A,0.0,0
170,600,2,1,0,84,18003,18328,0,206,0,212,187,50,43,N/A,0.0,0
170,600,2,1,0,124,18003,18378,0,206,0,213,187,50,84,N/A,0.0,0
170,600,3,1,0,117,18418,18478,0,206,0,214,187,100,124,N/A,0.0,0
170,600,3,1,0,77,18418,18528,0,206,0,215,187,50,117,N/A,0.0,0
170,600,3,1,0,36,18418,18578,0,206,0,216,187,50,77,N/A,0.0,0
170,600,3,1,1,-1,18418,18628,18627,208,188,217,187,50,36,VALID,0.0,0
170,600,3,1,0,-13,18418,18678,0,208,0,218,187,50,-1,N/A,0.0,0
170,600,3,1,0,-11,18418,18728,0,208,0,219,187,50,-13,N/A,0.0,0
170,600,3,1,0,-10,18418,18778,0,208,0,220,187,50,-11,N/A,0.0,0
170,600,4,1,0,3,18836,18828,0,208,0,221,187,50,-10,N/A,0.0,0
170,600,4,1,0,-15,18836,18928,0,208,0,222,187,100,3,N/A,0.0,0
170,600,4,1,0,-16,18836,18978,0,208,0,223,187,50,-15,N/A,0.0,0
170,600,4,1,1,1,18836,19028,19025,199,177,224,187,50,-16,VALID,0.0,0
170,600,4,1,0,38,18836,19078,0,199,0,225,187,50,1,N/A,0.0,0
170,600,4,1,0,76,18836,19128,0,199,0,226,187,50,38,N/A,0.0,0
170,600,4,1,0,113,18836,19178,0,199,0,227,187,50,76,N/A,0.0,0
170,600,5,1,0,113,19225,19278,0,199,0,228,187,100,113,N/A,0.0,0
170,600,5,1,0,76,19225,19328,0,199,0,229,187,50,113,N/A,0.0,0
170,600,5,1,0,37,19225,19378,0,199,0,230,187,50,76,N/A,0.0,0
170,600,5,1,0,0,19225,19428,0,199,0,231,187,50,37,N/A,0.0,0
170,600,5,1,1,-15,19225,19478,19428,201,132,232,187,50,-15,VALID,0.0,0
170,600,5,1,0,-13,19225,19528,0,201,0,233,187,50,-15,N/A,0.0,0
170,600,5,1,0,-12,19225,19578,0,201,0,234,187,50,-13,N/A,0.0,0
170,600,6,1,0,-10,19630,19728,0,201,0,235,187,150,-12,N/A,0.0,0
170,600,6,1,0,-12,19630,19778,0,201,0,236,187,50,-10,N/A,0.0,0
170,600,6,1,1,5,19630,19828,19813,192,158,237,187,50,-12,VALID,0.0,0
170,600,6,1,0,44,19630,19878,0,192,0,238,187,50,5,N/A,0.0,0
170,600,6,1,0,83,19630,19928,0,192,0,239,187,50,44,N/A,0.0,0
170,600,6,1,0,121,19630,19978,0,192,0,240,187,50,83,N/A,0.0,0
170,600,1,1,0,113,20006,20078,0,192,0,241,187,100,121,N/A,0.0,0
170,600,1,1,0,74,20006,20128,0,192,0,242,187,50,113,N/A,0.0,0
170,600,1,1,0,35,20006,20178,0,192,0,243,187,50,74,N/A,0.0,0
170,600,1,1,1,-1,20006,20228,20227,207,187,244,187,50,35,VALID,0.0,0
170,600,1,1,0,-21,20006,20278,0,207,0,245,187,50,-1,N/A,0.0,0
170,600,1,1,0,-16,20006,20328,0,207,0,246,187,50,-21,N/A,0.0,0
170,600,1,1,0,-15,20006,20378,0,207,0,247,187,50,-16,N/A,0.0,0
170,600,2,1,0,2,20435,20428,0,207,0,248,187,50,-15,N/A,0.0,0
170,600,2,1,0,-14,20435,20528,0,207,0,249,187,100,2,N/A,0.0,0
170,600,2,1,0,-14,20435,20578,0,207,0,250,187,50,-14,N/A,0.0,0
170,600,2,1,0,-15,20435,20628,0,207,0,251,187,50,-14,N/A,0.0,0
170,600,2,1,1,22,20435,20678,20648,210,161,252,187,50,-15,VALID,0.0,0
170,600,2,1,0,59,20435,20728,0,210,0,253,187,50,22,N/A,0.0,0
170,600,2,1,0,97,20435,20778,0,210,0,254,187,50,59,N/A,0.0,0
170,600,2,1,0,134,20435,20828,0,210,0,255,187,50,97,N/A,0.0,0
170,600,3,1,0,103,20859,20928,0,210,0,0,187,100,134,N/A,0.0,0
170,600,3,1,0,64,20859,20978,0,210,0,1,187,50,103,N/A,0.0,0
170,600,3,1,0,27,20859,21028,0,210,0,2,187,50,64,N/A,0.0,0
170,600,3,1,1,-11,20859,21078,21064,208,175,3,187,50,27,VALID,0.0,0
170,600,3,1,0,-12,20859,21128,0,208,0,4,187,50,-11,N/A,0.0,0
170,600,3,1,0,-11,20859,21178,0,208,0,5,187,50,-12,N/A,0.0,0
170,600,3,1,0,-11,20859,21228,0,208,0,6,187,50,-11,N/A,0.0,0
170,600,4,1,0,-17,21273,21328,0,208,0,7,187,100,-11,N/A,0.0,0
170,600,4,1,0,-15,21273,21378,0,208,0,8,187,50,-17,N/A,0.0,0
170,600,4,1,0,-18,21273,21428,0,208,0,9,187,50,-15,N/A,0.0,0
170,600,4,1,1,18,21273,21478,21453,194,150,10,187,50,-18,VALID,0.0,0
170,600,4,1,0,55,21273,21528,0,194,0,11,187,50,18,N/A,0.0,0
170,600,4,1,0,93,21273,21578,0,194,0,12,187,50,55,N/A,0.0,0
170,600,4,1,0,130,21273,21628,0,194,0,13,187,50,93,N/A,0.0,0
170,600,5,1,0,104,21648,21728,0,194,0,14,187,100,130,N/A,0.0,0
170,600,5,1,0,65,21648,21778,0,194,0,15,187,50,104,N/A,0.0,0
170,600,5,1,0,26,21648,21828,0,194,0,16,187,50,65,N/A,0.0,0
170,600,5,1,1,-12,21648,21878,21862,204,169,17,187,50,26,VALID,0.0,0
170,600,5,1,0,-14,21648,21928,0,204,0,18,187,50,-12,N/A,0.0,0
170,600,5,1,0,-13,21648,21978,0,204,0,19,187,50,-14,N/A,0.0,0
170,600,5,1,0,-12,21648,22028,0,204,0,20,187,50,-13,N/A,0.0,0
170,600,6,1,0,-11,22067,22128,0,204,0,21,187,100,-12,N/A,0.0,0
170,600,6,1,0,-11,22067,22178,0,204,0,22,187,50,-11,N/A,0.0,0
170,600,6,1,0,-13,22067,22228,0,204,0,23,187,50,-11,N/A,0.0,0
170,600,6,1,1,17,22067,22278,22250,194,147,24,187,50,-13,VALID,0.0,0
170,600,6,1,0,49,22067,22328,0,194,0,25,187,50,17,N/A,0.0,0
170,600,6,1,0,87,22067,22378,0,194,0,26,187,50,49,N/A,0.0,0
170,600,6,1,0,124,22067,22428,0,194,0,27,187,50,87,N/A,0.0,0
170,600,1,1,0,99,22445,22528,0,194,0,28,187,100,124,N/A,0.0,0
170,600,1,1,0,59,22445,22578,0,194,0,29,187,50,99,N/A,0.0,0
170,600,1,1,0,21,22445,22628,0,194,0,30,187,50,59,N/A,0.0,0
170,600,1,1,1,-16,22445,22678,22656,203,162,31,187,50,21,VALID,0.0,0
170,600,1,1,0,-17,22445,22728,0,203,0,32,187,50,-16,N/A,0.0,0
170,600,1,1,0,-15,22445,22778,0,203,0,33,187,50,-17,N/A,0.0,0
170,600,1,1,0,-15,22445,22828,0,203,0,34,187,50,-15,N/A,0.0,0
170,600,2,1,0,-14,22860,22928,0,203,0,35,187,100,-15,N/A,0.0,0
170,600,2,1,0,-14,22860,22978,0,203,0,36,187,50,-14,N/A,0.0,0
170,600,2,1,0,-16,22860,23028,0,203,0,37,187,50,-14,N/A,0.0,0
170,600,2,1,1,1,22860,23078,23075,209,187,38,187,50,-16,VALID,0.0,0
170,600,2,1,0,38,22860,23128,0,209,0,39,187,50,1,N/A,0.0,0
170,600,2,1,0,77,22860,23178,0,209,0,40,187,50,38,N/A,0.0,0
170,600,2,1,0,117,22860,23228,0,209,0,41,187,50,77,N/A,0.0,0
170,600,3,1,0,-65,23285,23278,0,209,0,42,187,50,117,N/A,0.0,0
170,600,3,1,0,88,23285,23378,0,209,0,43,187,100,-65,N/A,0.0,0
170,600,3,1,0,46,23285,23428,0,209,0,44,187,50,88,N/A,0.0,0
170,600,3,1,0,8,23285,23478,0,209,0,45,187,50,46,N/A,0.0,0
170,600,3,1,1,-13,23285,23528,23497,211,161,46,187,50,8,VALID,0.0,0
170,600,3,1,0,-11,23285,23578,0,211,0,47,187,50,-13,N/A,0.0,0
170,600,3,1,0,-11,23285,23628,0,211,0,48,187,50,-11,N/A,0.0,0
170,600,3,1,0,-10,23285,23678,0,211,0,49,187,50,-11,N/A,0.0,0
170,600,4,1,0,-15,23709,23778,0,211,0,50,187,100,-10,N/A,0.0,0
170,600,4,1,0,-16,23709,23828,0,211,0,51,187,50,-15,N/A,0.0,0
170,600,4,1,0,-6,23709,23878,0,211,0,52,187,50,-16,N/A,0.0,0
170,600,4,1,1,31,23709,23928,23886,194,133,53,187,50,-6,VALID,0.0,0
170,600,4,1,0,70,23709,23978,0,194,0,54,187,50,31,N/A,0.0,0
170,600,4,1,0,108,23709,24028,0,194,0,55,187,50,70,N/A,0.0,0
170,600,5,1,0,80,24081,24178,0,194,0,56,187,150,108,N/A,0.0,0
170,600,5,1,0,39,24081,24228,0,194,0,57,187,50,80,N/A,0.0,0
170,600,5,1,0,0,24081,24278,0,194,0,58,187,50,39,N/A,0.0,0
170,600,5,1,1,-15,24081,24328,24278,196,127,59,187,50,-15,VALID,0.0,0
170,600,5,1,0,-13,24081,24378,0,196,0,60,187,50,-15,N/A,0.0,0
170,600,5,1,0,-12,24081,24428,0,196,0,61,187,50,-13,N/A,0.0,0
170,600,6,1,0,-13,24475,24528,0,196,0,62,187,100,-12,N/A,0.0,0
170,600,6,1,0,-11,24475,24578,0,196,0,63,187,50,-13,N/A,0.0,0
170,600,6,1,0,-11,24475,24628,0,196,0,64,187,50,-11,N/A,0.0,0
170,600,6,1,0,-3,24475,24678,0,196,0,65,187,50,-11,N/A,0.0,0
170,600,6,1,1,36,24475,24728,24682,202,137,66,187,50,-3,VALID,0.0,0
170,600,6,1,0,74,24475,24778,0,202,0,67,187,50,36,N/A,0.0,0
170,600,6,1,0,113,24475,24828,0,202,0,68,187,50,74,N/A,0.0,0
170,600,1,1,0,-76,24885,24878,0,202,0,69,187,50,113,N/A,0.0,0
170,600,1,1,0,78,24885,24978,0,202,0,70,187,100,-76,N/A,0.0,0
170,600,1,1,0,39,24885,25028,0,202,0,71,187,50,78,N/A,0.0,0
170,600,1,1,0,2,24885,25078,0,202,0,72,187,50,39,N/A,0.0,0
170,600,1,1,1,-18,24885,25128,25083,200,136,73,187,50,2,VALID,0.0,0
170,600,1,1,0,-16,24885,25178,0,200,0,74,187,50,-18,N/A,0.0,0
170,600,1,1,0,-15,24885,25228,0,200,0,75,187,50,-16,N/A,0.0,0
170,600,2,1,0,0,25284,25278,0,200,9998,76,187,50,-15,N/A,0.0,0
170,600,2,1,0,-14,25284,25378,0,200,0,77,187,100,-14,N/A,0.0,0
170,600,2,1,0,-14,25284,25428,0,200,0,78,187,50,-14,N/A,0.0,0
170,600,2,1,0,-15,25284,25478,0,200,0,79,187,50,-14,N/A,0.0,0
170,600,2,1,1,23,25284,25528,25498,207,158,80,187,50,-15,VALID,0.0,0
170,600,2,1,0,61,25284,25578,0,207,0,81,187,50,23,N/A,0.0,0
170,600,2,1,0,101,25284,25628,0,207,0,82,187,50,61,N/A,0.0,0
170,600,2,1,0,141,25284,25678,0,207,0,83,187,50,101,N/A,0.0,0
170,600,3,1,0,106,25706,25778,0,207,0,84,187,100,141,N/A,0.0,0
170,600,3,1,0,66,25706,25828,0,207,0,85,187,50,106,N/A,0.0,0
170,600,3,1,0,27,25706,25878,0,207,0,86,187,50,66,N/A,0.0,0
170,600,3,1,1,-10,25706,25928,25914,208,175,87,187,50,27,VALID,0.0,0
170,600,3,1,0,-12,25706,25978,0,208,0,88,187,50,-10,N/A,0.0,0
170,600,3,1,0,-11,25706,26028,0,208,0,89,187,50,-12,N/A,0.0,0
170,600,3,1,0,-11,25706,26078,0,208,0,90,187,50,-11,N/A,0.0,0
170,600,4,1,0,-17,26123,26178,0,208,0,91,187,100,-11,N/A,0.0,0
170,600,4,1,0,-15,26123,26228,0,208,0,92,187,50,-17,N/A,0.0,0
170,600,4,1,0,-19,26123,26278,0,208,0,93,187,50,-15,N/A,0.0,0
170,600,4,1,1,11,26123,26328,26310,198,161,94,187,50,-19,VALID,0.0,0
170,600,4,1,0,49,26123,26378,0,198,0,95,187,50,11,N/A,0.0,0
170,600,4,1,0,86,26123,26428,0,198,0,96,187,50,49,N/A,0.0,0
170,600,4,1,0,121,26123,26478,0,198,0,97,187,50,86,N/A,0.0,0
170,600,5,1,0,103,26509,26578,0,198,0,98,187,100,121,N/A,0.0,0
170,600,5,1,0,64,26509,26628,0,198,0,99,187,50,103,N/A,0.0,0
170,600,5,1,0,27,26509,26678,0,198,0,100,187,50,64,N/A,0.0,0
170,600,5,1,1,-9,26509,26728,26716,203,172,101,187,50,27,VALID,0.0,0
170,600,5,1,0,-14,26509,26778,0,203,0,102,187,50,-9,N/A,0.0,0
170,600,5,1,0,-13,26509,26828,0,203,0,103,187,50,-14,N/A,0.0,0
170,600,5,1,0,-12,26509,26878,0,203,0,104,187,50,-13,N/A,0.0,0
170,600,6,1,0,-10,26920,26978,0,203,0,105,187,100,-12,N/A,0.0,0
170,600,6,1,0,-11,26920,27028,0,203,0,106,187,50,-10,N/A,0.0,0
170,600,6,1,0,-13,26920,27078,0,203,0,107,187,50,-11,N/A,0.0,0
170,600,6,1,1,16,26920,27128,27100,192,145,108,187,50,-13,VALID,0.0,0
170,600,6,1,0,55,26920,27178,0,192,0,109,187,50,16,N/A,0.0,0
170,600,6,1,0,95,26920,27228,0,192,0,110,187,50,55,N/A,0.0,0
170,600,6,1,0,136,26920,27278,0,192,0,111,187,50,95,N/A,0.0,0
170,600,1,1,0,104,27293,27378,0,192,0,112,187,100,136,N/A,0.0,0
170,600,1,1,0,64,27293,27428,0,192,0,113,187,50,104,N/A,0.0,0
170,600,1,1,0,24,27293,27478,0,192,0,114,187,50,64,N/A,0.0,0
170,600,1,1,1,-13,27293,27528,27510,205,168,115,187,50,24,VALID,0.0,0
170,600,1,1,0,-18,27293,27578,0,205,0,116,187,50,-13,N/A,0.0,0
170,600,1,1,0,-16,27293,27628,0,205,0,117,187,50,-18,N/A,0.0,0
170,600,1,1,0,-15,27293,27678,0,205,0,118,187,50,-16,N/A,0.0,0
170,600,2,1,0,-14,27716,27778,0,205,0,119,187,100,-15,N/A,0.0,0
170,600,2,1,0,-14,27716,27828,0,205,0,120,187,50,-14,N/A,0.0,0
170,600,2,1,0,-15,27716,27878,0,205,0,121,187,50,-14,N/A,0.0,0
170,600,2,1,1,1,27716,27928,27925,207,185,122,187,50,-15,VALID,0.0,0
170,600,2,1,0,38,27716,27978,0,207,0,123,187,50,1,N/A,0.0,0
170,600,2,1,0,76,27716,28028,0,207,0,124,187,50,38,N/A,0.0,0
170,600,2,1,0,115,27716,28078,0,207,0,125,187,50,76,N/A,0.0,0
170,600,3,1,0,82,28133,28228,0,207,0,126,187,150,115,N/A,0.0,0
170,600,3,1,0,45,28133,28278,0,207,0,127,187,50,82,N/A,0.0,0
170,600,3,1,0,2,28133,28328,0,207,0,128,187,50,45,N/A,0.0,0
170,600,3,1,1,-13,28133,28378,28335,205,143,129,187,50,2,VALID,0.0,0
170,600,3,1,0,-11,28133,28428,0,205,0,130,187,50,-13,N/A,0.0,0
170,600,3,1,0,-11,28133,28478,0,205,0,131,187,50,-11,N/A,0.0,0
170,600,3,1,0,-10,28133,28528,0,205,0,132,187,50,-11,N/A,0.0,0
170,600,4,1,0,-15,28541,28628,0,205,0,133,187,100,-10,N/A,0.0,0
170,600,4,1,0,-16,28541,28678,0,205,0,134,187,50,-15,N/A,0.0,0
170,600,4,1,0,-3,28541,28728,0,205,0,135,187,50,-16,N/A,0.0,0
170,600,4,1,1,34,28541,28778,28732,198,133,136,187,50,-3,VALID,0.0,0
170,600,4,1,0,72,28541,28828,0,198,0,137,187,50,34,N/A,0.0,0
170,600,4,1,0,111,28541,28878,0,198,0,138,187,50,72,N/A,0.0,0
170,600,5,1,0,83,28931,29028,0,198,0,139,187,150,111,N/A,0.0,0
170,600,5,1,0,41,28931,29078,0,198,0,140,187,50,83,N/A,0.0,0
170,600,5,1,0,4,28931,29128,0,198,0,141,187,50,41,N/A,0.0,0
170,600,5,1,1,-15,28931,29178,29139,203,145,142,187,50,4,VALID,0.0,0
170,600,5,1,0,-13,28931,29228,0,203,0,143,187,50,-15,N/A,0.0,0
170,600,5,1,0,-15,28931,29278,0,203,0,144,187,50,-13,N/A,0.0,0
170,600,5,1,0,-12,28931,29328,0,203,0,145,187,50,-15,N/A,0.0,0
170,600,6,1,0,-11,29343,29428,0,203,0,146,187,100,-12,N/A,0.0,0
170,600,6,1,0,-12,29343,29478,0,203,0,147,187,50,-11,N/A,0.0,0
170,600,6,1,0,-2,29343,29528,0,203,0,148,187,50,-12,N/A,0.0,0
170,600,6,1,1,35,29343,29578,29531,196,130,149,187,50,-2,VALID,0.0,0
170,600,6,1,0,74,29343,29628,0,196,0,150,187,50,35,N/A,0.0,0
170,600,6,1,0,113,29343,29678,0,196,0,151,187,50,74,N/A,0.0,0
170,600,1,1,0,116,29728,29778,0,196,0,152,187,100,113,N/A,0.0,0
170,600,1,1,0,76,29728,29828,0,196,0,153,187,50,116,N/A,0.0,0
170,600,1,1,0,36,29728,29878,0,196,0,154,187,50,76,N/A,0.0,0
170,600,1,1,1,-1,29728,29928,29927,198,178,155,187,50,36,VALID,0.0,0
170,600,1,1,0,-18,29728,29978,0,198,0,156,187,50,-1,N/A,0.0,0
170,600,1,1,0,-16,29728,30028,0,198,0,157,187,50,-18,N/A,0.0,0
170,600,1,1,0,-16,29728,30078,0,198,0,158,187,50,-16,N/A,0.0,0
170,600,2,1,0,-16,30126,30178,0,198,0,159,187,100,-16,N/A,0.0,0
170,600,2,1,0,-14,30126,30228,0,198,0,160,187,50,-16,N/A,0.0,0
170,600,2,1,0,-16,30126,30278,0,198,0,161,187,50,-14,N/A,0.0,0
170,600,2,1,0,-16,30126,30328,0,198,0,162,187,50,-16,N/A,0.0,0
170,600,2,1,1,18,30126,30378,30352,212,167,163,187,50,-16,VALID,0.0,0
170,600,2,1,0,55,30126,30428,0,212,0,164,187,50,18,N/A,0.0,0
170,600,2,1,0,93,30126,30478,0,212,0,165,187,50,55,N/A,0.0,0
170,600,2,1,0,132,30126,30528,0,212,0,166,187,50,93,N/A,0.0,0
170,600,3,1,0,109,30565,30628,0,212,0,167,187,100,132,N/A,0.0,0
170,600,3,1,0,69,30565,30678,0,212,0,168,187,50,109,N/A,0.0,0
170,600,3,1,0,31,30565,30728,0,212,0,169,187,50,69,N/A,0.0,0
170,600,3,1,1,-5,30565,30778,30771,209,183,170,187,50,31,VALID,0.0,0
170,600,3,1,0,-12,30565,30828,0,209,0,171,187,50,-5,N/A,0.0,0
170,600,3,1,0,-11,30565,30878,0,209,0,172,187,50,-12,N/A,0.0,0
170,600,3,1,0,-11,30565,30928,0,209,0,173,187,50,-11,N/A,0.0,0
170,600,4,1,0,-15,30981,31078,0,209,0,174,187,150,-11,N/A,0.0,0
170,600,4,1,0,-17,30981,31128,0,209,0,175,187,50,-15,N/A,0.0,0
170,600,4,1,1,11,30981,31178,31158,193,154,176,187,50,-17,VALID,0.0,0
170,600,4,1,0,50,30981,31228,0,193,0,177,187,50,11,N/A,0.0,0
170,600,4,1,0,87,30981,31278,0,193,0,178,187,50,50,N/A,0.0,0
170,600,4,1,0,126,30981,31328,0,193,0,179,187,50,87,N/A,0.0,0
170,600,5,1,0,106,31352,31428,0,193,0,180,187,100,126,N/A,0.0,0
170,600,5,1,0,67,31352,31478,0,193,0,181,187,50,106,N/A,0.0,0
170,600,5,1,0,29,31352,31528,0,193,0,182,187,50,67,N/A,0.0,0
170,600,5,1,1,-8,31352,31578,31567,204,174,183,187,50,29,VALID,0.0,0
170,600,5,1,0,-15,31352,31628,0,204,0,184,187,50,-8,N/A,0.0,0
170,600,5,1,0,-13,31352,31678,0,204,0,185,187,50,-15,N/A,0.0,0
170,600,5,1,0,-13,31352,31728,0,204,0,186,187,50,-13,N/A,0.0,0
170,600,6,1,0,-12,31772,31828,0,204,0,187,187,100,-13,N/A,0.0,0
170,600,6,1,0,-11,31772,31878,0,204,0,188,187,50,-12,N/A,0.0,0
170,600,6,1,0,-12,31772,31928,0,204,0,189,187,50,-11,N/A,0.0,0
170,600,6,1,1,9,31772,31978,31957,195,155,190,187,50,-12,VALID,0.0,0
170,600,6,1,0,47,31772,32028,0,195,0,191,187,50,9,N/A,0.0,0
170,600,6,1,0,84,31772,32078,0,195,0,192,187,50,47,N/A,0.0,0
170,600,6,1,0,119,31772,32128,0,195,0,193,187,50,84,N/A,0.0,0
170,600,1,1,0,105,32153,32228,0,195,0,194,187,100,119,N/A,0.0,0
170,600,1,1,0,66,32153,32278,0,195,0,195,187,50,105,N/A,0.0,0
170,600,1,1,0,31,32153,32328,0,195,0,196,187,50,66,N/A,0.0,0
170,600,1,1,1,-6,32153,32378,32370,206,179,197,187,50,31,VALID,0.0,0
170,600,1,1,0,-18,32153,32428,0,206,0,198,187,50,-6,N/A,0.0,0
170,600,1,1,0,-16,32153,32478,0,206,0,199,187,50,-18,N/A,0.0,0
170,600,1,1,0,-15,32153,32528,0,206,0,200,187,50,-16,N/A,0.0,0
170,600,2,1,0,-16,32577,32628,0,206,0,201,187,100,-15,N/A,0.0,0
170,600,2,1,0,-14,32577,32678,0,206,0,202,187,50,-16,N/A,0.0,0
170,600,2,1,0,-15,32577,32728,0,206,0,203,187,50,-14,N/A,0.0,0
170,600,2,1,0,-4,32577,32778,0,206,0,204,187,50,-15,N/A,0.0,0
170,600,2,1,1,32,32577,32828,32784,207,144,205,187,50,-4,VALID,0.0,0
170,600,2,1,0,70,32577,32878,0,207,0,206,187,50,32,N/A,0.0,0
170,600,2,1,0,109,32577,32928,0,207,0,207,187,50,70,N/A,0.0,0
170,600,2,1,0,147,32577,32978,0,207,0,208,187,50,109,N/A,0.0,0
170,600,3,1,0,99,32992,33078,0,207,0,209,187,100,147,N/A,0.0,0
170,600,3,1,0,59,32992,33128,0,207,0,210,187,50,99,N/A,0.0,0
170,600,3,1,0,20,32992,33178,0,207,0,211,187,50,59,N/A,0.0,0
170,600,3,1,1,-14,32992,33228,33207,211,171,212,187,50,20,VALID,0.0,0
170,600,3,1,0,-12,32992,33278,0,211,0,213,187,50,-14,N/A,0.0,0
170,600,3,1,0,-11,32992,33328,0,211,0,214,187,50,-12,N/A,0.0,0
170,600,3,1,0,-11,32992,33378,0,211,0,215,187,50,-11,N/A,0.0,0
170,600,4,1,0,-15,33419,33478,0,211,0,216,187,100,-11,N/A,0.0,0
170,600,4,1,0,-15,33419,33528,0,211,0,217,187,50,-15,N/A,0.0,0
170,600,4,1,0,-18,33419,33578,0,211,0,218,187,50,-15,N/A,0.0,0
170,600,4,1,1,16,33419,33628,33604,198,155,219,187,50,-18,VALID,0.0,0
170,600,4,1,0,54,33419,33678,0,198,0,220,187,50,16,N/A,0.0,0
170,600,4,1,0,91,33419,33728,0,198,0,221,187,50,54,N/A,0.0,0
170,600,4,1,0,128,33419,33778,0,198,0,222,187,50,91,N/A,0.0,0
170,600,5,1,0,93,33803,33878,0,198,0,223,187,100,128,N/A,0.0,0
170,600,5,1,0,54,33803,33928,0,198,0,224,187,50,93,N/A,0.0,0
170,600,5,1,0,16,33803,33978,0,198,0,225,187,50,54,N/A,0.0,0
170,600,5,1,1,-16,33803,34028,34003,199,155,226,187,50,16,VALID,0.0,0
170,600,5,1,0,-13,33803,34078,0,199,0,227,187,50,-16,N/A,0.0,0
170,600,5,1,0,-13,33803,34128,0,199,0,228,187,50,-13,N/A,0.0,0
170,600,5,1,0,-12,33803,34178,0,199,0,229,187,50,-13,N/A,0.0,0
170,600,6,1,0,-11,34203,34278,0,199,0,230,187,100,-12,N/A,0.0,0
170,600,6,1,0,-11,34203,34328,0,199,0,231,187,50,-11,N/A,0.0,0
170,600,6,1,0,-13,34203,34378,0,199,0,232,187,50,-11,N/A,0.0,0
170,600,6,1,1,24,34203,34428,34396,196,145,233,187,50,-13,VALID,0.0,0
170,600,6,1,0,62,34203,34478,0,196,0,234,187,50,24,N/A,0.0,0
170,600,6,1,0,101,34203,34528,0,196,0,235,187,50,62,N/A,0.0,0
170,600,6,1,0,139,34203,34578,0,196,0,236,187,50,101,N/A,0.0,0
170,600,1,1,0,95,34593,34678,0,196,0,237,187,100,139,N/A,0.0,0
170,600,1,1,0,54,34593,34728,0,196,0,238,187,50,95,N/A,0.0,0
170,600,1,1,0,15,34593,34778,0,196,0,239,187,50,54,N/A,0.0,0
170,600,1,1,1,-20,34593,34828,34799,201,153,240,187,50,15,VALID,0.0,0
170,600,1,1,0,-17,34593,34878,0,201,0,241,187,50,-20,N/A,0.0,0
170,600,1,1,0,-15,34593,34928,0,201,0,242,187,50,-17,N/A,0.0,0
170,600,1,1,0,-15,34593,34978,0,201,0,243,187,50,-15,N/A,0.0,0
170,600,2,1,0,-14,35001,35078,0,201,0,244,187,100,-15,N/A,0.0,0
170,600,2,1,0,-14,35001,35128,0,201,0,245,187,50,-14,N/A,0.0,0
170,600,2,1,0,-16,35001,35178,0,201,0,246,187,50,-14,N/A,0.0,0
170,600,2,1,1,8,35001,35228,35211,206,170,247,187,50,-16,VALID,0.0,0
170,600,2,1,0,44,35001,35278,0,206,0,248,187,50,8,N/A,0.0,0
170,600,2,1,0,85,35001,35328,0,206,0,249,187,50,44,N/A,0.0,0
170,600,2,1,0,126,35001,35378,0,206,0,250,187,50,85,N/A,0.0,0
170,600,3,1,0,117,35418,35478,0,206,0,251,187,100,126,N/A,0.0,0
170,600,3,1,0,75,35418,35528,0,206,0,252,187,50,117,N/A,0.0,0
170,600,3,1,0,35,35418,35578,0,206,0,253,187,50,75,N/A,0.0,0
170,600,3,1,1,-2,35418,35628,35625,207,185,254,187,50,35,VALID,0.0,0
170,600,3,1,0,-13,35418,35678,0,207,0,255,187,50,-2,N/A,0.0,0
170,600,3,1,0,-11,35418,35728,0,207,0,0,187,50,-13,N/A,0.0,0
170,600,3,1,0,-11,35418,35778,0,207,0,1,187,50,-11,N/A,0.0,0
170,600,4,1,0,-15,35833,35928,0,207,0,2,187,150,-11,N/A,0.0,0
170,600,4,1,0,-16,35833,35978,0,207,0,3,187,50,-15,N/A,0.0,0
170,600,4,1,1,1,35833,36028,36025,200,178,4,187,50,-16,VALID,0.0,0
170,600,4,1,0,39,35833,36078,0,200,0,5,187,50,1,N/A,0.0,0
170,600,4,1,0,77,35833,36128,0,200,0,6,187,50,39,N/A,0.0,0
170,600,4,1,0,114,35833,36178,0,200,0,7,187,50,77,N/A,0.0,0
170,600,5,1,0,112,36226,36278,0,200,0,8,187,100,114,N/A,0.0,0
170,600,5,1,0,75,36226,36328,0,200,0,9,187,50,112,N/A,0.0,0
170,600,5,1,0,35,36226,36378,0,200,0,10,187,50,75,N/A,0.0,0
170,600,5,1,1,-2,36226,36428,36425,200,178,11,187,50,35,VALID,0.0,0
170,600,5,1,0,-15,36226,36478,0,200,0,12,187,50,-2,N/A,0.0,0
170,600,5,1,0,-13,36226,36528,0,200,0,13,187,50,-15,N/A,0.0,0
170,600,5,1,0,-12,36226,36578,0,200,0,14,187,50,-13,N/A,0.0,0
170,600,6,1,0,-12,36626,36678,0,200,0,15,187,100,-12,N/A,0.0,0
170,600,6,1,0,-11,36626,36728,0,200,0,16,187,50,-12,N/A,0.0,0
170,600,6,1,0,-12,36626,36778,0,200,0,17,187,50,-11,N/A,0.0,0
170,600,6,1,1,6,36626,36828,36811,193,157,18,187,50,-12,VALID,0.0,0
170,600,6,1,0,45,36626,36878,0,193,0,19,187,50,6,N/A,0.0,0
170,600,6,1,0,85,36626,36928,0,193,0,20,187,50,45,N/A,0.0,0
170,600,6,1,0,122,36626,36978,0,193,0,21,187,50,85,N/A,0.0,0
170,600,1,1,0,112,37005,37078,0,193,0,22,187,100,122,N/A,0.0,0
170,600,1,1,0,73,37005,37128,0,193,0,23,187,50,112,N/A,0.0,0
170,600,1,1,0,34,37005,37178,0,193,0,24,187,50,73,N/A,0.0,0
170,600,1,1,1,-2,37005,37228,37225,207,185,25,187,50,34,VALID,0.0,0
170,600,1,1,0,-20,37005,37278,0,207,0,26,187,50,-2,N/A,0.0,0
170,600,1,1,0,-16,37005,37328,0,207,0,27,187,50,-20,N/A,0.0,0
170,600,1,1,0,-15,37005,37378,0,207,0,28,187,50,-16,N/A,0.0,0
170,600,2,1,0,-14,37433,37528,0,207,0,29,187,150,-15,N/A,0.0,0
170,600,2,1,0,-14,37433,37578,0,207,0,30,187,50,-14,N/A,0.0,0
170,600,2,1,0,-14,37433,37628,0,207,0,31,187,50,-14,N/A,0.0,0
170,600,2,1,1,23,37433,37678,37647,211,161,32,187,50,-14,VALID,0.0,0
170,600,2,1,0,60,37433,37728,0,211,0,33,187,50,23,N/A,0.0,0
170,600,2,1,0,98,37433,37778,0,211,0,34,187,50,60,N/A,0.0,0
170,600,2,1,0,134,37433,37828,0,211,0,35,187,50,98,N/A,0.0,0
170,600,3,1,0,102,37859,37928,0,211,0,36,187,100,134,N/A,0.0,0
170,600,3,1,0,64,37859,37978,0,211,0,37,187,50,102,N/A,0.0,0
170,600,3,1,0,26,37859,38028,0,211,0,38,187,50,64,N/A,0.0,0
170,600,3,1,1,-11,37859,38078,38063,208,174,39,187,50,26,VALID,0.0,0
170,600,3,1,0,-12,37859,38128,0,208,0,40,187,50,-11,N/A,0.0,0
170,600,3,1,0,-11,37859,38178,0,208,0,41,187,50,-12,N/A,0.0,0
170,600,3,1,0,-11,37859,38228,0,208,0,42,187,50,-11,N/A,0.0,0
170,600,4,1,0,-17,38272,38328,0,208,0,43,187,100,-11,N/A,0.0,0
170,600,4,1,0,-15,38272,38378,0,208,0,44,187,50,-17,N/A,0.0,0
170,600,4,1,0,-18,38272,38428,0,208,0,45,187,50,-15,N/A,0.0,0
170,600,4,1,1,17,38272,38478,38454,195,152,46,187,50,-18,VALID,0.0,0
170,600,4,1,0,55,38272,38528,0,195,0,47,187,50,17,N/A,0.0,0
170,600,4,1,0,94,38272,38578,0,195,0,48,187,50,55,N/A,0.0,0
170,600,4,1,0,130,38272,38628,0,195,0,49,187,50,94,N/A,0.0,0
170,600,5,1,0,104,38650,38728,0,195,0,50,187,100,130,N/A,0.0,0
170,600,5,1,0,64,38650,38778,0,195,0,51,187,50,104,N/A,0.0,0
170,600,5,1,0,25,38650,38828,0,195,0,52,187,50,64,N/A,0.0,0
170,600,5,1,1,-12,38650,38878,38862,204,169,53,187,50,25,VALID,0.0,0
170,600,5,1,0,-14,38650,38928,0,204,0,54,187,50,-12,N/A,0.0,0
170,600,5,1,0,-13,38650,38978,0,204,0,55,187,50,-14,N/A,0.0,0
170,600,5,1,0,-12,38650,39028,0,204,0,56,187,50,-13,N/A,0.0,0
170,600,6,1,0,-10,39067,39128,0,204,0,57,187,100,-12,N/A,0.0,0
170,600,6,1,0,-11,39067,39178,0,204,0,58,187,50,-10,N/A,0.0,0
170,600,6,1,0,-13,39067,39228,0,204,0,59,187,50,-11,N/A,0.0,0
170,600,6,1,1,18,39067,39278,39249,193,145,60,187,50,-13,VALID,0.0,0
170,600,6,1,0,50,39067,39328,0,193,0,61,187,50,18,N/A,0.0,0
170,600,6,1,0,88,39067,39378,0,193,0,62,187,50,50,N/A,0.0,0
170,600,6,1,0,124,39067,39428,0,193,0,63,187,50,88,N/A,0.0,0
170,600,1,1,0,99,39443,39528,0,193,0,64,187,100,124,N/A,0.0,0
170,600,1,1,0,59,39443,39578,0,193,0,65,187,50,99,N/A,0.0,0
170,600,1,1,0,20,39443,39628,0,193,0,66,187,50,59,N/A,0.0,0
170,600,1,1,1,-17,39443,39678,39655,203,161,67,187,50,20,VALID,0.0,0
170,600,1,1,0,-17,39443,39728,0,203,0,68,187,50,-17,N/A,0.0,0
170,600,1,1,0,-15,39443,39778,0,203,0,69,187,50,-17,N/A,0.0,0
170,600,1,1,0,-15,39443,39828,0,203,0,70,187,50,-15,N/A,0.0,0
170,600,2,1,0,-14,39859,39928,0,203,0,71,187,100,-15,N/A,0.0,0
170,600,2,1,0,-14,39859,39978,0,203,0,72,187,50,-14,N/A,0.0,0
170,600,2,1,0,-16,39859,40028,0,203,0,73,187,50,-14,N/A,0.0,0
170,600,2,1,1,3,39859,40078,40070,207,180,74,187,50,-16,VALID,0.0,0
170,600,2,1,0,39,39859,40128,0,207,0,75,187,50,3,N/A,0.0,0
170,600,2,1,0,78,39859,40178,0,207,0,76,187,50,39,N/A,0.0,0
170,600,2,1,0,118,39859,40228,0,207,0,77,187,50,78,N/A,0.0,0
170,600,3,1,0,128,40278,40328,0,207,0,78,187,100,118,N/A,0.0,0
170,600,3,1,0,87,40278,40378,0,207,0,79,187,50,128,N/A,0.0,0
170,600,3,1,0,45,40278,40428,0,207,0,80,187,50,87,N/A,0.0,0
170,600,3,1,0,7,40278,40478,0,207,0,81,187,50,45,N/A,0.0,0
170,600,3,1,1,-13,40278,40528,40496,213,162,82,187,50,7,VALID,0.0,0
170,600,3,1,0,-11,40278,40578,0,213,0,83,187,50,-13,N/A,0.0,0
170,600,3,1,0,-11,40278,40628,0,213,0,84,187,50,-11,N/A,0.0,0
170,600,3,1,0,-10,40278,40678,0,213,0,85,187,50,-11,N/A,0.0,0
170,600,4,1,0,-14,40710,40778,0,213,0,86,187,100,-10,N/A,0.0,0
170,600,4,1,0,-16,40710,40828,0,213,0,87,187,50,-14,N/A,0.0,0
170,600,4,1,0,-6,40710,40878,0,213,0,88,187,50,-16,N/A,0.0,0
170,600,4,1,1,31,40710,40928,40886,195,134,89,187,50,-6,VALID,0.0,0
170,600,4,1,0,70,40710,40978,0,195,0,90,187,50,31,N/A,0.0,0
170,600,4,1,0,110,40710,41028,0,195,0,91,187,50,70,N/A,0.0,0
170,600,5,1,0,80,41082,41178,0,195,0,92,187,150,110,N/A,0.0,0
170,600,5,1,0,39,41082,41228,0,195,0,93,187,50,80,N/A,0.0,0
170,600,5,1,0,0,41082,41278,0,195,0,94,187,50,39,N/A,0.0,0
170,600,5,1,1,-15,41082,41328,41278,196,127,95,187,50,-15,VALID,0.0,0
170,600,5,1,0,-13,41082,41378,0,196,0,96,187,50,-15,N/A,0.0,0
170,600,5,1,0,-13,41082,41428,0,196,0,97,187,50,-13,N/A,0.0,0
170,600,6,1,0,-12,41475,41528,0,196,0,98,187,100,-13,N/A,0.0,0
170,600,6,1,0,-10,41475,41578,0,196,0,99,187,50,-12,N/A,0.0,0
170,600,6,1,0,-11,41475,41628,0,196,0,100,187,50,-10,N/A,0.0,0
170,600,6,1,0,-2,41475,41678,0,196,0,101,187,50,-11,N/A,0.0,0
170,600,6,1,1,36,41475,41728,41681,201,135,102,187,50,-2,VALID,0.0,0
170,600,6,1,0,74,41475,41778,0,201,0,103,187,50,36,N/A,0.0,0
170,600,6,1,0,113,41475,41828,0,201,0,104,187,50,74,N/A,0.0,0
170,600,1,1,0,78,41883,41978,0,201,0,105,187,150,113,N/A,0.0,0
170,600,1,1,0,38,41883,42028,0,201,0,106,187,50,78,N/A,0.0,0
170,600,1,1,0,2,41883,42078,0,201,0,107,187,50,38,N/A,0.0,0
170,600,1,1,1,-19,41883,42128,42083,201,137,108,187,50,2,VALID,0.0,0
170,600,1,1,0,-16,41883,42178,0,201,0,109,187,50,-19,N/A,0.0,0
170,600,1,1,0,-15,41883,42228,0,201,0,110,187,50,-16,N/A,0.0,0
170,600,2,1,0,0,42285,42278,0,201,0,111,187,50,-15,N/A,0.0,0
170,600,2,1,0,-14,42285,42378,0,201,0,112,187,100,-14,N/A,0.0,0
170,600,2,1,0,-14,42285,42428,0,201,0,113,187,50,-14,N/A,0.0,0
170,600,2,1,0,-15,42285,42478,0,201,0,114,187,50,-14,N/A,0.0,0
170,600,2,1,1,23,42285,42528,42498,207,158,115,187,50,-15,VALID,0.0,0
170,600,2,1,0,61,42285,42578,0,207,0,116,187,50,23,N/A,0.0,0
170,600,2,1,0,101,42285,42628,0,207,0,117,187,50,61,N/A,0.0,0
170,600,2,1,0,140,42285,42678,0,207,0,118,187,50,101,N/A,0.0,0
170,600,3,1,0,106,42706,42778,0,207,0,119,187,100,140,N/A,0.0,0
170,600,3,1,0,66,42706,42828,0,207,0,120,187,50,106,N/A,0.0,0
170,600,3,1,0,27,42706,42878,0,207,0,121,187,50,66,N/A,0.0,0
170,600,3,1,1,-9,42706,42928,42916,209,178,122,187,50,27,VALID,0.0,0
170,600,3,1,0,-12,42706,42978,0,209,0,123,187,50,-9,N/A,0.0,0
170,600,3,1,0,-11,42706,43028,0,209,0,124,187,50,-12,N/A,0.0,0
170,600,3,1,0,-11,42706,43078,0,209,0,125,187,50,-11,N/A,0.0,0
170,600,4,1,0,-17,43126,43178,0,209,0,126,187,100,-11,N/A,0.0,0
170,600,4,1,0,-15,43126,43228,0,209,0,127,187,50,-17,N/A,0.0,0
170,600,4,1,0,-20,43126,43278,0,209,0,128,187,50,-15,N/A,0.0,0
170,600,4,1,1,10,43126,43328,43311,197,161,129,187,50,-20,VALID,0.0,0
170,600,4,1,0,47,43126,43378,0,197,0,130,187,50,10,N/A,0.0,0
170,600,4,1,0,85,43126,43428,0,197,0,131,187,50,47,N/A,0.0,0
170,600,4,1,0,120,43126,43478,0,197,0,132,187,50,85,N/A,0.0,0
170,600,5,1,0,103,43509,43578,0,197,0,133,187,100,120,N/A,0.0,0
170,600,5,1,0,65,43509,43628,0,197,0,134,187,50,103,N/A,0.0,0
170,600,5,1,0,27,43509,43678,0,197,0,135,187,50,65,N/A,0.0,0
170,600,5,1,1,-9,43509,43728,43716,202,171,136,187,50,27,VALID,0.0,0
170,600,5,1,0,-14,43509,43778,0,202,0,137,187,50,-9,N/A,0.0,0
