seq_cycle,step,ccr,motor_state,zc_event,e_rpm,m_rpm,cycle_zc_us,step_period_us,offset_avg_us,zc_duration_us,zc_pos_pct,diff_us,status,global_risk_streak,global_max_risk,global_reject_total
37087,2,1200,CLOSE_LOCKIN,DETECTED,48348,6906,1241,217,8,100,49.8,8,VALID,0,8,1
37087,3,1200,CLOSE_LOCKIN,DETECTED,48348,6906,1241,201,-6,101,47.8,5,VALID,0,8,1
37087,4,1200,CLOSE_LOCKIN,DETECTED,48348,6906,1241,208,0,101,49.5,7,VALID,0,8,1
37087,5,1200,CLOSE_LOCKIN,DETECTED,48348,6906,1241,219,11,102,50.2,8,VALID,0,8,1
37087,6,1200,CLOSE_LOCKIN,DETECTED,48348,6906,1241,208,1,98,48.1,2,VALID,0,8,1
37088,1,1200,CLOSE_LOCKIN,DETECTED,48740,6962,1231,201,-4,94,47.8,2,VALID,0,8,1
37088,2,1200,CLOSE_LOCKIN,DETECTED,48740,6962,1231,205,0,110,48.8,10,VALID,0,8,1
37088,3,1200,CLOSE_LOCKIN,DETECTED,48740,6962,1231,207,0,90,48.8,11,VALID,0,8,1
37088,4,1200,CLOSE_LOCKIN,DETECTED,48740,6962,1231,207,0,102,48.8,1,VALID,0,8,1
37088,5,1200,CLOSE_LOCKIN,DETECTED,48740,6962,1231,209,1,103,48.8,1,VALID,0,8,1
37088,6,1200,CLOSE_LOCKIN,DETECTED,48740,6962,1231,204,-4,98,48.0,0,VALID,0,8,1
37089,1,1200,CLOSE_LOCKIN,DETECTED,48622,6946,1234,201,-7,99,47.8,5,VALID,0,8,1
37089,2,1200,CLOSE_LOCKIN,DETECTED,48622,6946,1234,219,10,103,50.2,7,VALID,0,8,1
37089,3,1200,CLOSE_LOCKIN,DETECTED,48622,6946,1234,207,0,98,48.8,8,VALID,0,8,1
37089,4,1200,CLOSE_LOCKIN,DETECTED,48622,6946,1234,207,0,90,49.3,12,VALID,0,8,1
37089,5,1200,CLOSE_LOCKIN,DETECTED,48622,6946,1234,210,3,114,49.0,11,VALID,0,8,1
37089,6,1200,CLOSE_LOCKIN,DETECTED,48622,6946,1234,204,-4,97,48.0,1,VALID,0,8,1
37090,1,1200,CLOSE_LOCKIN,DETECTED,48899,6985,1227,204,-4,91,48.5,8,VALID,0,8,1
37090,2,1200,CLOSE_LOCKIN,DETECTED,48899,6985,1227,210,1,109,49.0,6,VALID,0,8,1
37090,3,1200,CLOSE_LOCKIN,DETECTED,48899,6985,1227,203,-6,94,48.3,4,VALID,0,8,1
37090,4,1200,CLOSE_LOCKIN,DETECTED,48899,6985,1227,207,-2,99,49.3,9,VALID,0,8,1
37090,5,1200,CLOSE_LOCKIN,DETECTED,48899,6985,1227,224,14,108,50.9,6,VALID,0,8,1
37090,6,1200,CLOSE_LOCKIN,DETECTED,48899,6985,1227,204,-4,98,47.5,1,VALID,0,8,1
37091,1,1200,CLOSE_LOCKIN,DETECTED,48582,6940,1235,204,-4,93,48.5,2,VALID,0,8,1
37091,2,1200,CLOSE_LOCKIN,DETECTED,48582,6940,1235,217,8,104,50.2,5,VALID,0,8,1
37091,3,1200,CLOSE_LOCKIN,DETECTED,48582,6940,1235,203,-4,103,48.3,9,VALID,0,8,1
37091,4,1200,CLOSE_LOCKIN,DETECTED,48582,6940,1235,203,-5,90,48.8,9,VALID,0,8,1
37091,5,1200,CLOSE_LOCKIN,DETECTED,48582,6940,1235,217,8,115,49.8,7,VALID,0,8,1
37091,6,1200,CLOSE_LOCKIN,DETECTED,48582,6940,1235,205,-4,95,47.8,3,VALID,0,8,1
37092,1,1200,CLOSE_LOCKIN,DETECTED,48465,6923,1238,204,-5,96,48.5,3,VALID,0,8,1
37092,2,1200,CLOSE_LOCKIN,DETECTED,48465,6923,1238,210,1,107,49.5,3,VALID,0,8,1
37092,3,1200,CLOSE_LOCKIN,DETECTED,48465,6923,1238,210,0,93,49.0,10,VALID,0,8,1
37092,4,1200,CLOSE_LOCKIN,DETECTED,48465,6923,1238,203,-6,100,48.8,10,VALID,0,8,1
37092,5,1200,CLOSE_LOCKIN,DETECTED,48465,6923,1238,226,16,106,50.9,9,VALID,0,8,1
37092,6,1200,CLOSE_LOCKIN,DETECTED,48465,6923,1238,202,-5,106,47.0,11,VALID,0,8,1
37093,1,1200,CLOSE_LOCKIN,DETECTED,48348,6906,1241,200,-10,91,48.0,5,VALID,0,8,1
37093,2,1200,CLOSE_LOCKIN,DETECTED,48348,6906,1241,215,5,102,49.8,5,VALID,0,8,1
37093,3,1200,CLOSE_LOCKIN,DETECTED,48348,6906,1241,210,1,105,49.0,12,VALID,0,8,1
37093,4,1200,CLOSE_LOCKIN,DETECTED,48348,6906,1241,204,-5,90,49.0,10,VALID,0,8,1
37093,5,1200,CLOSE_LOCKIN,DETECTED,48348,6906,1241,214,4,110,49.5,4,VALID,0,8,1
37093,6,1200,CLOSE_LOCKIN,DETECTED,48348,6906,1241,217,6,100,48.8,6,VALID,0,8,1
37094,1,1200,CLOSE_LOCKIN,DETECTED,48387,6912,1240,200,-8,96,48.0,5,VALID,0,8,1
37094,2,1200,CLOSE_LOCKIN,DETECTED,48387,6912,1240,208,0,100,49.0,2,VALID,0,8,1
37094,3,1200,CLOSE_LOCKIN,DETECTED,48387,6912,1240,213,4,100,49.3,5,VALID,0,8,1
37094,4,1200,CLOSE_LOCKIN,DETECTED,48387,6912,1240,204,-3,97,49.0,7,VALID,0,8,1
37094,5,1200,CLOSE_LOCKIN,DETECTED,48387,6912,1240,219,12,110,50.2,0,VALID,0,8,1
37094,6,1200,CLOSE_LOCKIN,DETECTED,48387,6912,1240,208,1,95,48.1,5,VALID,0,8,1
37095,1,1200,CLOSE_LOCKIN,DETECTED,48701,6957,1232,201,-4,95,47.8,1,VALID,0,8,1
37095,2,1200,CLOSE_LOCKIN,DETECTED,48701,6957,1232,205,0,109,48.8,9,VALID,0,8,1
37095,3,1200,CLOSE_LOCKIN,DETECTED,48701,6957,1232,205,-2,92,48.8,8,VALID,0,8,1
37095,4,1200,CLOSE_LOCKIN,DETECTED,48701,6957,1232,201,-6,100,48.3,3,VALID,0,8,1
37095,5,1200,CLOSE_LOCKIN,DETECTED,48701,6957,1232,220,11,106,50.0,4,VALID,0,8,1
37095,6,1200,CLOSE_LOCKIN,DETECTED,48701,6957,1232,201,-6,96,47.3,1,VALID,0,8,1
37096,1,1200,CLOSE_LOCKIN,DETECTED,48543,6934,1236,201,-6,100,47.8,5,VALID,0,8,1
37096,2,1200,CLOSE_LOCKIN,DETECTED,48543,6934,1236,218,9,103,50.0,6,VALID,0,8,1
37096,3,1200,CLOSE_LOCKIN,DETECTED,48543,6934,1236,205,-1,99,48.8,7,VALID,0,8,1
37096,4,1200,CLOSE_LOCKIN,DETECTED,48543,6934,1236,204,-2,88,49.0,12,VALID,0,8,1
37096,5,1200,CLOSE_LOCKIN,DETECTED,48543,6934,1236,214,7,115,49.5,9,VALID,0,8,1
37096,6,1200,CLOSE_LOCKIN,DETECTED,48543,6934,1236,202,-6,98,47.5,2,VALID,0,8,1
37097,1,1200,CLOSE_LOCKIN,DETECTED,48780,6968,1230,206,-3,90,48.5,10,VALID,0,8,1
37097,2,1200,CLOSE_LOCKIN,DETECTED,48780,6968,1230,210,0,109,49.0,6,VALID,0,8,1
37097,4,1200,CLOSE_LOCKIN,DETECTED,48780,6968,1230,204,-6,197,49.0,109,RISK,1,8,1
37097,5,1200,CLOSE_LOCKIN,DETECTED,48780,6968,1230,225,-4,85,51.1,30,VALID,0,8,1
37097,6,1200,CLOSE_LOCKIN,DETECTED,48780,6968,1230,206,-23,105,47.6,7,VALID,0,8,1
37098,1,1200,CLOSE_LOCKIN,DETECTED,48309,6901,1242,206,-25,94,48.5,4,VALID,0,8,1
37098,2,1200,CLOSE_LOCKIN,DETECTED,48309,6901,1242,217,-14,101,50.2,8,VALID,0,8,1
37098,3,1200,CLOSE_LOCKIN,DETECTED,48309,6901,1242,205,-24,99,48.3,0,VALID,0,8,1
37098,4,1200,CLOSE_LOCKIN,DETECTED,48309,6901,1242,320,90,94,61.6,103,RISK,1,8,1
37098,5,1200,CLOSE_LOCKIN,DETECTED,48309,6901,1242,225,-4,113,51.1,28,VALID,0,8,1
37098,6,1200,CLOSE_LOCKIN,DETECTED,48309,6901,1242,215,-14,98,48.8,7,VALID,0,8,1
37099,1,1200,CLOSE_LOCKIN,DETECTED,48543,6934,1236,206,-21,95,48.5,1,VALID,0,8,1
37099,2,1200,CLOSE_LOCKIN,DETECTED,48543,6934,1236,207,-20,106,48.8,5,VALID,0,8,1
37099,3,1200,CLOSE_LOCKIN,DETECTED,48543,6934,1236,204,-24,98,48.5,1,VALID,0,8,1
37099,4,1200,CLOSE_LOCKIN,DETECTED,48543,6934,1236,320,91,94,61.6,0,VALID,0,8,1
37099,5,1200,CLOSE_LOCKIN,DETECTED,48543,6934,1236,223,-5,109,50.7,4,VALID,0,8,1
37099,6,1200,CLOSE_LOCKIN,DETECTED,48543,6934,1236,206,-22,101,47.6,3,VALID,0,8,1
37100,1,1200,CLOSE_LOCKIN,DETECTED,48348,6906,1241,206,-22,94,48.5,1,VALID,0,8,1
37100,2,1200,CLOSE_LOCKIN,DETECTED,48348,6906,1241,214,-14,108,49.5,2,VALID,0,8,1
37100,3,1200,CLOSE_LOCKIN,DETECTED,48348,6906,1241,204,-25,96,48.0,2,VALID,0,8,1
37100,4,1200,CLOSE_LOCKIN,DETECTED,48348,6906,1241,320,91,94,61.6,0,VALID,0,8,1
37100,5,1200,CLOSE_LOCKIN,DETECTED,48348,6906,1241,218,-10,110,50.0,1,VALID,0,8,1
37100,6,1200,CLOSE_LOCKIN,DETECTED,48348,6906,1241,210,-18,100,48.1,1,VALID,0,8,1
37101,1,1200,CLOSE_LOCKIN,DETECTED,48348,6906,1241,206,-22,96,48.5,2,VALID,0,8,1
37101,2,1200,CLOSE_LOCKIN,DETECTED,48348,6906,1241,217,-10,99,49.8,9,VALID,0,8,1
37101,4,1200,CLOSE_LOCKIN,DETECTED,48348,6906,1241,320,94,203,61.6,109,RISK,1,8,1
37101,5,1200,CLOSE_LOCKIN,DETECTED,48348,6906,1241,219,-7,94,50.2,16,VALID,0,8,1
37101,6,1200,CLOSE_LOCKIN,DETECTED,48348,6906,1241,208,-15,96,48.1,4,VALID,0,8,1
37102,1,1200,CLOSE_LOCKIN,DETECTED,48582,6940,1235,201,-21,95,47.8,1,VALID,0,8,1
37102,2,1200,CLOSE_LOCKIN,DETECTED,48582,6940,1235,204,-18,107,48.5,8,VALID,0,8,1
37102,3,1200,CLOSE_LOCKIN,DETECTED,48582,6940,1235,201,-23,91,47.8,5,VALID,0,8,1
37102,4,1200,CLOSE_LOCKIN,DETECTED,48582,6940,1235,324,99,101,62.7,102,RISK,1,8,1
37102,5,1200,CLOSE_LOCKIN,DETECTED,48582,6940,1235,204,0,106,46.1,12,VALID,0,8,1
37102,6,1200,CLOSE_LOCKIN,DETECTED,48582,6940,1235,203,-3,103,47.3,7,VALID,0,8,1
37103,1,1200,CLOSE_LOCKIN,DETECTED,48582,6940,1235,201,-10,191,47.8,100,VALID,0,8,1
37103,2,1200,CLOSE_LOCKIN,DETECTED,48582,6940,1235,215,-15,88,49.8,19,VALID,0,8,1
37103,3,1200,CLOSE_LOCKIN,DETECTED,48582,6940,1235,210,-20,99,48.6,3,VALID,0,8,1
37103,4,1200,CLOSE_LOCKIN,DETECTED,48582,6940,1235,205,-25,95,49.3,9,VALID,0,8,1
37103,5,1200,CLOSE_LOCKIN,DETECTED,48582,6940,1235,227,-3,103,51.1,13,VALID,0,8,1
37103,6,1200,CLOSE_LOCKIN,DETECTED,48582,6940,1235,212,-15,106,48.6,3,VALID,0,8,1
37104,1,1200,CLOSE_LOCKIN,DETECTED,48387,6912,1240,315,87,89,60.6,102,RISK,1,8,1
37104,2,1200,CLOSE_LOCKIN,DETECTED,48387,6912,1240,215,-12,106,49.8,18,VALID,0,8,1
37104,4,1200,CLOSE_LOCKIN,DETECTED,48387,6912,1240,205,-22,197,49.3,102,RISK,1,8,1
37104,5,1200,CLOSE_LOCKIN,DETECTED,48387,6912,1240,209,-37,92,49.3,11,VALID,0,8,1
37104,6,1200,CLOSE_LOCKIN,DETECTED,48387,6912,1240,216,-29,94,49.1,12,VALID,0,8,1
37105,1,1200,CLOSE_LOCKIN,DETECTED,48661,6951,1233,315,72,96,60.6,7,VALID,0,8,1
37105,2,1200,CLOSE_LOCKIN,DETECTED,48661,6951,1233,213,-10,105,49.8,1,VALID,0,8,1
37105,3,1200,CLOSE_LOCKIN,DETECTED,48661,6951,1233,206,-17,97,48.1,2,VALID,0,8,1
37105,4,1200,CLOSE_LOCKIN,DETECTED,48661,6951,1233,319,96,94,61.8,103,RISK,1,8,1
37105,5,1200,CLOSE_LOCKIN,DETECTED,48661,6951,1233,202,-20,108,45.5,16,VALID,0,8,1
37105,6,1200,CLOSE_LOCKIN,DETECTED,48661,6951,1233,200,-24,101,47.0,7,VALID,0,8,1
37106,1,1200,CLOSE_LOCKIN,DETECTED,48740,6962,1231,200,-26,92,48.0,4,VALID,0,8,1
37106,2,1200,CLOSE_LOCKIN,DETECTED,48740,6962,1231,212,-14,108,49.5,3,VALID,0,8,1
37106,3,1200,CLOSE_LOCKIN,DETECTED,48740,6962,1231,202,-25,95,48.0,2,VALID,0,8,1
37106,4,1200,CLOSE_LOCKIN,DETECTED,48740,6962,1231,319,92,95,61.8,1,VALID,0,8,1
37106,5,1200,CLOSE_LOCKIN,DETECTED,48740,6962,1231,216,-11,109,50.0,1,VALID,0,8,1
37106,6,1200,CLOSE_LOCKIN,DETECTED,48740,6962,1231,209,-18,100,48.3,1,VALID,0,8,1
37107,1,1200,CLOSE_LOCKIN,DETECTED,48543,6934,1236,200,-27,96,48.0,4,VALID,0,8,1
37107,2,1200,CLOSE_LOCKIN,DETECTED,48543,6934,1236,216,-11,99,50.0,9,VALID,0,8,1
37107,3,1200,CLOSE_LOCKIN,DETECTED,48543,6934,1236,202,-23,100,48.0,5,VALID,0,8,1
37107,4,1200,CLOSE_LOCKIN,DETECTED,48543,6934,1236,319,93,96,61.8,1,VALID,0,8,1
37107,5,1200,CLOSE_LOCKIN,DETECTED,48543,6934,1236,217,-8,104,50.2,5,VALID,0,8,1
37107,6,1200,CLOSE_LOCKIN,DETECTED,48543,6934,1236,208,-16,106,48.1,6,VALID,0,8,1
37108,1,1200,CLOSE_LOCKIN,DETECTED,48939,6991,1226,201,-24,87,47.8,9,VALID,0,8,1
37108,2,1200,CLOSE_LOCKIN,DETECTED,48939,6991,1226,204,-21,112,48.5,13,VALID,0,8,1
37108,3,1200,CLOSE_LOCKIN,DETECTED,48939,6991,1226,205,-23,92,48.8,8,VALID,0,8,1
37108,4,1200,CLOSE_LOCKIN,DETECTED,48939,6991,1226,319,90,99,61.8,3,VALID,0,8,1
37108,5,1200,CLOSE_LOCKIN,DETECTED,48939,6991,1226,210,0,105,49.5,1,VALID,0,8,1
37108,6,1200,CLOSE_LOCKIN,DETECTED,48939,6991,1226,216,6,97,49.1,9,VALID,0,8,1
37109,1,1200,CLOSE_LOCKIN,DETECTED,48780,6968,1230,201,-6,95,47.8,8,VALID,0,8,1
37109,2,1200,CLOSE_LOCKIN,DETECTED,48780,6968,1230,221,13,105,50.7,7,VALID,0,8,1
37109,3,1200,CLOSE_LOCKIN,DETECTED,48780,6968,1230,205,-1,105,48.8,13,VALID,0,8,1
37109,4,1200,CLOSE_LOCKIN,DETECTED,48780,6968,1230,203,-4,84,48.8,15,VALID,0,8,1
37109,5,1200,CLOSE_LOCKIN,DETECTED,48780,6968,1230,212,4,115,49.5,10,VALID,0,8,1
37109,6,1200,CLOSE_LOCKIN,DETECTED,48780,6968,1230,203,-6,98,47.8,1,VALID,0,8,1
37110,1,1200,CLOSE_LOCKIN,DETECTED,48701,6957,1232,201,-7,206,47.8,115,RISK,1,8,1
37110,2,1200,CLOSE_LOCKIN,DETECTED,48701,6957,1232,216,-13,89,50.0,19,VALID,0,8,1
37110,3,1200,CLOSE_LOCKIN,DETECTED,48701,6957,1232,214,-15,100,49.1,7,VALID,0,8,1
37110,4,1200,CLOSE_LOCKIN,DETECTED,48701,6957,1232,207,-21,90,49.3,12,VALID,0,8,1
37110,5,1200,CLOSE_LOCKIN,DETECTED,48701,6957,1232,205,-23,109,48.8,9,VALID,0,8,1
37110,6,1200,CLOSE_LOCKIN,DETECTED,48701,6957,1232,206,-24,97,47.6,1,VALID,0,8,1
37111,1,1200,CLOSE_LOCKIN,DETECTED,48701,6957,1232,327,97,96,63.0,110,RISK,1,8,1
37111,2,1200,CLOSE_LOCKIN,DETECTED,48701,6957,1232,216,7,104,50.0,15,VALID,0,8,1
37111,3,1200,CLOSE_LOCKIN,DETECTED,48701,6957,1232,207,0,100,48.3,0,VALID,0,8,1
37111,4,1200,CLOSE_LOCKIN,DETECTED,48701,6957,1232,207,0,95,49.3,5,VALID,0,8,1
37111,5,1200,CLOSE_LOCKIN,DETECTED,48701,6957,1232,217,9,106,50.2,3,VALID,0,8,1
37111,6,1200,CLOSE_LOCKIN,DETECTED,48701,6957,1232,203,-3,101,47.8,4,VALID,0,8,1
37112,1,1200,CLOSE_LOCKIN,DETECTED,48661,6951,1233,200,-7,92,48.0,4,VALID,0,8,1
37112,2,1200,CLOSE_LOCKIN,DETECTED,48661,6951,1233,211,3,108,49.3,4,VALID,0,8,1
37112,3,1200,CLOSE_LOCKIN,DETECTED,48661,6951,1233,206,-2,94,48.5,6,VALID,0,8,1
37112,4,1200,CLOSE_LOCKIN,DETECTED,48661,6951,1233,207,-1,94,49.3,1,VALID,0,8,1
37112,5,1200,CLOSE_LOCKIN,DETECTED,48661,6951,1233,213,4,110,49.8,4,VALID,0,8,1
37112,6,1200,CLOSE_LOCKIN,DETECTED,48661,6951,1233,209,0,102,48.3,1,VALID,0,8,1
37113,1,1200,CLOSE_LOCKIN,DETECTED,48465,6923,1238,200,-9,95,48.0,3,VALID,0,8,1
37113,2,1200,CLOSE_LOCKIN,DETECTED,48465,6923,1238,216,6,100,50.0,8,VALID,0,8,1
37113,3,1200,CLOSE_LOCKIN,DETECTED,48465,6923,1238,206,-2,99,48.5,5,VALID,0,8,1
37113,4,1200,CLOSE_LOCKIN,DETECTED,48465,6923,1238,207,0,96,49.3,2,VALID,0,8,1
37113,5,1200,CLOSE_LOCKIN,DETECTED,48465,6923,1238,219,11,104,50.2,6,VALID,0,8,1
37113,6,1200,CLOSE_LOCKIN,DETECTED,48465,6923,1238,211,4,104,48.3,2,VALID,0,8,1
37114,1,1200,CLOSE_LOCKIN,DETECTED,48979,6997,1225,200,-6,89,47.5,6,VALID,0,8,1
37114,2,1200,CLOSE_LOCKIN,DETECTED,48979,6997,1225,205,-1,111,48.8,11,VALID,0,8,1
37114,3,1200,CLOSE_LOCKIN,DETECTED,48979,6997,1225,204,-5,94,48.5,5,VALID,0,8,1
37114,4,1200,CLOSE_LOCKIN,DETECTED,48979,6997,1225,207,-2,98,49.3,2,VALID,0,8,1
37114,5,1200,CLOSE_LOCKIN,DETECTED,48979,6997,1225,210,1,106,49.5,2,VALID,0,8,1
37114,6,1200,CLOSE_LOCKIN,DETECTED,48979,6997,1225,213,4,95,48.8,9,VALID,0,8,1
37115,1,1200,CLOSE_LOCKIN,DETECTED,48701,6957,1232,200,-6,96,47.5,7,VALID,0,8,1
37115,2,1200,CLOSE_LOCKIN,DETECTED,48701,6957,1232,220,13,105,50.5,6,VALID,0,8,1
37115,3,1200,CLOSE_LOCKIN,DETECTED,48701,6957,1232,204,-1,103,48.5,9,VALID,0,8,1
37115,4,1200,CLOSE_LOCKIN,DETECTED,48701,6957,1232,202,-4,85,48.5,13,VALID,0,8,1
37115,5,1200,CLOSE_LOCKIN,DETECTED,48701,6957,1232,214,7,116,49.5,10,VALID,0,8,1
37115,6,1200,CLOSE_LOCKIN,DETECTED,48701,6957,1232,200,-8,99,47.5,4,VALID,0,8,1
37116,1,1200,CLOSE_LOCKIN,DETECTED,48622,6946,1234,200,-9,91,47.5,5,VALID,0,8,1
37116,2,1200,CLOSE_LOCKIN,DETECTED,48622,6946,1234,212,2,108,49.5,3,VALID,0,8,1
37116,3,1200,CLOSE_LOCKIN,DETECTED,48622,6946,1234,211,0,95,48.8,8,VALID,0,8,1
37116,4,1200,CLOSE_LOCKIN,DETECTED,48622,6946,1234,202,-8,100,48.5,15,VALID,0,8,1
37116,5,1200,CLOSE_LOCKIN,DETECTED,48622,6946,1234,226,15,100,51.3,16,VALID,0,8,1
37116,6,1200,CLOSE_LOCKIN,DETECTED,48622,6946,1234,207,0,107,47.8,8,VALID,0,8,1
37117,1,1200,CLOSE_LOCKIN,DETECTED,48661,6951,1233,200,-9,89,47.5,2,VALID,0,8,1
37117,2,1200,CLOSE_LOCKIN,DETECTED,48661,6951,1233,216,7,106,50.0,2,VALID,0,8,1
37117,3,1200,CLOSE_LOCKIN,DETECTED,48661,6951,1233,211,2,96,48.8,1,VALID,0,8,1
37117,4,1200,CLOSE_LOCKIN,DETECTED,48661,6951,1233,205,-1,96,48.8,4,VALID,0,8,1
37117,5,1200,CLOSE_LOCKIN,DETECTED,48661,6951,1233,205,-1,108,48.8,8,VALID,0,8,1
37117,6,1200,CLOSE_LOCKIN,DETECTED,48661,6951,1233,217,8,99,49.3,8,VALID,0,8,1
37118,1,1200,CLOSE_LOCKIN,DETECTED,48820,6974,1229,200,-6,93,47.5,4,VALID,0,8,1
37118,2,1200,CLOSE_LOCKIN,DETECTED,48820,6974,1229,213,6,105,49.8,1,VALID,0,8,1
37118,3,1200,CLOSE_LOCKIN,DETECTED,48820,6974,1229,200,-6,98,48.0,2,VALID,0,8,1
37118,4,1200,CLOSE_LOCKIN,DETECTED,48820,6974,1229,205,-2,93,48.8,3,VALID,0,8,1
37118,5,1200,CLOSE_LOCKIN,DETECTED,48820,6974,1229,216,9,108,50.0,0,VALID,0,8,1
37118,6,1200,CLOSE_LOCKIN,DETECTED,48820,6974,1229,206,-1,100,48.1,1,VALID,0,8,1
37119,1,1200,CLOSE_LOCKIN,DETECTED,49019,7002,1224,200,-7,87,47.5,6,VALID,0,8,1
37119,2,1200,CLOSE_LOCKIN,DETECTED,49019,7002,1224,212,4,111,49.5,6,VALID,0,8,1
37119,3,1200,CLOSE_LOCKIN,DETECTED,49019,7002,1224,203,-5,101,48.3,3,VALID,0,8,1
37119,4,1200,CLOSE_LOCKIN,DETECTED,49019,7002,1224,205,-4,91,48.8,2,VALID,0,8,1
37119,5,1200,CLOSE_LOCKIN,DETECTED,49019,7002,1224,216,6,108,50.0,0,VALID,0,8,1
37119,6,1200,CLOSE_LOCKIN,DETECTED,49019,7002,1224,208,-1,96,48.1,4,VALID,0,8,1
37120,1,1200,CLOSE_LOCKIN,DETECTED,48899,6985,1227,203,-3,198,48.3,100,VALID,0,8,1
37120,2,1200,CLOSE_LOCKIN,DETECTED,48899,6985,1227,208,-17,90,49.0,12,VALID,0,8,1
37120,3,1200,CLOSE_LOCKIN,DETECTED,48899,6985,1227,204,-21,92,48.5,7,VALID,0,8,1
37120,4,1200,CLOSE_LOCKIN,DETECTED,48899,6985,1227,205,-20,99,48.8,5,VALID,0,8,1
37120,5,1200,CLOSE_LOCKIN,DETECTED,48899,6985,1227,214,-11,104,50.0,3,VALID,0,8,1
37120,6,1200,CLOSE_LOCKIN,DETECTED,48899,6985,1227,202,-22,100,47.5,4,VALID,0,8,1
37121,1,1200,CLOSE_LOCKIN,DETECTED,48780,6968,1230,320,94,93,61.9,105,RISK,1,8,1
37121,2,1200,CLOSE_LOCKIN,DETECTED,48780,6968,1230,208,-17,105,49.0,15,VALID,0,8,1
37121,3,1200,CLOSE_LOCKIN,DETECTED,48780,6968,1230,204,-22,98,48.5,6,VALID,0,8,1
37121,4,1200,CLOSE_LOCKIN,DETECTED,48780,6968,1230,203,-23,90,48.8,9,VALID,0,8,1
37121,5,1200,CLOSE_LOCKIN,DETECTED,48780,6968,1230,211,-15,111,49.3,7,VALID,0,8,1
37121,6,1200,CLOSE_LOCKIN,DETECTED,48780,6968,1230,207,-20,103,48.3,3,VALID,0,8,1
37122,1,1200,CLOSE_LOCKIN,DETECTED,48939,6991,1226,320,91,87,61.9,6,VALID,0,8,1
37122,2,1200,CLOSE_LOCKIN,DETECTED,48939,6991,1226,212,-16,109,49.5,4,VALID,0,8,1
37122,3,1200,CLOSE_LOCKIN,DETECTED,48939,6991,1226,203,-26,93,48.3,5,VALID,0,8,1
37122,4,1200,CLOSE_LOCKIN,DETECTED,48939,6991,1226,203,-26,100,48.8,10,VALID,0,8,1
37122,5,1200,CLOSE_LOCKIN,DETECTED,48939,6991,1226,219,-10,105,50.7,6,VALID,0,8,1
37122,6,1200,CLOSE_LOCKIN,DETECTED,48939,6991,1226,212,-16,99,48.6,4,VALID,0,8,1
37123,1,1200,CLOSE_LOCKIN,DETECTED,48859,6979,1228,320,93,92,61.9,5,VALID,0,8,1
37123,2,1200,CLOSE_LOCKIN,DETECTED,48859,6979,1228,217,-10,106,50.2,3,VALID,0,8,1
37123,3,1200,CLOSE_LOCKIN,DETECTED,48859,6979,1228,203,-23,96,48.3,3,VALID,0,8,1
37123,4,1200,CLOSE_LOCKIN,DETECTED,48859,6979,1228,204,-21,94,49.0,6,VALID,0,8,1
37123,5,1200,CLOSE_LOCKIN,DETECTED,48859,6979,1228,212,-13,109,49.5,4,VALID,0,8,1
37123,6,1200,CLOSE_LOCKIN,DETECTED,48859,6979,1228,206,-20,99,48.1,0,VALID,0,8,1
37124,1,1200,CLOSE_LOCKIN,DETECTED,48899,6985,1227,320,93,93,61.9,1,VALID,0,8,1
37124,2,1200,CLOSE_LOCKIN,DETECTED,48899,6985,1227,213,-13,106,49.8,0,VALID,0,8,1
37124,3,1200,CLOSE_LOCKIN,DETECTED,48899,6985,1227,200,-26,96,48.0,0,VALID,0,8,1
37124,4,1200,CLOSE_LOCKIN,DETECTED,48899,6985,1227,204,-22,96,49.0,2,VALID,0,8,1
37124,5,1200,CLOSE_LOCKIN,DETECTED,48899,6985,1227,217,-9,106,50.2,3,VALID,0,8,1
37124,6,1200,CLOSE_LOCKIN,DETECTED,48899,6985,1227,206,-20,101,48.1,2,VALID,0,8,1
37125,1,1200,CLOSE_LOCKIN,DETECTED,49019,7002,1224,320,93,87,61.9,6,VALID,0,8,1
37125,2,1200,CLOSE_LOCKIN,DETECTED,49019,7002,1224,213,-13,112,49.8,6,VALID,0,8,1
37125,3,1200,CLOSE_LOCKIN,DETECTED,49019,7002,1224,200,-27,100,48.0,4,VALID,0,8,1
37125,4,1200,CLOSE_LOCKIN,DETECTED,49019,7002,1224,204,-25,90,49.0,6,VALID,0,8,1
37125,5,1200,CLOSE_LOCKIN,DETECTED,49019,7002,1224,213,-16,110,49.8,4,VALID,0,8,1
37125,6,1200,CLOSE_LOCKIN,DETECTED,49019,7002,1224,209,-20,97,48.3,4,VALID,0,8,1
37126,1,1200,CLOSE_LOCKIN,DETECTED,48504,6929,1237,320,91,97,61.9,10,VALID,0,8,1
37126,2,1200,CLOSE_LOCKIN,DETECTED,48504,6929,1237,221,12,104,50.7,8,VALID,0,8,1
37126,3,1200,CLOSE_LOCKIN,DETECTED,48504,6929,1237,207,0,97,48.3,3,VALID,0,8,1
37126,4,1200,CLOSE_LOCKIN,DETECTED,48504,6929,1237,204,-2,95,49.0,5,VALID,0,8,1
37126,5,1200,CLOSE_LOCKIN,DETECTED,48504,6929,1237,218,11,105,50.5,5,VALID,0,8,1
37126,6,1200,CLOSE_LOCKIN,DETECTED,48504,6929,1237,203,-2,99,47.8,2,VALID,0,8,1
37127,1,1200,CLOSE_LOCKIN,DETECTED,48740,6962,1231,201,-5,98,48.3,1,VALID,0,8,1
37127,2,1200,CLOSE_LOCKIN,DETECTED,48740,6962,1231,211,4,107,49.3,3,VALID,0,8,1
37127,3,1200,CLOSE_LOCKIN,DETECTED,48740,6962,1231,202,-5,86,48.0,11,VALID,0,8,1
37127,4,1200,CLOSE_LOCKIN,DETECTED,48740,6962,1231,204,-3,105,49.0,10,VALID,0,8,1
37127,5,1200,CLOSE_LOCKIN,DETECTED,48740,6962,1231,212,3,103,49.5,2,VALID,0,8,1
37127,6,1200,CLOSE_LOCKIN,DETECTED,48740,6962,1231,206,-1,99,48.1,0,VALID,0,8,1
37128,1,1200,CLOSE_LOCKIN,DETECTED,48899,6985,1227,203,-4,94,48.3,4,VALID,0,8,1
37128,2,1200,CLOSE_LOCKIN,DETECTED,48899,6985,1227,216,8,105,49.5,2,VALID,0,8,1
37128,3,1200,CLOSE_LOCKIN,DETECTED,48899,6985,1227,202,-5,98,48.0,12,VALID,0,8,1
37128,4,1200,CLOSE_LOCKIN,DETECTED,48899,6985,1227,210,2,90,50.0,15,VALID,0,8,1
37128,5,1200,CLOSE_LOCKIN,DETECTED,48899,6985,1227,210,2,112,49.0,9,VALID,0,8,1
37128,6,1200,CLOSE_LOCKIN,DETECTED,48899,6985,1227,206,-3,102,48.1,3,VALID,0,8,1
37129,1,1200,CLOSE_LOCKIN,DETECTED,48899,6985,1227,203,-7,87,48.3,7,VALID,0,8,1
37129,2,1200,CLOSE_LOCKIN,DETECTED,48899,6985,1227,212,2,109,49.5,4,VALID,0,8,1
37129,3,1200,CLOSE_LOCKIN,DETECTED,48899,6985,1227,203,-7,98,48.3,0,VALID,0,8,1
37129,4,1200,CLOSE_LOCKIN,DETECTED,48899,6985,1227,210,-1,95,50.0,5,VALID,0,8,1
37129,5,1200,CLOSE_LOCKIN,DETECTED,48899,6985,1227,221,10,104,50.7,8,VALID,0,8,1
37129,6,1200,CLOSE_LOCKIN,DETECTED,48899,6985,1227,211,1,101,48.3,1,VALID,0,8,1
37130,1,1200,CLOSE_LOCKIN,DETECTED,48740,6962,1231,203,-5,93,48.3,6,VALID,0,8,1
37130,2,1200,CLOSE_LOCKIN,DETECTED,48740,6962,1231,217,8,104,50.2,5,VALID,0,8,1
37130,4,1200,CLOSE_LOCKIN,DETECTED,48740,6962,1231,210,2,199,50.0,104,RISK,1,8,1
37130,5,1200,CLOSE_LOCKIN,DETECTED,48740,6962,1231,210,-15,93,49.5,11,VALID,0,8,1
37130,6,1200,CLOSE_LOCKIN,DETECTED,48740,6962,1231,208,-16,93,48.6,8,VALID,0,8,1
37131,1,1200,CLOSE_LOCKIN,DETECTED,48780,6968,1230,203,-21,97,48.3,4,VALID,0,8,1
37131,2,1200,CLOSE_LOCKIN,DETECTED,48780,6968,1230,210,-14,103,49.5,1,VALID,0,8,1
37131,3,1200,CLOSE_LOCKIN,DETECTED,48780,6968,1230,204,-20,99,48.0,1,VALID,0,8,1
37131,4,1200,CLOSE_LOCKIN,DETECTED,48780,6968,1230,320,95,93,62.2,106,RISK,1,8,1
37131,5,1200,CLOSE_LOCKIN,DETECTED,48780,6968,1230,203,-21,107,45.8,14,VALID,0,8,1
37131,6,1200,CLOSE_LOCKIN,DETECTED,48780,6968,1230,208,-18,101,48.6,8,VALID,0,8,1
37132,1,1200,CLOSE_LOCKIN,DETECTED,48899,6985,1227,201,-25,92,48.3,5,VALID,0,8,1
37132,2,1200,CLOSE_LOCKIN,DETECTED,48899,6985,1227,209,-17,102,49.3,1,VALID,0,8,1
37132,3,1200,CLOSE_LOCKIN,DETECTED,48899,6985,1227,204,-21,104,48.5,5,VALID,0,8,1
37132,4,1200,CLOSE_LOCKIN,DETECTED,48899,6985,1227,320,93,90,62.2,3,VALID,0,8,1
37132,5,1200,CLOSE_LOCKIN,DETECTED,48899,6985,1227,214,-13,110,50.0,3,VALID,0,8,1
37132,6,1200,CLOSE_LOCKIN,DETECTED,48899,6985,1227,209,-18,100,48.3,1,VALID,0,8,1
37133,1,1200,CLOSE_LOCKIN,DETECTED,48622,6946,1234,201,-26,96,48.3,4,VALID,0,8,1
37133,2,1200,CLOSE_LOCKIN,DETECTED,48622,6946,1234,207,-20,99,49.3,3,VALID,0,8,1
37133,3,1200,CLOSE_LOCKIN,DETECTED,48622,6946,1234,211,-16,100,49.3,4,VALID,0,8,1
37133,4,1200,CLOSE_LOCKIN,DETECTED,48622,6946,1234,320,94,95,62.2,5,VALID,0,8,1
37133,5,1200,CLOSE_LOCKIN,DETECTED,48622,6946,1234,218,-8,105,50.5,5,VALID,0,8,1
37133,6,1200,CLOSE_LOCKIN,DETECTED,48622,6946,1234,208,-17,105,48.1,5,VALID,0,8,1
37134,1,1200,CLOSE_LOCKIN,DETECTED,48820,6974,1229,201,-25,90,47.8,6,VALID,0,8,1
37134,2,1200,CLOSE_LOCKIN,DETECTED,48820,6974,1229,204,-22,109,48.5,10,VALID,0,8,1
37134,3,1200,CLOSE_LOCKIN,DETECTED,48820,6974,1229,205,-23,93,48.8,7,VALID,0,8,1
37134,4,1200,CLOSE_LOCKIN,DETECTED,48820,6974,1229,320,91,99,62.2,4,VALID,0,8,1
37134,5,1200,CLOSE_LOCKIN,DETECTED,48820,6974,1229,212,3,106,49.5,1,VALID,0,8,1
37134,6,1200,CLOSE_LOCKIN,DETECTED,48820,6974,1229,215,5,95,48.8,10,VALID,0,8,1
37135,1,1200,CLOSE_LOCKIN,DETECTED,48740,6962,1231,201,-5,96,47.8,6,VALID,0,8,1
37135,2,1200,CLOSE_LOCKIN,DETECTED,48740,6962,1231,218,11,106,50.0,3,VALID,0,8,1
37135,3,1200,CLOSE_LOCKIN,DETECTED,48740,6962,1231,205,-1,105,48.8,12,VALID,0,8,1
37135,4,1200,CLOSE_LOCKIN,DETECTED,48740,6962,1231,203,-4,85,48.8,14,VALID,0,8,1
37135,5,1200,CLOSE_LOCKIN,DETECTED,48740,6962,1231,214,6,114,49.5,8,VALID,0,8,1
37135,6,1200,CLOSE_LOCKIN,DETECTED,48740,6962,1231,200,-9,98,47.5,3,VALID,0,8,1
37136,1,1200,CLOSE_LOCKIN,DETECTED,48740,6962,1231,201,-7,205,47.8,114,RISK,1,8,1
37136,2,1200,CLOSE_LOCKIN,DETECTED,48740,6962,1231,216,-12,89,50.0,19,VALID,0,8,1
37136,3,1200,CLOSE_LOCKIN,DETECTED,48740,6962,1231,214,-14,94,49.1,0,VALID,0,8,1
37136,4,1200,CLOSE_LOCKIN,DETECTED,48740,6962,1231,203,-25,95,48.8,4,VALID,0,8,1
37136,5,1200,CLOSE_LOCKIN,DETECTED,48740,6962,1231,208,-20,110,49.0,8,VALID,0,8,1
37136,6,1200,CLOSE_LOCKIN,DETECTED,48740,6962,1231,206,-24,95,47.6,3,VALID,0,8,1
37137,1,1200,CLOSE_LOCKIN,DETECTED,48859,6979,1228,326,96,95,62.9,110,RISK,1,8,1
37137,2,1200,CLOSE_LOCKIN,DETECTED,48859,6979,1228,216,-13,105,50.0,16,VALID,0,8,1
37137,3,1200,CLOSE_LOCKIN,DETECTED,48859,6979,1228,214,-15,93,49.1,1,VALID,0,8,1
37137,4,1200,CLOSE_LOCKIN,DETECTED,48859,6979,1228,203,-26,95,48.8,0,VALID,0,8,1
37137,5,1200,CLOSE_LOCKIN,DETECTED,48859,6979,1228,219,-10,106,50.2,4,VALID,0,8,1
37137,6,1200,CLOSE_LOCKIN,DETECTED,48859,6979,1228,201,-27,107,47.3,12,VALID,0,8,1
37138,1,1200,CLOSE_LOCKIN,DETECTED,49220,7031,1219,326,95,80,62.9,15,VALID,0,8,1
37138,2,1200,CLOSE_LOCKIN,DETECTED,49220,7031,1219,212,-19,114,49.5,9,VALID,0,8,1
37138,3,1200,CLOSE_LOCKIN,DETECTED,49220,7031,1219,214,-18,91,49.1,2,VALID,0,8,1
37138,4,1200,CLOSE_LOCKIN,DETECTED,49220,7031,1219,203,-29,95,48.8,0,VALID,0,8,1
37138,5,1200,CLOSE_LOCKIN,DETECTED,49220,7031,1219,213,-19,107,49.8,1,VALID,0,8,1
37138,6,1200,CLOSE_LOCKIN,DETECTED,49220,7031,1219,218,-15,100,49.1,7,VALID,0,8,1
37139,1,1200,CLOSE_LOCKIN,DETECTED,49220,7031,1219,200,-5,200,48.0,104,RISK,1,8,1
37139,2,1200,CLOSE_LOCKIN,DETECTED,49220,7031,1219,202,-23,90,48.5,8,VALID,0,8,1
37139,3,1200,CLOSE_LOCKIN,DETECTED,49220,7031,1219,206,-19,92,49.0,9,VALID,0,8,1
37139,4,1200,CLOSE_LOCKIN,DETECTED,49220,7031,1219,203,-22,99,48.8,6,VALID,0,8,1
37139,5,1200,CLOSE_LOCKIN,DETECTED,49220,7031,1219,213,-12,104,49.8,2,VALID,0,8,1
37139,6,1200,CLOSE_LOCKIN,DETECTED,49220,7031,1219,207,-18,99,48.3,1,VALID,0,8,1
37140,1,1200,CLOSE_LOCKIN,DETECTED,48899,6985,1227,321,96,93,62.3,107,RISK,1,8,1
37140,2,1200,CLOSE_LOCKIN,DETECTED,48899,6985,1227,202,-22,104,48.5,14,VALID,0,8,1
37140,3,1200,CLOSE_LOCKIN,DETECTED,48899,6985,1227,206,-20,99,49.0,7,VALID,0,8,1
37140,4,1200,CLOSE_LOCKIN,DETECTED,48899,6985,1227,203,-22,89,48.8,10,VALID,0,8,1
37140,5,1200,CLOSE_LOCKIN,DETECTED,48899,6985,1227,211,-14,113,49.3,9,VALID,0,8,1
37140,6,1200,CLOSE_LOCKIN,DETECTED,48899,6985,1227,206,-21,101,48.1,2,VALID,0,8,1
37141,1,1200,CLOSE_LOCKIN,DETECTED,48939,6991,1226,321,92,88,62.3,5,VALID,0,8,1
37141,2,1200,CLOSE_LOCKIN,DETECTED,48939,6991,1226,210,-18,109,49.5,5,VALID,0,8,1
37141,3,1200,CLOSE_LOCKIN,DETECTED,48939,6991,1226,204,-25,93,48.5,6,VALID,0,8,1
37141,4,1200,CLOSE_LOCKIN,DETECTED,48939,6991,1226,203,-26,101,48.8,12,VALID,0,8,1
37141,5,1200,CLOSE_LOCKIN,DETECTED,48939,6991,1226,222,-8,104,50.9,9,VALID,0,8,1
37141,6,1200,CLOSE_LOCKIN,DETECTED,48939,6991,1226,210,-18,99,48.1,2,VALID,0,8,1
37142,1,1200,CLOSE_LOCKIN,DETECTED,48780,6968,1230,321,93,93,62.3,5,VALID,0,8,1
37142,2,1200,CLOSE_LOCKIN,DETECTED,48780,6968,1230,217,-10,105,50.2,4,VALID,0,8,1
37142,3,1200,CLOSE_LOCKIN,DETECTED,48780,6968,1230,204,-22,96,48.5,3,VALID,0,8,1
37142,4,1200,CLOSE_LOCKIN,DETECTED,48780,6968,1230,206,-20,95,49.0,6,VALID,0,8,1
37142,5,1200,CLOSE_LOCKIN,DETECTED,48780,6968,1230,211,-15,109,49.3,5,VALID,0,8,1
37142,6,1200,CLOSE_LOCKIN,DETECTED,48780,6968,1230,206,-21,99,48.1,0,VALID,0,8,1
37143,1,1200,CLOSE_LOCKIN,DETECTED,48899,6985,1227,321,94,92,62.3,1,VALID,0,8,1
37143,2,1200,CLOSE_LOCKIN,DETECTED,48899,6985,1227,212,-15,108,49.5,3,VALID,0,8,1
37143,3,1200,CLOSE_LOCKIN,DETECTED,48899,6985,1227,200,-27,95,48.0,1,VALID,0,8,1
37143,4,1200,CLOSE_LOCKIN,DETECTED,48899,6985,1227,206,-21,95,49.0,0,VALID,0,8,1
37143,5,1200,CLOSE_LOCKIN,DETECTED,48899,6985,1227,217,-10,108,50.2,1,VALID,0,8,1
37143,6,1200,CLOSE_LOCKIN,DETECTED,48899,6985,1227,206,-21,99,48.1,0,VALID,0,8,1
37144,1,1200,CLOSE_LOCKIN,DETECTED,49019,7002,1224,321,93,88,62.3,4,VALID,0,8,1
37144,2,1200,CLOSE_LOCKIN,DETECTED,49019,7002,1224,216,-11,112,50.0,4,VALID,0,8,1
37144,3,1200,CLOSE_LOCKIN,DETECTED,49019,7002,1224,200,-28,99,48.0,4,VALID,0,8,1
37144,4,1200,CLOSE_LOCKIN,DETECTED,49019,7002,1224,206,-23,91,49.0,4,VALID,0,8,1
37144,5,1200,CLOSE_LOCKIN,DETECTED,49019,7002,1224,216,-13,108,50.0,0,VALID,0,8,1
37144,6,1200,CLOSE_LOCKIN,DETECTED,49019,7002,1224,206,-23,97,48.1,2,VALID,0,8,1
37145,1,1200,CLOSE_LOCKIN,DETECTED,48543,6934,1236,321,92,97,62.3,9,VALID,0,8,1
37145,2,1200,CLOSE_LOCKIN,DETECTED,48543,6934,1236,221,12,104,50.7,8,VALID,0,8,1
37145,3,1200,CLOSE_LOCKIN,DETECTED,48543,6934,1236,206,-1,97,48.1,2,VALID,0,8,1
37145,4,1200,CLOSE_LOCKIN,DETECTED,48543,6934,1236,206,0,95,49.0,4,VALID,0,8,1
37145,5,1200,CLOSE_LOCKIN,DETECTED,48543,6934,1236,216,9,105,50.0,3,VALID,0,8,1
37145,6,1200,CLOSE_LOCKIN,DETECTED,48543,6934,1236,203,-2,99,47.8,2,VALID,0,8,1
37146,1,1200,CLOSE_LOCKIN,DETECTED,48740,6962,1231,201,-5,98,48.3,1,VALID,0,8,1
37146,2,1200,CLOSE_LOCKIN,DETECTED,48740,6962,1231,211,4,107,49.3,3,VALID,0,8,1
37146,3,1200,CLOSE_LOCKIN,DETECTED,48740,6962,1231,202,-5,87,48.0,10,VALID,0,8,1
37146,4,1200,CLOSE_LOCKIN,DETECTED,48740,6962,1231,206,-1,103,49.0,8,VALID,0,8,1
37146,5,1200,CLOSE_LOCKIN,DETECTED,48740,6962,1231,212,4,104,49.5,1,VALID,0,8,1
37146,6,1200,CLOSE_LOCKIN,DETECTED,48740,6962,1231,206,-1,99,48.1,0,VALID,0,8,1
37147,1,1200,CLOSE_LOCKIN,DETECTED,48859,6979,1228,203,-4,94,48.3,4,VALID,0,8,1
37147,2,1200,CLOSE_LOCKIN,DETECTED,48859,6979,1228,216,8,105,49.5,2,VALID,0,8,1
37147,3,1200,CLOSE_LOCKIN,DETECTED,48859,6979,1228,202,-5,99,48.0,12,VALID,0,8,1
37147,4,1200,CLOSE_LOCKIN,DETECTED,48859,6979,1228,208,0,88,49.5,15,VALID,0,8,1
37147,5,1200,CLOSE_LOCKIN,DETECTED,48859,6979,1228,211,3,112,49.3,8,VALID,0,8,1
37147,6,1200,CLOSE_LOCKIN,DETECTED,48859,6979,1228,206,-3,102,48.1,3,VALID,0,8,1
37148,1,1200,CLOSE_LOCKIN,DETECTED,48859,6979,1228,203,-7,88,48.3,6,VALID,0,8,1
37148,2,1200,CLOSE_LOCKIN,DETECTED,48859,6979,1228,212,2,109,49.5,4,VALID,0,8,1
37148,3,1200,CLOSE_LOCKIN,DETECTED,48859,6979,1228,205,-5,97,48.3,2,VALID,0,8,1
37148,4,1200,CLOSE_LOCKIN,DETECTED,48859,6979,1228,208,-2,97,49.5,9,VALID,0,8,1
37148,5,1200,CLOSE_LOCKIN,DETECTED,48859,6979,1228,221,11,102,50.7,10,VALID,0,8,1
37148,6,1200,CLOSE_LOCKIN,DETECTED,48859,6979,1228,211,4,101,48.3,1,VALID,0,8,1
37149,1,1200,CLOSE_LOCKIN,DETECTED,48740,6962,1231,203,-3,94,48.3,6,VALID,0,8,1
37149,2,1200,CLOSE_LOCKIN,DETECTED,48740,6962,1231,217,10,103,50.2,6,VALID,0,8,1
37149,4,1200,CLOSE_LOCKIN,DETECTED,48740,6962,1231,201,-4,199,48.3,102,RISK,1,8,1
37149,5,1200,CLOSE_LOCKIN,DETECTED,48740,6962,1231,208,-17,93,49.0,9,VALID,0,8,1
37149,6,1200,CLOSE_LOCKIN,DETECTED,48740,6962,1231,208,-16,93,48.6,8,VALID,0,8,1
37150,1,1200,CLOSE_LOCKIN,DETECTED,48859,6979,1228,203,-21,96,48.3,2,VALID,0,8,1
37150,2,1200,CLOSE_LOCKIN,DETECTED,48859,6979,1228,209,-15,105,49.3,2,VALID,0,8,1
37150,3,1200,CLOSE_LOCKIN,DETECTED,48859,6979,1228,202,-22,97,48.0,0,VALID,0,8,1
37150,4,1200,CLOSE_LOCKIN,DETECTED,48859,6979,1228,320,95,94,62.2,105,RISK,1,8,1
37150,5,1200,CLOSE_LOCKIN,DETECTED,48859,6979,1228,203,-21,107,45.8,14,VALID,0,8,1
37150,6,1200,CLOSE_LOCKIN,DETECTED,48859,6979,1228,208,-18,100,48.6,7,VALID,0,8,1
37151,1,1200,CLOSE_LOCKIN,DETECTED,48859,6979,1228,203,-23,94,48.3,2,VALID,0,8,1
37151,2,1200,CLOSE_LOCKIN,DETECTED,48859,6979,1228,212,-14,102,49.5,3,VALID,0,8,1
37151,3,1200,CLOSE_LOCKIN,DETECTED,48859,6979,1228,202,-23,104,48.0,7,VALID,0,8,1
37151,4,1200,CLOSE_LOCKIN,DETECTED,48859,6979,1228,320,93,90,62.2,4,VALID,0,8,1
37151,5,1200,CLOSE_LOCKIN,DETECTED,48859,6979,1228,214,-13,110,50.0,3,VALID,0,8,1
37151,6,1200,CLOSE_LOCKIN,DETECTED,48859,6979,1228,207,-20,100,48.3,0,VALID,0,8,1
37152,1,1200,CLOSE_LOCKIN,DETECTED,48622,6946,1234,203,-24,96,48.3,2,VALID,0,8,1
37152,2,1200,CLOSE_LOCKIN,DETECTED,48622,6946,1234,207,-20,99,49.3,3,VALID,0,8,1
37152,3,1200,CLOSE_LOCKIN,DETECTED,48622,6946,1234,211,-16,100,49.3,4,VALID,0,8,1
37152,4,1200,CLOSE_LOCKIN,DETECTED,48622,6946,1234,320,94,95,62.2,5,VALID,0,8,1
37152,5,1200,CLOSE_LOCKIN,DETECTED,48622,6946,1234,218,-8,105,50.5,5,VALID,0,8,1
37152,6,1200,CLOSE_LOCKIN,DETECTED,48622,6946,1234,208,-17,105,48.1,5,VALID,0,8,1
37153,1,1200,CLOSE_LOCKIN,DETECTED,48820,6974,1229,201,-25,90,47.8,6,VALID,0,8,1
37153,2,1200,CLOSE_LOCKIN,DETECTED,48820,6974,1229,204,-22,109,48.5,10,VALID,0,8,1
37153,3,1200,CLOSE_LOCKIN,DETECTED,48820,6974,1229,205,-23,93,48.8,7,VALID,0,8,1
37153,4,1200,CLOSE_LOCKIN,DETECTED,48820,6974,1229,320,91,99,62.2,4,VALID,0,8,1
37153,5,1200,CLOSE_LOCKIN,DETECTED,48820,6974,1229,212,3,106,49.5,1,VALID,0,8,1
37153,6,1200,CLOSE_LOCKIN,DETECTED,48820,6974,1229,215,5,95,48.8,10,VALID,0,8,1
37154,1,1200,CLOSE_LOCKIN,DETECTED,48701,6957,1232,201,-5,97,47.8,7,VALID,0,8,1
37154,2,1200,CLOSE_LOCKIN,DETECTED,48701,6957,1232,218,11,104,50.0,5,VALID,0,8,1
37154,3,1200,CLOSE_LOCKIN,DETECTED,48701,6957,1232,205,0,106,48.8,13,VALID,0,8,1
37154,4,1200,CLOSE_LOCKIN,DETECTED,48701,6957,1232,203,-4,84,48.8,15,VALID,0,8,1
37154,5,1200,CLOSE_LOCKIN,DETECTED,48701,6957,1232,214,6,115,49.5,9,VALID,0,8,1
37154,6,1200,CLOSE_LOCKIN,DETECTED,48701,6957,1232,200,-9,99,47.5,4,VALID,0,8,1
37155,1,1200,CLOSE_LOCKIN,DETECTED,48740,6962,1231,201,-7,205,48.3,115,RISK,1,8,1
37155,2,1200,CLOSE_LOCKIN,DETECTED,48740,6962,1231,216,-13,89,50.0,19,VALID,0,8,1
37155,3,1200,CLOSE_LOCKIN,DETECTED,48740,6962,1231,215,-14,94,49.3,0,VALID,0,8,1
37155,4,1200,CLOSE_LOCKIN,DETECTED,48740,6962,1231,203,-26,95,48.8,4,VALID,0,8,1
37155,5,1200,CLOSE_LOCKIN,DETECTED,48740,6962,1231,208,-21,110,49.0,8,VALID,0,8,1
37155,6,1200,CLOSE_LOCKIN,DETECTED,48740,6962,1231,207,-24,94,47.8,5,VALID,0,8,1
37156,1,1200,CLOSE_LOCKIN,DETECTED,48859,6979,1228,326,95,97,62.9,108,RISK,1,8,1
37156,2,1200,CLOSE_LOCKIN,DETECTED,48859,6979,1228,216,5,103,50.0,14,VALID,0,8,1
37156,3,1200,CLOSE_LOCKIN,DETECTED,48859,6979,1228,215,6,94,49.3,0,VALID,0,8,1
37156,4,1200,CLOSE_LOCKIN,DETECTED,48859,6979,1228,203,-6,96,48.8,1,VALID,0,8,1
37156,5,1200,CLOSE_LOCKIN,DETECTED,48859,6979,1228,219,10,106,50.2,4,VALID,0,8,1
37156,6,1200,CLOSE_LOCKIN,DETECTED,48859,6979,1228,207,-1,106,47.8,12,VALID,0,8,1
37157,1,1200,CLOSE_LOCKIN,DETECTED,49180,7025,1220,201,-8,83,48.3,14,VALID,0,8,1
37157,2,1200,CLOSE_LOCKIN,DETECTED,49180,7025,1220,209,0,112,49.3,9,VALID,0,8,1
37157,3,1200,CLOSE_LOCKIN,DETECTED,49180,7025,1220,215,3,93,49.3,1,VALID,0,8,1
37157,4,1200,CLOSE_LOCKIN,DETECTED,49180,7025,1220,203,-8,94,48.8,2,VALID,0,8,1
37157,5,1200,CLOSE_LOCKIN,DETECTED,49180,7025,1220,213,1,109,49.8,3,VALID,0,8,1
37157,6,1200,CLOSE_LOCKIN,DETECTED,49180,7025,1220,216,4,98,49.1,8,VALID,0,8,1
37158,1,1200,CLOSE_LOCKIN,DETECTED,48859,6979,1228,201,-9,96,48.3,13,VALID,0,8,1
37158,2,1200,CLOSE_LOCKIN,DETECTED,48859,6979,1228,220,10,99,50.9,13,VALID,0,8,1
37158,3,1200,CLOSE_LOCKIN,DETECTED,48859,6979,1228,215,7,100,49.3,7,VALID,0,8,1
37158,4,1200,CLOSE_LOCKIN,DETECTED,48859,6979,1228,203,-2,94,48.8,0,VALID,0,8,1
37158,5,1200,CLOSE_LOCKIN,DETECTED,48859,6979,1228,217,11,106,50.2,3,VALID,0,8,1
37158,6,1200,CLOSE_LOCKIN,DETECTED,48859,6979,1228,205,0,104,47.8,6,VALID,0,8,1
37159,1,1200,CLOSE_LOCKIN,DETECTED,49019,7002,1224,200,-6,90,48.0,6,VALID,0,8,1
37159,2,1200,CLOSE_LOCKIN,DETECTED,49019,7002,1224,203,-3,110,48.8,11,VALID,0,8,1
37159,3,1200,CLOSE_LOCKIN,DETECTED,49019,7002,1224,205,-3,92,48.8,8,VALID,0,8,1
37159,4,1200,CLOSE_LOCKIN,DETECTED,49019,7002,1224,203,-5,94,48.8,0,VALID,0,8,1
37159,5,1200,CLOSE_LOCKIN,DETECTED,49019,7002,1224,213,4,110,49.8,4,VALID,0,8,1
37159,6,1200,CLOSE_LOCKIN,DETECTED,49019,7002,1224,213,3,98,48.8,6,VALID,0,8,1
37160,1,1200,CLOSE_LOCKIN,DETECTED,48899,6985,1227,200,-8,93,48.0,3,VALID,0,8,1
37160,2,1200,CLOSE_LOCKIN,DETECTED,48899,6985,1227,219,10,105,50.2,5,VALID,0,8,1
37160,3,1200,CLOSE_LOCKIN,DETECTED,48899,6985,1227,205,-2,99,48.8,7,VALID,0,8,1
37160,4,1200,CLOSE_LOCKIN,DETECTED,48899,6985,1227,203,-4,94,48.8,0,VALID,0,8,1
37160,5,1200,CLOSE_LOCKIN,DETECTED,48899,6985,1227,218,10,109,50.5,1,VALID,0,8,1
37160,6,1200,CLOSE_LOCKIN,DETECTED,48899,6985,1227,205,-2,97,47.8,1,VALID,0,8,1
37161,1,1200,CLOSE_LOCKIN,DETECTED,48820,6974,1229,200,-7,90,48.0,3,VALID,0,8,1
37161,2,1200,CLOSE_LOCKIN,DETECTED,48820,6974,1229,212,5,110,49.5,5,VALID,0,8,1
37161,3,1200,CLOSE_LOCKIN,DETECTED,48820,6974,1229,205,-3,97,48.3,2,VALID,0,8,1
37161,4,1200,CLOSE_LOCKIN,DETECTED,48820,6974,1229,203,-4,97,48.8,3,VALID,0,8,1
37161,5,1200,CLOSE_LOCKIN,DETECTED,48820,6974,1229,218,10,102,50.0,7,VALID,0,8,1
37161,6,1200,CLOSE_LOCKIN,DETECTED,48820,6974,1229,204,-1,101,47.5,4,VALID,0,8,1
37162,1,1200,CLOSE_LOCKIN,DETECTED,48701,6957,1232,200,-6,94,48.0,4,VALID,0,8,1
37162,2,1200,CLOSE_LOCKIN,DETECTED,48701,6957,1232,218,11,103,50.5,7,VALID,0,8,1
37162,3,1200,CLOSE_LOCKIN,DETECTED,48701,6957,1232,202,-2,103,48.0,6,VALID,0,8,1
37162,4,1200,CLOSE_LOCKIN,DETECTED,48701,6957,1232,201,-5,91,48.3,6,VALID,0,8,1
37162,5,1200,CLOSE_LOCKIN,DETECTED,48701,6957,1232,208,2,111,49.0,9,VALID,0,8,1
37162,6,1200,CLOSE_LOCKIN,DETECTED,48701,6957,1232,208,0,94,48.6,7,VALID,0,8,1
37163,1,1200,CLOSE_LOCKIN,DETECTED,48939,6991,1226,204,-3,202,48.5,103,RISK,1,8,1
37163,2,1200,CLOSE_LOCKIN,DETECTED,48939,6991,1226,208,-19,93,49.0,9,VALID,0,8,1
37163,3,1200,CLOSE_LOCKIN,DETECTED,48939,6991,1226,210,-16,96,49.0,1,VALID,0,8,1
37163,4,1200,CLOSE_LOCKIN,DETECTED,48939,6991,1226,201,-24,92,48.8,6,VALID,0,8,1
37163,5,1200,CLOSE_LOCKIN,DETECTED,48939,6991,1226,213,-12,104,49.8,2,VALID,0,8,1
37163,6,1200,CLOSE_LOCKIN,DETECTED,48939,6991,1226,208,-16,104,48.6,10,VALID,0,8,1
37164,1,1200,CLOSE_LOCKIN,DETECTED,48543,6934,1236,323,97,93,62.5,109,RISK,1,8,1
37164,2,1200,CLOSE_LOCKIN,DETECTED,48543,6934,1236,203,-22,100,45.8,7,VALID,0,8,1
37164,3,1200,CLOSE_LOCKIN,DETECTED,48543,6934,1236,202,-23,100,47.5,4,VALID,0,8,1
37164,4,1200,CLOSE_LOCKIN,DETECTED,48543,6934,1236,201,-25,100,48.8,8,VALID,0,8,1
37164,5,1200,CLOSE_LOCKIN,DETECTED,48543,6934,1236,210,-16,103,49.5,1,VALID,0,8,1
37164,6,1200,CLOSE_LOCKIN,DETECTED,48543,6934,1236,213,-13,97,48.8,7,VALID,0,8,1
37165,1,1200,CLOSE_LOCKIN,DETECTED,48939,6991,1226,323,97,94,62.5,1,VALID,0,8,1
37165,2,1200,CLOSE_LOCKIN,DETECTED,48939,6991,1226,205,-20,108,48.8,8,VALID,0,8,1
37165,3,1200,CLOSE_LOCKIN,DETECTED,48939,6991,1226,205,-22,93,48.8,7,VALID,0,8,1
37165,4,1200,CLOSE_LOCKIN,DETECTED,48939,6991,1226,205,-22,99,48.8,1,VALID,0,8,1
37165,5,1200,CLOSE_LOCKIN,DETECTED,48939,6991,1226,210,-16,105,49.0,2,VALID,0,8,1
37165,6,1200,CLOSE_LOCKIN,DETECTED,48939,6991,1226,203,-24,96,47.8,1,VALID,0,8,1
37166,1,1200,CLOSE_LOCKIN,DETECTED,48899,6985,1227,323,96,96,62.5,2,VALID,0,8,1
37166,2,1200,CLOSE_LOCKIN,DETECTED,48899,6985,1227,216,-10,104,50.0,4,VALID,0,8,1
37166,3,1200,CLOSE_LOCKIN,DETECTED,48899,6985,1227,205,-20,105,48.8,12,VALID,0,8,1
37166,4,1200,CLOSE_LOCKIN,DETECTED,48899,6985,1227,203,-24,86,48.8,13,VALID,0,8,1
37166,5,1200,CLOSE_LOCKIN,DETECTED,48899,6985,1227,212,-15,112,49.5,7,VALID,0,8,1
37166,6,1200,CLOSE_LOCKIN,DETECTED,48899,6985,1227,201,-27,100,47.8,4,VALID,0,8,1
37167,1,1200,CLOSE_LOCKIN,DETECTED,48740,6962,1231,323,93,90,62.5,6,VALID,0,8,1
37167,2,1200,CLOSE_LOCKIN,DETECTED,48740,6962,1231,210,-19,107,49.5,3,VALID,0,8,1
37167,3,1200,CLOSE_LOCKIN,DETECTED,48740,6962,1231,213,-17,95,49.3,10,VALID,0,8,1
37167,4,1200,CLOSE_LOCKIN,DETECTED,48740,6962,1231,203,-27,100,48.8,14,VALID,0,8,1
37167,5,1200,CLOSE_LOCKIN,DETECTED,48740,6962,1231,221,-9,99,50.7,13,VALID,0,8,1
37167,6,1200,CLOSE_LOCKIN,DETECTED,48740,6962,1231,208,-19,105,48.1,5,VALID,0,8,1
37168,1,1200,CLOSE_LOCKIN,DETECTED,48622,6946,1234,323,94,96,62.5,6,VALID,0,8,1
37168,2,1200,CLOSE_LOCKIN,DETECTED,48622,6946,1234,214,5,101,50.0,6,VALID,0,8,1
37168,3,1200,CLOSE_LOCKIN,DETECTED,48622,6946,1234,213,5,97,49.3,2,VALID,0,8,1
37168,4,1200,CLOSE_LOCKIN,DETECTED,48622,6946,1234,205,0,95,48.8,5,VALID,0,8,1
37168,5,1200,CLOSE_LOCKIN,DETECTED,48622,6946,1234,204,-1,111,48.5,12,VALID,0,8,1
37168,6,1200,CLOSE_LOCKIN,DETECTED,48622,6946,1234,214,6,94,49.1,11,VALID,0,8,1
37169,1,1200,CLOSE_LOCKIN,DETECTED,48939,6991,1226,201,-7,97,47.8,1,VALID,0,8,1
37169,2,1200,CLOSE_LOCKIN,DETECTED,48939,6991,1226,207,-1,104,48.8,3,VALID,0,8,1
37169,3,1200,CLOSE_LOCKIN,DETECTED,48939,6991,1226,201,-7,94,48.3,3,VALID,0,8,1
37169,4,1200,CLOSE_LOCKIN,DETECTED,48939,6991,1226,205,-3,96,48.8,1,VALID,0,8,1
37169,5,1200,CLOSE_LOCKIN,DETECTED,48939,6991,1226,220,11,106,50.5,5,VALID,0,8,1
37169,6,1200,CLOSE_LOCKIN,DETECTED,48939,6991,1226,214,6,107,49.1,13,VALID,0,8,1
37170,1,1200,CLOSE_LOCKIN,DETECTED,49099,7014,1222,201,-7,81,48.3,16,VALID,0,8,1
37170,2,1200,CLOSE_LOCKIN,DETECTED,49099,7014,1222,211,2,113,49.3,9,VALID,0,8,1
37170,3,1200,CLOSE_LOCKIN,DETECTED,49099,7014,1222,201,-9,97,48.3,3,VALID,0,8,1
37170,4,1200,CLOSE_LOCKIN,DETECTED,49099,7014,1222,205,-5,91,48.8,5,VALID,0,8,1
37170,5,1200,CLOSE_LOCKIN,DETECTED,49099,7014,1222,213,2,104,49.8,2,VALID,0,8,1
37170,6,1200,CLOSE_LOCKIN,DETECTED,49099,7014,1222,218,8,104,49.1,3,VALID,0,8,1
37171,1,1200,CLOSE_LOCKIN,DETECTED,48701,6957,1232,201,-7,95,48.3,14,VALID,0,8,1
37171,2,1200,CLOSE_LOCKIN,DETECTED,48701,6957,1232,222,13,99,50.9,14,VALID,0,8,1
37171,3,1200,CLOSE_LOCKIN,DETECTED,48701,6957,1232,203,-2,100,47.8,3,VALID,0,8,1
37171,4,1200,CLOSE_LOCKIN,DETECTED,48701,6957,1232,205,0,96,48.8,5,VALID,0,8,1
37171,5,1200,CLOSE_LOCKIN,DETECTED,48701,6957,1232,209,3,102,49.8,2,VALID,0,8,1
37171,6,1200,CLOSE_LOCKIN,DETECTED,48701,6957,1232,212,6,106,49.1,2,VALID,0,8,1
37172,1,1200,CLOSE_LOCKIN,DETECTED,49140,7020,1221,201,-5,88,48.3,7,VALID,0,8,1
37172,2,1200,CLOSE_LOCKIN,DETECTED,49140,7020,1221,203,-3,112,48.8,13,VALID,0,8,1
37172,3,1200,CLOSE_LOCKIN,DETECTED,49140,7020,1221,205,-4,91,48.8,9,VALID,0,8,1
37172,4,1200,CLOSE_LOCKIN,DETECTED,49140,7020,1221,205,-4,93,48.8,3,VALID,0,8,1
37172,5,1200,CLOSE_LOCKIN,DETECTED,49140,7020,1221,207,-2,109,49.3,7,VALID,0,8,1
37172,6,1200,CLOSE_LOCKIN,DETECTED,49140,7020,1221,215,4,98,49.3,8,VALID,0,8,1
37173,1,1200,CLOSE_LOCKIN,DETECTED,49019,7002,1224,201,-8,92,48.3,4,VALID,0,8,1
37173,2,1200,CLOSE_LOCKIN,DETECTED,49019,7002,1224,221,12,106,50.7,6,VALID,0,8,1
37173,3,1200,CLOSE_LOCKIN,DETECTED,49019,7002,1224,205,-2,98,48.8,7,VALID,0,8,1
37173,4,1200,CLOSE_LOCKIN,DETECTED,49019,7002,1224,205,-2,89,48.8,4,VALID,0,8,1
37173,5,1200,CLOSE_LOCKIN,DETECTED,49019,7002,1224,217,9,111,50.2,2,VALID,0,8,1
37173,6,1200,CLOSE_LOCKIN,DETECTED,49019,7002,1224,205,-2,102,47.8,4,VALID,0,8,1
37174,1,1200,CLOSE_LOCKIN,DETECTED,49019,7002,1224,201,-7,87,48.3,5,VALID,0,8,1
37174,2,1200,CLOSE_LOCKIN,DETECTED,49019,7002,1224,213,4,109,49.8,3,VALID,0,8,1
37174,3,1200,CLOSE_LOCKIN,DETECTED,49019,7002,1224,203,-6,91,48.3,7,VALID,0,8,1
37174,4,1200,CLOSE_LOCKIN,DETECTED,49019,7002,1224,205,-4,101,48.8,12,VALID,0,8,1
37174,5,1200,CLOSE_LOCKIN,DETECTED,49019,7002,1224,219,9,100,50.7,11,VALID,0,8,1
37174,6,1200,CLOSE_LOCKIN,DETECTED,49019,7002,1224,211,4,106,48.3,4,VALID,0,8,1
37175,1,1200,CLOSE_LOCKIN,DETECTED,49019,7002,1224,201,-6,88,48.3,1,VALID,0,8,1
37175,2,1200,CLOSE_LOCKIN,DETECTED,49019,7002,1224,217,9,106,50.2,3,VALID,0,8,1
37175,3,1200,CLOSE_LOCKIN,DETECTED,49019,7002,1224,203,-3,96,48.3,5,VALID,0,8,1
37175,4,1200,CLOSE_LOCKIN,DETECTED,49019,7002,1224,205,-1,94,49.3,7,VALID,0,8,1
37175,5,1200,CLOSE_LOCKIN,DETECTED,49019,7002,1224,205,-1,110,48.8,10,VALID,0,8,1
37175,6,1200,CLOSE_LOCKIN,DETECTED,49019,7002,1224,215,6,97,49.3,9,VALID,0,8,1
37176,1,1200,CLOSE_LOCKIN,DETECTED,48939,6991,1226,201,-5,94,48.3,6,VALID,0,8,1
37176,2,1200,CLOSE_LOCKIN,DETECTED,48939,6991,1226,212,5,105,50.0,1,VALID,0,8,1
37176,3,1200,CLOSE_LOCKIN,DETECTED,48939,6991,1226,200,-6,92,48.0,4,VALID,0,8,1
37176,4,1200,CLOSE_LOCKIN,DETECTED,48939,6991,1226,205,-1,99,49.3,5,VALID,0,8,1
37176,5,1200,CLOSE_LOCKIN,DETECTED,48939,6991,1226,219,12,105,50.2,5,VALID,0,8,1
37176,6,1200,CLOSE_LOCKIN,DETECTED,48939,6991,1226,204,-1,105,47.5,8,VALID,0,8,1
37177,1,1200,CLOSE_LOCKIN,DETECTED,49140,7020,1221,201,-6,83,48.3,11,VALID,0,8,1
37177,2,1200,CLOSE_LOCKIN,DETECTED,49140,7020,1221,212,5,113,49.5,8,VALID,0,8,1
37177,3,1200,CLOSE_LOCKIN,DETECTED,49140,7020,1221,200,-8,93,48.0,1,VALID,0,8,1
37177,4,1200,CLOSE_LOCKIN,DETECTED,49140,7020,1221,202,-6,93,49.0,6,VALID,0,8,1
37177,5,1200,CLOSE_LOCKIN,DETECTED,49140,7020,1221,212,3,108,49.5,3,VALID,0,8,1
37177,6,1200,CLOSE_LOCKIN,DETECTED,49140,7020,1221,215,5,103,48.8,2,VALID,0,8,1
37178,1,1200,CLOSE_LOCKIN,DETECTED,48701,6957,1232,201,-7,93,48.3,10,VALID,0,8,1
37178,2,1200,CLOSE_LOCKIN,DETECTED,48701,6957,1232,222,13,100,50.9,13,VALID,0,8,1
37178,3,1200,CLOSE_LOCKIN,DETECTED,48701,6957,1232,200,-5,98,48.0,5,VALID,0,8,1
37178,4,1200,CLOSE_LOCKIN,DETECTED,48701,6957,1232,202,-4,96,49.0,3,VALID,0,8,1
37178,5,1200,CLOSE_LOCKIN,DETECTED,48701,6957,1232,215,8,104,50.2,4,VALID,0,8,1
37178,6,1200,CLOSE_LOCKIN,DETECTED,48701,6957,1232,212,6,102,48.6,1,VALID,0,8,1
37179,1,1200,CLOSE_LOCKIN,DETECTED,49140,7020,1221,201,-4,91,48.3,2,VALID,0,8,1
37179,2,1200,CLOSE_LOCKIN,DETECTED,49140,7020,1221,205,0,109,48.8,9,VALID,0,8,1
37179,3,1200,CLOSE_LOCKIN,DETECTED,49140,7020,1221,202,-5,89,48.5,9,VALID,0,8,1
37179,4,1200,CLOSE_LOCKIN,DETECTED,49140,7020,1221,202,-5,100,49.0,4,VALID,0,8,1
37179,5,1200,CLOSE_LOCKIN,DETECTED,49140,7020,1221,210,2,105,49.5,1,VALID,0,8,1
37179,6,1200,CLOSE_LOCKIN,DETECTED,49140,7020,1221,210,2,102,48.6,0,VALID,0,8,1
37180,1,1200,CLOSE_LOCKIN,DETECTED,48939,6991,1226,201,-6,92,48.3,1,VALID,0,8,1
37180,2,1200,CLOSE_LOCKIN,DETECTED,48939,6991,1226,217,9,105,50.2,4,VALID,0,8,1
37180,3,1200,CLOSE_LOCKIN,DETECTED,48939,6991,1226,202,-4,96,48.5,7,VALID,0,8,1
37180,4,1200,CLOSE_LOCKIN,DETECTED,48939,6991,1226,203,-3,91,49.3,9,VALID,0,8,1
37180,5,1200,CLOSE_LOCKIN,DETECTED,48939,6991,1226,212,5,112,49.5,7,VALID,0,8,1
37180,6,1200,CLOSE_LOCKIN,DETECTED,48939,6991,1226,210,2,98,48.6,4,VALID,0,8,1
37181,1,1200,CLOSE_LOCKIN,DETECTED,49099,7014,1222,201,-6,90,48.3,2,VALID,0,8,1
37181,2,1200,CLOSE_LOCKIN,DETECTED,49099,7014,1222,212,5,109,49.5,4,VALID,0,8,1
37181,3,1200,CLOSE_LOCKIN,DETECTED,49099,7014,1222,200,-7,92,48.0,4,VALID,0,8,1
37181,4,1200,CLOSE_LOCKIN,DETECTED,49099,7014,1222,203,-4,99,49.3,8,VALID,0,8,1
37181,5,1200,CLOSE_LOCKIN,DETECTED,49099,7014,1222,221,13,100,50.7,12,VALID,0,8,1
37181,6,1200,CLOSE_LOCKIN,DETECTED,49099,7014,1222,205,0,103,47.8,5,VALID,0,8,1
37182,1,1200,CLOSE_LOCKIN,DETECTED,48859,6979,1228,201,-5,96,48.3,6,VALID,0,8,1
37182,2,1200,CLOSE_LOCKIN,DETECTED,48859,6979,1228,217,10,100,50.2,9,VALID,0,8,1
37182,3,1200,CLOSE_LOCKIN,DETECTED,48859,6979,1228,200,-4,97,48.0,5,VALID,0,8,1
37182,4,1200,CLOSE_LOCKIN,DETECTED,48859,6979,1228,203,-1,94,48.8,5,VALID,0,8,1
37182,5,1200,CLOSE_LOCKIN,DETECTED,48859,6979,1228,205,0,111,48.8,11,VALID,0,8,1
37182,6,1200,CLOSE_LOCKIN,DETECTED,48859,6979,1228,211,4,93,48.8,10,VALID,0,8,1
37183,1,1200,CLOSE_LOCKIN,DETECTED,49140,7020,1221,202,-3,198,48.5,100,VALID,0,8,1
37183,2,1200,CLOSE_LOCKIN,DETECTED,49140,7020,1221,209,-16,87,49.3,16,VALID,0,8,1
37183,3,1200,CLOSE_LOCKIN,DETECTED,49140,7020,1221,201,-24,99,48.3,5,VALID,0,8,1
37183,4,1200,CLOSE_LOCKIN,DETECTED,49140,7020,1221,200,-26,90,48.5,7,VALID,0,8,1
37183,5,1200,CLOSE_LOCKIN,DETECTED,49140,7020,1221,212,-14,109,49.5,4,VALID,0,8,1
37183,6,1200,CLOSE_LOCKIN,DETECTED,49140,7020,1221,211,-16,99,48.8,6,VALID,0,8,1
37184,1,1200,CLOSE_LOCKIN,DETECTED,49220,7031,1219,320,95,197,61.9,102,RISK,1,8,1
37184,2,1200,CLOSE_LOCKIN,DETECTED,49220,7031,1219,203,-21,90,48.8,9,VALID,0,8,1
37184,3,1200,CLOSE_LOCKIN,DETECTED,49220,7031,1219,205,-19,91,48.8,9,VALID,0,8,1
37184,4,1200,CLOSE_LOCKIN,DETECTED,49220,7031,1219,200,-24,99,48.5,5,VALID,0,8,1
37184,5,1200,CLOSE_LOCKIN,DETECTED,49220,7031,1219,213,-11,103,49.8,3,VALID,0,8,1
37184,6,1200,CLOSE_LOCKIN,DETECTED,49220,7031,1219,206,-18,101,48.1,2,VALID,0,8,1
37185,1,1200,CLOSE_LOCKIN,DETECTED,48859,6979,1228,319,94,93,61.8,104,RISK,1,8,1
37185,2,1200,CLOSE_LOCKIN,DETECTED,48859,6979,1228,203,-21,104,48.8,14,VALID,0,8,1
37185,3,1200,CLOSE_LOCKIN,DETECTED,48859,6979,1228,205,-20,99,48.8,8,VALID,0,8,1
37185,4,1200,CLOSE_LOCKIN,DETECTED,48859,6979,1228,203,-22,89,48.8,10,VALID,0,8,1
37185,5,1200,CLOSE_LOCKIN,DETECTED,48859,6979,1228,209,-16,113,49.3,10,VALID,0,8,1
37185,6,1200,CLOSE_LOCKIN,DETECTED,48859,6979,1228,208,-19,101,48.6,0,VALID,0,8,1
37186,1,1200,CLOSE_LOCKIN,DETECTED,48939,6991,1226,319,91,88,61.8,5,VALID,0,8,1
37186,2,1200,CLOSE_LOCKIN,DETECTED,48939,6991,1226,210,-18,109,49.5,5,VALID,0,8,1
37186,3,1200,CLOSE_LOCKIN,DETECTED,48939,6991,1226,204,-25,93,48.5,6,VALID,0,8,1
37186,4,1200,CLOSE_LOCKIN,DETECTED,48939,6991,1226,203,-26,101,48.8,12,VALID,0,8,1
37186,5,1200,CLOSE_LOCKIN,DETECTED,48939,6991,1226,222,-7,98,50.9,15,VALID,0,8,1
37186,6,1200,CLOSE_LOCKIN,DETECTED,48939,6991,1226,210,-16,108,48.1,7,VALID,0,8,1
37187,1,1200,CLOSE_LOCKIN,DETECTED,48820,6974,1229,319,91,89,61.8,1,VALID,0,8,1
37187,2,1200,CLOSE_LOCKIN,DETECTED,48820,6974,1229,217,-10,105,50.2,4,VALID,0,8,1
37187,3,1200,CLOSE_LOCKIN,DETECTED,48820,6974,1229,204,-22,96,48.5,3,VALID,0,8,1
37187,4,1200,CLOSE_LOCKIN,DETECTED,48820,6974,1229,206,-20,94,49.0,7,VALID,0,8,1
37187,5,1200,CLOSE_LOCKIN,DETECTED,48820,6974,1229,202,-24,110,48.5,12,VALID,0,8,1
37187,6,1200,CLOSE_LOCKIN,DETECTED,48820,6974,1229,218,-10,98,49.5,10,VALID,0,8,1
