step,elapsed_us,bemf
1,40,2
1,90,-22
1,140,-15
1,190,-38
1,240,-16
1,290,1
1,340,-10
1,390,-17
1,440,-45
1,490,19
1,540,38
1,590,24
1,640,47
1,690,-7
1,740,22
1,790,1
1,840,0
1,890,-17
1,940,3
1,990,-13
1,1040,4
1,1090,3
1,1140,21
1,1190,9
1,1240,46
1,1290,4
1,1340,13
1,1390,-4
1,1440,4
1,1490,-26
1,1540,17
1,1590,-23
1,1640,0
1,1690,-18
1,1740,45
1,1790,53
1,1840,15
1,1890,11
1,1940,-5
1,1990,-4
1,2040,-18
1,2090,-33
1,2140,-35
1,2190,-10
1,2240,-33
1,2290,-23
1,2340,57
1,2390,19
1,2440,31
1,2490,-7
1,2540,7
1,2590,-33
1,2640,-27
1,2690,-33
1,2740,-16
1,2790,24
1,2840,39
1,2890,-3
1,2940,1
1,2990,-10
1,3040,7
1,3090,-25
1,3140,11
1,3190,-8
1,3240,8
1,3290,16
1,3340,24
1,3390,36
1,3440,19
1,3490,25
1,3540,22
1,3590,11
1,3640,14
1,3690,-1
1,3740,24
1,3790,15
1,3840,-7
1,3890,6
1,3940,-19
1,3990,-25
1,4040,5
1,4090,-1
1,4140,57
1,4190,31
1,4240,23
1,4290,9
1,4340,0
1,4390,22
1,4440,-7
1,4490,8
1,4540,-15
1,4590,15
1,4640,17
1,4690,26
1,4740,-19
1,4790,-7
1,4840,-17
1,4890,-11
1,4940,-31
1,4990,-8
1,5040,-1
1,5090,23
1,5140,25
1,5190,17
1,5240,30
1,5290,-11
1,5340,25
1,5390,-2
1,5440,11
1,5490,-8
1,5540,6
1,5590,-22
1,5640,7
1,5690,9
1,5740,-9
1,5790,-13
1,5840,2
1,5890,21
1,5940,33
1,5990,42
1,6040,16
1,6090,25
1,6140,38
1,6190,9
1,6240,13
1,6290,-7
1,6340,-1
1,6390,6
1,6440,-21
1,6490,-16
1,6540,-34
1,6590,-1
1,6640,25
1,6690,21
1,6740,43
1,6790,65
1,6840,11
1,6890,31
1,6940,9
1,6990,5
1,7040,-19
1,7090,-15
1,7140,-24
1,7190,1
1,7240,-6
1,7290,-7
1,7340,29
1,7390,25
1,7440,43
1,7490,8
1,7540,1
1,7590,-29
1,7640,13
1,7690,-13
1,7740,1
1,7790,-17
1,7840,-36
1,7890,-29
1,7940,-17
1,7990,4
1,8040,4
1,8090,17
1,8140,-7
1,8190,38
1,8240,38
1,8290,31
1,8340,12
1,8390,5
1,8440,-1
1,8490,-2
1,8540,4
1,8590,-26
1,8640,0
1,8690,12
1,8740,-11
1,8790,8
1,8840,6
1,8890,28
1,8940,18
1,8990,12
1,9040,52
1,9090,15
1,9140,-7
1,9190,-9
1,9240,7
1,9290,-21
1,9340,2
1,9390,-19
1,9440,-20
1,9490,12
1,9540,-2
1,9590,7
1,9640,11
1,9690,17
1,9740,34
1,9790,61
1,9840,46
1,9890,27
1,9940,-40
1,9990,-28
2,40,0
2,90,0
2,140,0
2,190,20
2,240,4
2,290,6
2,340,0
2,390,2
2,440,-21
2,490,-19
2,540,-38
2,590,-31
2,640,21
2,690,-13
2,740,13
2,790,5
2,840,11
2,890,22
2,940,11
2,990,13
2,1040,-14
2,1090,-28
2,1140,39
2,1190,1
2,1240,17
2,1290,3
2,1340,0
2,1390,-15
2,1440,-35
2,1490,-34
2,1540,-27
2,1590,-18
2,1640,1
2,1690,35
2,1740,-1
2,1790,5
2,1840,-27
2,1890,-12
2,1940,21
2,1990,-8
2,2040,-2
2,2090,-6
2,2140,-10
2,2190,-26
2,2240,-6
2,2290,-2
2,2340,18
2,2390,21
2,2440,-12
2,2490,17
2,2540,32
2,2590,40
2,2640,31
2,2690,47
2,2740,24
2,2790,53
2,2840,6
2,2890,40
2,2940,4
2,2990,13
2,3040,4
2,3090,-5
2,3140,7
2,3190,-10
2,3240,16
2,3290,33
2,3340,-4
2,3390,25
2,3440,32
2,3490,26
2,3540,17
2,3590,31
2,3640,30
2,3690,35
2,3740,7
2,3790,2
2,3840,16
2,3890,-7
2,3940,-42
2,3990,41
2,4040,39
2,4090,33
2,4140,48
2,4190,52
2,4240,37
2,4290,37
2,4340,5
2,4390,29
2,4440,2
2,4490,-15
2,4540,8
2,4590,15
2,4640,36
2,4690,31
2,4740,36
2,4790,44
2,4840,43
2,4890,53
2,4940,58
2,4990,65
2,5040,62
2,5090,43
2,5140,43
2,5190,34
2,5240,25
2,5290,44
2,5340,55
2,5390,50
2,5440,74
2,5490,95
2,5540,71
2,5590,65
2,5640,54
2,5690,33
2,5740,45
2,5790,37
2,5840,32
2,5890,65
2,5940,78
2,5990,78
2,6040,82
2,6090,36
2,6140,51
2,6190,36
2,6240,45
2,6290,58
2,6340,60
2,6390,56
2,6440,76
2,6490,60
2,6540,69
2,6590,56
2,6640,84
2,6690,53
2,6740,37
2,6790,31
2,6840,41
2,6890,-5
2,6940,-12
2,6990,40
2,7040,72
2,7090,96
2,7140,49
2,7190,69
2,7240,18
2,7290,42
2,7340,32
2,7390,26
2,7440,62
2,7490,71
2,7540,67
2,7590,85
2,7640,48
2,7690,42
2,7740,41
2,7790,39
2,7840,47
2,7890,13
2,7940,27
2,7990,28
2,8040,48
2,8090,64
2,8140,72
2,8190,58
2,8240,56
2,8290,50
2,8340,-1
2,8390,19
2,8440,29
2,8490,29
2,8540,62
2,8590,48
2,8640,45
2,8690,85
2,8740,53
2,8790,35
2,8840,16
2,8890,28
2,8940,-3
2,8990,-3
2,9040,-39
2,9090,4
2,9140,4
2,9190,16
2,9240,22
2,9290,29
2,9340,49
2,9390,62
2,9440,30
2,9490,36
2,9540,48
2,9590,52
2,9640,15
2,9690,41
2,9740,8
2,9790,16
2,9840,-4
2,9890,-11
2,9940,8
2,9990,23
3,40,0
3,90,19
3,140,20
3,190,49
3,240,50
3,290,32
3,340,27
3,390,35
3,440,0
3,490,34
3,540,14
3,590,20
3,640,16
3,690,17
3,740,27
3,790,29
3,840,19
3,890,16
3,940,12
3,990,12
3,1040,-27
3,1090,18
3,1140,-2
3,1190,1
3,1240,12
3,1290,-1
3,1340,32
3,1390,-6
3,1440,28
3,1490,33
3,1540,32
3,1590,32
3,1640,39
3,1690,28
3,1740,39
3,1790,8
3,1840,10
3,1890,12
3,1940,40
3,1990,-8
3,2040,21
3,2090,13
3,2140,17
3,2190,11
3,2240,14
3,2290,56
3,2340,-27
3,2390,9
3,2440,-9
3,2490,-3
3,2540,13
3,2590,4
3,2640,-13
3,2690,-2
3,2740,7
3,2790,-3
3,2840,-4
3,2890,11
3,2940,-1
3,2990,10
3,3040,-3
3,3090,-16
3,3140,-4
3,3190,-16
3,3240,-30
3,3290,-17
3,3340,20
3,3390,-23
3,3440,-12
3,3490,-6
3,3540,-15
3,3590,-11
3,3640,15
3,3690,5
3,3740,5
3,3790,-13
3,3840,-19
3,3890,21
3,3940,8
3,3990,-14
3,4040,26
3,4090,-14
3,4140,-3
3,4190,10
3,4240,-1
3,4290,6
3,4340,-5
3,4390,-31
3,4440,-2
3,4490,-22
3,4540,-30
3,4590,-17
3,4640,-6
3,4690,-18
3,4740,7
3,4790,-57
3,4840,-20
3,4890,-3
3,4940,-36
3,4990,-20
3,5040,7
3,5090,-28
3,5140,-35
3,5190,-20
3,5240,14
3,5290,-22
3,5340,-15
3,5390,-28
3,5440,-20
3,5490,-11
3,5540,-10
3,5590,-54
3,5640,-7
3,5690,-43
3,5740,-25
3,5790,-29
3,5840,-1
3,5890,-35
3,5940,-3
3,5990,-38
3,6040,-22
3,6090,-9
3,6140,-6
3,6190,-3
3,6240,-17
3,6290,-25
3,6340,-20
3,6390,-16
3,6440,-9
3,6490,-3
3,6540,-30
3,6590,0
3,6640,-62
3,6690,-16
3,6740,-37
3,6790,-37
3,6840,-12
3,6890,5
3,6940,-30
3,6990,-43
3,7040,-3
3,7090,-8
3,7140,-10
3,7190,-19
3,7240,15
3,7290,11
3,7340,-38
3,7390,-9
3,7440,-6
3,7490,-20
3,7540,-8
3,7590,-45
3,7640,-32
3,7690,-37
3,7740,-26
3,7790,-52
3,7840,-13
3,7890,-38
3,7940,-34
3,7990,-1
3,8040,-20
3,8090,-30
3,8140,-24
3,8190,-36
3,8240,-23
3,8290,-15
3,8340,-28
3,8390,-42
3,8440,-23
3,8490,7
3,8540,-22
3,8590,-7
3,8640,3
3,8690,-7
3,8740,-25
3,8790,-1
3,8840,-6
3,8890,-14
3,8940,-17
3,8990,-17
3,9040,-18
3,9090,2
3,9140,-13
3,9190,3
3,9240,13
3,9290,-24
3,9340,0
3,9390,-10
3,9440,-9
3,9490,16
3,9540,-6
3,9590,7
3,9640,-5
3,9690,-37
3,9740,19
3,9790,-36
3,9840,-14
3,9890,3
3,9940,20
3,9990,24
4,40,-25
4,90,0
4,140,0
4,190,0
4,240,-8
4,290,10
4,340,-20
4,390,-16
4,440,-17
4,490,-32
4,540,-21
4,590,-17
4,640,-24
4,690,-35
4,740,-9
4,790,-5
4,840,19
4,890,11
4,940,18
4,990,-4
4,1040,3
4,1090,-19
4,1140,-14
4,1190,-7
4,1240,12
4,1290,5
4,1340,5
4,1390,31
4,1440,15
4,1490,13
4,1540,36
4,1590,17
4,1640,-44
4,1690,-48
4,1740,-30
4,1790,-19
4,1840,-6
4,1890,-21
4,1940,-23
4,1990,8
4,2040,12
4,2090,32
4,2140,42
4,2190,-2
4,2240,-18
4,2290,-1
4,2340,-44
4,2390,-15
4,2440,-26
4,2490,-11
4,2540,20
4,2590,24
4,2640,28
4,2690,-25
4,2740,41
4,2790,70
4,2840,22
4,2890,3
4,2940,3
4,2990,-5
4,3040,17
4,3090,42
4,3140,42
4,3190,46
4,3240,52
4,3290,22
4,3340,10
4,3390,3
4,3440,22
4,3490,21
4,3540,24
4,3590,37
4,3640,33
4,3690,35
4,3740,37
4,3790,9
4,3840,21
4,3890,36
4,3940,20
4,3990,68
4,4040,60
4,4090,82
4,4140,54
4,4190,21
4,4240,-1
4,4290,25
4,4340,17
4,4390,35
4,4440,28
4,4490,42
4,4540,47
4,4590,49
4,4640,22
4,4690,21
4,4740,7
4,4790,7
4,4840,5
4,4890,17
4,4940,25
4,4990,35
4,5040,40
4,5090,41
4,5140,67
4,5190,59
4,5240,19
4,5290,49
4,5340,-49
4,5390,24
4,5440,30
4,5490,41
4,5540,45
4,5590,58
4,5640,22
4,5690,13
4,5740,5
4,5790,0
4,5840,18
4,5890,50
4,5940,55
4,5990,59
4,6040,18
4,6090,22
4,6140,-16
4,6190,22
4,6240,6
4,6290,25
4,6340,43
4,6390,45
4,6440,47
4,6490,62
4,6540,27
4,6590,9
4,6640,5
4,6690,-5
4,6740,27
4,6790,49
4,6840,47
4,6890,29
4,6940,13
4,6990,19
4,7040,-2
4,7090,19
4,7140,17
4,7190,19
4,7240,35
4,7290,23
4,7340,42
4,7390,19
4,7440,-13
4,7490,19
4,7540,-5
4,7590,-10
4,7640,-31
4,7690,43
4,7740,43
4,7790,72
4,7840,11
4,7890,17
4,7940,14
4,7990,-69
4,8040,-15
4,8090,14
4,8140,7
4,8190,3
4,8240,7
4,8290,-1
4,8340,16
4,8390,65
4,8440,27
4,8490,40
4,8540,2
4,8590,12
4,8640,15
4,8690,-2
4,8740,-63
4,8790,-15
4,8840,11
4,8890,32
4,8940,2
4,8990,37
4,9040,23
4,9090,41
4,9140,40
4,9190,40
4,9240,44
4,9290,12
4,9340,25
4,9390,35
4,9440,43
4,9490,-7
4,9540,24
4,9590,-22
4,9640,21
4,9690,-23
4,9740,21
4,9790,14
4,9840,7
4,9890,23
4,9940,-3
4,9990,-71
5,40,0
5,90,10
5,140,36
5,190,-1
5,240,38
5,290,31
5,340,40
5,390,54
5,440,55
5,490,36
5,540,17
5,590,-17
5,640,-5
5,690,9
5,740,23
5,790,9
5,840,3
5,890,31
5,940,28
5,990,32
5,1040,30
5,1090,26
5,1140,14
5,1190,-7
5,1240,-8
5,1290,-33
5,1340,-31
5,1390,9
5,1440,27
5,1490,14
5,1540,44
5,1590,17
5,1640,46
5,1690,52
5,1740,2
5,1790,8
5,1840,-5
5,1890,15
5,1940,-14
5,1990,-14
5,2040,-11
5,2090,9
5,2140,16
5,2190,66
5,2240,45
5,2290,17
5,2340,-5
5,2390,-31
5,2440,-11
5,2490,7
5,2540,16
5,2590,24
5,2640,43
5,2690,6
5,2740,21
5,2790,14
5,2840,-43
5,2890,-4
5,2940,-1
5,2990,20
5,3040,9
5,3090,-18
5,3140,15
5,3190,-22
5,3240,-23
5,3290,-13
5,3340,-31
5,3390,-22
5,3440,-55
5,3490,-18
5,3540,9
5,3590,11
5,3640,-12
5,3690,-17
5,3740,-8
5,3790,-15
5,3840,-40
5,3890,-44
5,3940,-57
5,3990,-6
5,4040,-23
5,4090,2
5,4140,-5
5,4190,-18
5,4240,5
5,4290,2
5,4340,17
5,4390,-7
5,4440,-19
5,4490,-15
5,4540,-23
5,4590,-33
5,4640,-31
5,4690,2
5,4740,-23
5,4790,18
5,4840,-15
5,4890,7
5,4940,0
5,4990,-20
5,5040,0
5,5090,-31
5,5140,-35
5,5190,-36
5,5240,-53
5,5290,16
5,5340,-16
5,5390,32
5,5440,41
5,5490,-13
5,5540,-11
5,5590,21
5,5640,43
5,5690,-7
5,5740,-23
5,5790,-36
5,5840,-54
5,5890,-34
5,5940,-45
5,5990,-14
5,6040,-26
5,6090,-27
5,6140,-18
5,6190,-31
5,6240,-57
5,6290,-29
5,6340,-37
5,6390,-41
5,6440,-48
5,6490,2
5,6540,-56
5,6590,-29
5,6640,-40
5,6690,-44
5,6740,-66
5,6790,-59
5,6840,-24
5,6890,1
5,6940,-15
5,6990,8
5,7040,-16
5,7090,-4
5,7140,-44
5,7190,-27
5,7240,-59
5,7290,-42
5,7340,-54
5,7390,-36
5,7440,5
5,7490,-3
5,7540,6
5,7590,0
5,7640,-7
5,7690,14
5,7740,1
5,7790,-19
5,7840,-16
5,7890,-4
5,7940,-39
5,7990,-3
5,8040,-48
5,8090,21
5,8140,-46
5,8190,-55
5,8240,-46
5,8290,-28
5,8340,-22
5,8390,-48
5,8440,21
5,8490,-10
5,8540,9
5,8590,-13
5,8640,-22
5,8690,-24
5,8740,0
5,8790,16
5,8840,-33
5,8890,-12
5,8940,-48
5,8990,-43
5,9040,-35
5,9090,-33
5,9140,-13
5,9190,-20
5,9240,0
5,9290,9
5,9340,-3
5,9390,10
5,9440,3
5,9490,-4
5,9540,1
5,9590,-51
5,9640,-42
5,9690,22
5,9740,13
5,9790,2
5,9840,-38
5,9890,-23
5,9940,-22
5,9990,-21
6,40,0
6,90,0
6,140,0
6,190,0
6,240,0
6,290,9
6,340,-18
6,390,-23
6,440,-20
6,490,23
6,540,-14
6,590,28
6,640,41
6,690,-17
6,740,16
6,790,24
6,840,1
6,890,3
6,940,-19
6,990,-8
6,1040,-5
6,1090,6
6,1140,19
6,1190,12
6,1240,19
6,1290,12
6,1340,34
6,1390,-14
6,1440,22
6,1490,-4
6,1540,38
6,1590,4
6,1640,-21
6,1690,7
6,1740,23
6,1790,21
6,1840,7
6,1890,12
6,1940,14
6,1990,-22
6,2040,20
6,2090,2
6,2140,10
6,2190,22
6,2240,-1
6,2290,9
6,2340,6
6,2390,34
6,2440,10
6,2490,6
6,2540,20
6,2590,16
6,2640,28
6,2690,25
6,2740,-12
6,2790,2
6,2840,26
6,2890,-5
6,2940,46
6,2990,32
6,3040,-8
6,3090,28
6,3140,48
6,3190,36
6,3240,45
6,3290,25
6,3340,54
6,3390,49
6,3440,53
6,3490,52
6,3540,22
6,3590,53
6,3640,59
6,3690,49
6,3740,51
6,3790,34
6,3840,35
6,3890,86
6,3940,40
6,3990,44
6,4040,32
6,4090,43
6,4140,41
6,4190,41
6,4240,13
6,4290,39
6,4340,94
6,4390,42
6,4440,46
6,4490,18
6,4540,25
6,4590,38
6,4640,48
6,4690,54
6,4740,55
6,4790,19
6,4840,41
6,4890,42
6,4940,26
6,4990,59
6,5040,22
6,5090,7
6,5140,82
6,5190,81
6,5240,35
6,5290,55
6,5340,17
6,5390,51
6,5440,42
6,5490,55
6,5540,53
6,5590,44
6,5640,59
6,5690,62
6,5740,46
6,5790,38
6,5840,61
6,5890,32
6,5940,66
6,5990,56
6,6040,19
6,6090,62
6,6140,54
6,6190,45
6,6240,48
6,6290,44
6,6340,42
6,6390,62
6,6440,48
6,6490,41
6,6540,61
6,6590,54
6,6640,38
6,6690,30
6,6740,35
6,6790,26
6,6840,60
6,6890,106
6,6940,23
6,6990,47
6,7040,17
6,7090,23
6,7140,12
6,7190,24
6,7240,16
6,7290,40
6,7340,27
6,7390,31
6,7440,22
6,7490,14
6,7540,28
6,7590,26
6,7640,31
6,7690,24
6,7740,35
6,7790,44
6,7840,57
6,7890,15
6,7940,49
6,7990,6
6,8040,28
6,8090,36
6,8140,46
6,8190,28
6,8240,29
6,8290,13
6,8340,15
6,8390,56
6,8440,37
6,8490,26
6,8540,28
6,8590,38
6,8640,33
6,8690,48
6,8740,31
6,8790,8
6,8840,6
6,8890,30
6,8940,39
6,8990,40
6,9040,14
6,9090,-3
6,9140,4
6,9190,41
6,9240,6
6,9290,21
6,9340,27
6,9390,32
6,9440,22
6,9490,17
6,9540,1
6,9590,22
6,9640,9
6,9690,23
6,9740,-10
6,9790,8
6,9840,17
6,9890,3
6,9940,12
6,9990,-13
