step,laptime,bemf,is_ZC_Occur,Trigger_delay
1,128,-6,0,0
1,178,-3,0,0
1,228,-1,0,0
1,279,-6,0,0
1,329,-7,0,0
1,379,-5,0,0
1,429,-6,0,0
1,479,-9,0,0
1,529,-13,0,0
1,578,-9,0,0
1,628,-9,0,0
1,678,-12,0,0
1,728,-14,0,0
1,778,-12,0,0
1,828,-17,0,0
1,878,-20,0,0
1,928,-14,0,0
1,978,-11,0,0
1,1029,-19,0,0
1,1078,-20,0,0
1,1129,-23,0,0
1,1178,-18,0,0
1,1228,-22,0,0
1,1278,-23,0,0
1,1328,-24,0,0
1,1378,-10,0,0
1,1428,-23,0,0
1,1478,-21,0,0
1,1528,-22,0,0
1,1579,-22,0,0
1,1629,-28,0,0
1,1679,-27,0,0
1,1729,-27,0,0
1,1778,-31,0,0
1,1828,-31,0,0
1,1878,-28,0,0
1,1928,-31,0,0
1,1978,-30,0,0
1,2028,-34,0,0
1,2078,-33,0,0
1,2128,-30,0,0
1,2178,-34,0,0
1,2229,-35,0,0
1,2278,-33,0,0
1,2328,-38,0,0
1,2378,-37,0,0
1,2428,-35,0,0
1,2478,-39,0,0
1,2529,-33,0,0
1,2578,-40,0,0
1,2628,-41,0,0
1,2678,-38,0,0
1,2728,-37,0,0
1,2778,-42,0,0
1,2828,-39,0,0
1,2878,-43,0,0
1,2928,-40,0,0
1,2979,-42,0,0
1,3028,-43,0,0
1,3078,-44,0,0
1,3128,-44,0,0
1,3178,-37,0,0
1,3229,-44,0,0
1,3278,-42,0,0
1,3328,-46,0,0
1,3378,-41,0,0
1,3428,-46,0,0
1,3478,-47,0,0
1,3529,-40,0,0
1,3578,-38,0,0
1,3628,-42,0,0
1,3678,-42,0,0
1,3728,-41,0,0
1,3778,-42,0,0
1,3828,-39,0,0
1,3878,-40,0,0
1,3928,-39,0,0
1,3979,-39,0,0
1,4028,-40,0,0
1,4078,-42,0,0
1,4128,-38,0,0
1,4178,-36,0,0
1,4229,-39,0,0
1,4278,-40,0,0
1,4328,-38,0,0
1,4378,-36,0,0
1,4428,-35,0,0
1,4478,-37,0,0
1,4529,-36,0,0
1,4578,-33,0,0
1,4628,-37,0,0
1,4678,-35,0,0
1,4728,-36,0,0
1,4778,-33,0,0
1,4828,-30,0,0
1,4878,-38,0,0
1,4928,-34,0,0
1,4979,-33,0,0
1,5028,-38,0,0
1,5078,-36,0,0
1,5128,-34,0,0
1,5178,-35,0,0
1,5229,-35,0,0
1,5278,-27,0,0
1,5328,-36,0,0
1,5378,-30,0,0
1,5428,-31,0,0
1,5478,-38,0,0
1,5529,-12,0,0
1,5578,-34,0,0
1,5628,-33,0,0
1,5678,-28,0,0
1,5728,-31,0,0
1,5778,-29,0,0
1,5828,-29,0,0
1,5878,-28,0,0
1,5928,-26,0,0
1,5979,-24,0,0
1,6028,-25,0,0
1,6078,-25,0,0
1,6128,-24,0,0
1,6178,-22,0,0
1,6229,-26,0,0
1,6278,-21,0,0
1,6328,-23,0,0
1,6378,-19,0,0
1,6428,-21,0,0
1,6478,-22,0,0
1,6529,-19,0,0
1,6578,-17,0,0
1,6628,-20,0,0
1,6678,-18,0,0
1,6728,-17,0,0
1,6778,-17,0,0
1,6828,-15,0,0
1,6878,-16,0,0
1,6928,-15,0,0
1,6979,-10,0,0
1,7028,-20,0,0
1,7078,-14,0,0
1,7128,-11,0,0
1,7178,-12,0,0
1,7229,-13,0,0
1,7278,-11,0,0
1,7328,-15,0,0
1,7378,-14,0,0
1,7428,-12,0,0
1,7478,-15,0,0
1,7529,-11,0,0
1,7578,-9,0,0
1,7628,-15,0,0
1,7678,-9,0,0
1,7728,-12,0,0
1,7778,-11,0,0
1,7828,-7,0,0
1,7878,-6,0,0
1,7928,-8,0,0
1,7979,-8,0,0
1,8028,-9,0,0
1,8078,-7,0,0
1,8128,-6,0,0
1,8178,-6,0,0
1,8229,-6,0,0
1,8278,-10,0,0
1,8328,-9,0,0
1,8378,-1,0,0
1,8428,-4,0,0
1,8478,-6,0,0
1,8529,0,0,0
1,8578,-1,1,8578
2,104,-3,0,0
2,154,-8,0,0
2,205,-7,0,0
2,254,-6,0,0
2,304,-26,0,0
2,354,-8,0,0
2,405,-9,0,0
2,454,-7,0,0
2,504,-3,0,0
2,555,-8,0,0
2,604,-5,0,0
2,654,-4,0,0
2,705,-4,0,0
2,754,-4,0,0
2,804,3,1,4700
3,133,-9,0,0
3,184,-12,0,0
3,234,-8,0,0
3,283,-9,0,0
3,334,-11,0,0
3,383,-11,0,0
3,433,-14,0,0
3,483,-17,0,0
3,533,-13,0,0
3,584,-18,0,0
3,633,-17,0,0
3,684,-23,0,0
3,733,-18,0,0
3,784,-23,0,0
3,833,-22,0,0
3,884,-20,0,0
3,933,-24,0,0
3,984,-25,0,0
3,1033,-21,0,0
3,1084,-24,0,0
3,1133,-27,0,0
3,1184,-23,0,0
3,1233,-22,0,0
3,1284,-28,0,0
3,1333,-26,0,0
3,1384,-29,0,0
3,1433,-27,0,0
3,1484,-26,0,0
3,1533,-29,0,0
3,1583,-25,0,0
3,1633,-30,0,0
3,1683,-28,0,0
3,1733,-32,0,0
3,1783,-29,0,0
3,1833,-27,0,0
3,1883,-31,0,0
3,1933,-31,0,0
3,1983,-30,0,0
3,2033,-36,0,0
3,2083,-34,0,0
3,2133,-32,0,0
3,2183,-38,0,0
3,2233,-38,0,0
3,2283,-34,0,0
3,2333,-41,0,0
3,2383,-39,0,0
3,2433,-37,0,0
3,2483,-38,0,0
3,2533,-40,0,0
3,2583,-42,0,0
3,2633,-35,0,0
3,2683,-42,0,0
3,2733,-45,0,0
3,2783,-41,0,0
3,2833,-45,0,0
3,2883,-43,0,0
3,2933,-41,0,0
3,2983,-47,0,0
3,3033,-44,0,0
3,3083,-45,0,0
3,3133,-46,0,0
3,3183,-47,0,0
3,3233,-40,0,0
3,3283,-50,0,0
3,3333,-43,0,0
3,3383,-45,0,0
3,3433,-43,0,0
3,3483,-42,0,0
3,3533,-42,0,0
3,3584,-44,0,0
3,3633,-38,0,0
3,3683,-45,0,0
3,3733,-36,0,0
3,3783,-40,0,0
3,3833,-40,0,0
3,3883,-37,0,0
3,3933,-41,0,0
3,3983,-31,0,0
3,4033,-39,0,0
3,4083,-37,0,0
3,4133,-34,0,0
3,4183,-38,0,0
3,4233,-39,0,0
3,4283,-33,0,0
3,4333,-34,0,0
3,4383,-36,0,0
3,4433,-34,0,0
3,4483,-33,0,0
3,4533,-37,0,0
3,4583,-31,0,0
3,4633,-36,0,0
3,4683,-35,0,0
3,4733,-25,0,0
3,4783,-32,0,0
3,4833,-35,0,0
3,4883,-30,0,0
3,4933,-28,0,0
3,4983,-35,0,0
3,5033,-37,0,0
3,5083,-32,0,0
3,5133,-32,0,0
3,5183,-31,0,0
3,5233,-27,0,0
3,5283,-29,0,0
3,5333,-31,0,0
3,5383,-26,0,0
3,5433,-28,0,0
3,5483,-27,0,0
3,5534,-23,0,0
3,5583,-25,0,0
3,5633,-22,0,0
3,5683,-21,0,0
3,5733,-22,0,0
3,5783,-19,0,0
3,5833,-19,0,0
3,5883,-14,0,0
3,5933,-16,0,0
3,5983,-14,0,0
3,6033,-11,0,0
3,6083,-19,0,0
3,6133,-10,0,0
3,6183,-8,0,0
3,6233,-12,0,0
3,6283,-9,0,0
3,6333,-5,0,0
3,6383,-12,0,0
3,6433,-8,0,0
3,6483,-6,0,0
3,6534,-11,0,0
3,6583,-10,0,0
3,6633,-4,0,0
3,6683,-8,0,0
3,6733,-1,0,0
3,6783,-6,0,0
3,6833,-4,0,0
3,6883,-7,0,0
3,6933,-8,0,0
3,6983,-3,0,0
3,7033,-8,0,0
3,7083,-4,0,0
3,7133,-2,0,0
3,7183,-4,0,0
3,7233,-3,0,0
3,7283,-3,0,0
3,7333,-3,0,0
3,7383,-2,0,0
3,7433,1,0,0
3,7483,-3,1,6100
4,133,-6,0,0
4,183,-8,0,0
4,233,-6,0,0
4,283,-12,0,0
4,333,-7,0,0
4,383,-11,0,0
4,434,-8,0,0
4,483,-7,0,0
4,534,-8,0,0
4,583,-6,0,0
4,633,-8,0,0
4,683,-7,0,0
4,734,-7,0,0
4,783,-7,0,0
4,833,-10,0,0
4,883,-9,0,0
4,933,-5,0,0
4,984,-6,0,0
4,1033,-6,0,0
4,1083,-7,0,0
4,1133,-13,0,0
4,1183,-4,0,0
4,1234,-7,0,0
4,1284,-3,0,0
4,1334,-4,0,0
4,1383,-1,0,0
4,1433,-1,0,0
4,1483,-2,0,0
4,1533,-6,0,0
4,1583,3,1,36618
5,115,14,0,0
5,165,19,0,0
5,215,23,0,0
5,265,20,0,0
5,315,20,0,0
5,365,24,0,0
5,415,20,0,0
5,465,18,0,0
5,515,25,0,0
5,565,19,0,0
5,615,22,0,0
5,665,17,0,0
5,715,22,0,0
5,765,18,0,0
5,815,18,0,0
5,865,18,0,0
5,915,12,0,0
5,965,17,0,0
5,1015,14,0,0
5,1066,12,0,0
5,1115,11,0,0
5,1165,14,0,0
5,1215,9,0,0
5,1265,13,0,0
5,1315,11,0,0
5,1366,5,0,0
5,1415,7,0,0
5,1465,14,0,0
5,1515,5,0,0
5,1565,9,0,0
5,1615,2,0,0
5,1666,6,0,0
5,1715,6,0,0
5,1766,5,0,0
5,1815,6,0,0
5,1865,5,0,0
5,1915,6,0,0
5,1965,3,0,0
5,2015,2,0,0
5,2065,2,0,0
5,2115,0,0,0
5,2165,3,0,0
5,2215,0,0,0
5,2265,5,0,0
5,2315,1,0,0
5,2365,1,0,0
5,2415,0,0,0
5,2465,0,0,0
5,2515,2,0,0
5,2565,-2,1,19600
6,132,-12,0,0
6,182,-4,0,0
6,232,-12,0,0
6,282,-8,0,0
6,333,-12,0,0
6,383,-9,0,0
6,433,-5,0,0
6,483,-12,0,0
6,533,-10,0,0
6,582,-7,0,0
6,633,-8,0,0
6,682,-6,0,0
6,732,-3,0,0
6,782,-1,0,0
6,832,-1,0,0
6,882,-4,0,0
6,932,-5,0,0
6,982,0,0,0
6,1032,3,1,10325
1,108,30,0,0
1,159,36,0,0
1,208,32,0,0
1,259,36,0,0
1,309,37,0,0
1,358,33,0,0
1,408,34,0,0
1,458,33,0,0
1,508,34,0,0
1,558,33,0,0
1,608,24,0,0
1,659,29,0,0
1,708,32,0,0
1,758,31,0,0
1,808,25,0,0
1,858,29,0,0
1,908,29,0,0
1,958,26,0,0
1,1009,43,0,0
1,1058,23,0,0
1,1108,23,0,0
1,1158,25,0,0
1,1208,19,0,0
1,1258,22,0,0
1,1309,21,0,0
1,1358,23,0,0
1,1408,16,0,0
1,1459,19,0,0
1,1509,20,0,0
1,1558,15,0,0
1,1608,17,0,0
1,1658,19,0,0
1,1708,14,0,0
1,1758,15,0,0
1,1808,13,0,0
1,1859,15,0,0
1,1908,14,0,0
1,1958,14,0,0
1,2008,13,0,0
1,2058,11,0,0
1,2108,13,0,0
1,2158,11,0,0
1,2209,11,0,0
1,2258,10,0,0
1,2309,9,0,0
1,2358,3,0,0
1,2408,6,0,0
1,2458,6,0,0
1,2508,4,0,0
1,2558,2,0,0
1,2608,3,0,0
1,2658,-2,1,39268
2,115,-11,0,0
2,165,-14,0,0
2,215,-14,0,0
2,266,-12,0,0
2,315,-16,0,0
2,366,-18,0,0
2,415,-12,0,0
2,465,-15,0,0
2,515,-13,0,0
2,566,-11,0,0
2,615,-14,0,0
2,666,-8,0,0
2,715,-10,0,0
2,765,-8,0,0
2,816,-3,0,0
2,865,-6,0,0
2,915,-4,0,0
2,966,-8,0,0
2,1015,-3,0,0
2,1065,-4,0,0
2,1116,-8,0,0
2,1165,-4,0,0
2,1216,-1,0,0
2,1265,-5,0,0
2,1316,0,0,0
2,1365,-3,0,0
2,1415,-2,0,0
2,1466,1,1,20375
3,108,21,0,0
3,158,24,0,0
3,208,21,0,0
3,258,24,0,0
3,308,27,0,0
3,358,21,0,0
3,408,26,0,0
3,458,21,0,0
3,508,21,0,0
3,558,22,0,0
3,608,20,0,0
3,658,19,0,0
3,708,21,0,0
3,758,19,0,0
3,808,18,0,0
3,858,15,0,0
3,908,15,0,0
3,958,18,0,0
3,1008,12,0,0
3,1058,13,0,0
3,1108,14,0,0
3,1158,10,0,0
3,1208,13,0,0
3,1258,14,0,0
3,1308,9,0,0
3,1358,11,0,0
3,1408,13,0,0
3,1458,4,0,0
3,1508,12,0,0
3,1558,12,0,0
3,1608,9,0,0
3,1658,14,0,0
3,1708,3,0,0
3,1758,11,0,0
3,1808,-10,1,43868
4,115,-8,0,0
4,165,-13,0,0
4,215,-11,0,0
4,265,-13,0,0
4,316,-10,0,0
4,365,-9,0,0
4,416,-10,0,0
4,465,-8,0,0
4,515,-12,0,0
4,565,-6,0,0
4,616,-6,0,0
4,665,-7,0,0
4,715,-9,0,0
4,765,-6,0,0
4,816,-4,0,0
4,865,-5,0,0
4,915,-1,0,0
4,966,-4,0,0
4,1015,-7,0,0
4,1065,-3,0,0
4,1115,-1,0,0
4,1165,-4,0,0
4,1216,0,0,0
4,1265,16,1,22575
5,107,22,0,0
5,157,19,0,0
5,207,27,0,0
5,257,23,0,0
5,307,19,0,0
5,357,23,0,0
5,407,22,0,0
5,457,18,0,0
5,507,24,0,0
5,557,16,0,0
5,607,19,0,0
5,657,20,0,0
5,707,18,0,0
5,757,18,0,0
5,807,14,0,0
5,858,21,0,0
5,907,14,0,0
5,957,22,0,0
5,1007,20,0,0
5,1058,16,0,0
5,1107,9,0,0
5,1157,16,0,0
5,1207,15,0,0
5,1257,17,0,0
5,1307,12,0,0
5,1358,11,0,0
5,1407,12,0,0
5,1457,13,0,0
5,1507,12,0,0
5,1557,13,0,0
5,1607,10,0,0
5,1658,9,0,0
5,1707,11,0,0
5,1757,6,0,0
5,1807,12,0,0
5,1857,3,0,0
5,1907,6,0,0
5,1957,8,0,0
5,2007,4,0,0
5,2057,2,0,0
5,2107,2,0,0
5,2157,5,0,0
5,2207,-2,1,45168
6,114,-7,0,0
6,164,-16,0,0
6,215,-2,0,0
6,264,-17,0,0
6,315,-10,0,0
6,364,-11,0,0
6,415,-6,0,0
6,464,-10,0,0
6,514,-8,0,0
6,564,-5,0,0
6,615,-9,0,0
6,664,-7,0,0
6,715,-5,0,0
6,764,-11,0,0
6,814,1,1,23000
1,133,16,0,0
1,183,16,0,0
1,233,17,0,0
1,283,15,0,0
1,334,14,0,0
1,383,17,0,0
1,433,16,0,0
1,484,11,0,0
1,533,15,0,0
1,584,8,0,0
1,633,8,0,0
1,684,13,0,0
1,733,8,0,0
1,783,6,0,0
1,833,7,0,0
1,883,4,0,0
1,934,3,0,0
1,984,2,0,0
1,1033,5,0,0
1,1083,-1,1,44818
2,115,-14,0,0
2,165,-15,0,0
2,215,-15,0,0
2,265,-16,0,0
2,315,-16,0,0
2,366,-18,0,0
2,415,-15,0,0
2,465,-12,0,0
2,515,-15,0,0
2,566,-12,0,0
2,615,-13,0,0
2,666,-10,0,0
2,715,-10,0,0
2,766,-8,0,0
2,815,-19,0,0
2,865,-8,0,0
2,916,-5,0,0
2,965,-4,0,0
2,1015,-6,0,0
2,1066,-5,0,0
2,1115,-4,0,0
2,1165,-4,0,0
2,1216,-1,0,0
2,1265,-2,0,0
2,1315,-3,0,0
2,1366,3,1,23100
3,133,23,0,0
3,183,25,0,0
3,233,29,0,0
3,283,24,0,0
3,333,29,0,0
3,383,29,0,0
3,433,23,0,0
3,483,24,0,0
3,533,25,0,0
3,583,20,0,0
3,633,23,0,0
3,683,24,0,0
3,733,19,0,0
3,783,18,0,0
3,833,19,0,0
3,883,18,0,0
3,933,24,0,0
3,983,14,0,0
3,1033,17,0,0
3,1083,17,0,0
3,1133,15,0,0
3,1183,16,0,0
3,1233,13,0,0
3,1283,17,0,0
3,1333,13,0,0
3,1383,11,0,0
3,1433,14,0,0
3,1483,17,0,0
3,1533,10,0,0
3,1583,14,0,0
3,1633,15,0,0
3,1683,12,0,0
3,1733,15,0,0
3,1783,13,0,0
3,1833,11,0,0
3,1883,15,0,0
3,1933,9,0,0
3,1983,10,0,0
3,2033,12,0,0
3,2083,11,0,0
3,2133,12,0,0
3,2183,5,0,0
3,2233,12,0,0
3,2284,5,0,0
3,2333,6,0,0
3,2384,11,0,0
3,2433,4,0,0
3,2484,4,0,0
3,2533,4,0,0
3,2584,3,0,0
3,2633,-2,1,45643
4,139,-7,0,0
4,189,-8,0,0
4,239,-9,0,0
4,290,-12,0,0
4,339,-9,0,0
4,389,-12,0,0
4,439,-11,0,0
4,489,-9,0,0
4,539,-11,0,0
4,589,-6,0,0
4,640,-7,0,0
4,689,-8,0,0
4,739,-8,0,0
4,789,-5,0,0
4,839,-9,0,0
4,890,-6,0,0
4,939,-10,0,0
4,989,-10,0,0
4,1039,-5,0,0
4,1089,-6,0,0
4,1139,-8,0,0
4,1190,-6,0,0
4,1239,-3,0,0
4,1289,-6,0,0
4,1340,-2,0,0
4,1389,-6,0,0
4,1439,-4,0,0
4,1489,-4,0,0
4,1539,1,1,56368
5,115,16,0,0
5,165,22,0,0
5,216,22,0,0
5,266,20,0,0
5,315,25,0,0
5,365,20,0,0
5,415,25,0,0
5,465,21,0,0
5,515,22,0,0
5,565,24,0,0
5,615,18,0,0
5,665,26,0,0
5,715,16,0,0
5,765,20,0,0
5,815,20,0,0
5,865,14,0,0
5,915,13,0,0
5,965,16,0,0
5,1016,10,0,0
5,1065,13,0,0
5,1115,14,0,0
5,1165,5,0,0
5,1215,9,0,0
5,1265,11,0,0
5,1315,1,0,0
5,1366,4,0,0
5,1415,1,0,0
5,1465,0,0,0
5,1515,5,0,0
5,1565,9,0,0
5,1615,0,0,0
5,1666,-3,1,29025
6,106,-9,0,0
6,157,-12,0,0
6,207,-9,0,0
6,256,-13,0,0
6,306,-13,0,0
6,356,-11,0,0
6,406,-12,0,0
6,456,-14,0,0
6,507,-8,0,0
6,556,-9,0,0
6,606,-14,0,0
6,657,-8,0,0
6,706,-11,0,0
6,756,-12,0,0
6,807,-9,0,0
6,856,-13,0,0
6,907,-11,0,0
6,956,-12,0,0
6,1007,-19,0,0
6,1056,-11,0,0
6,1107,-8,0,0
6,1156,-6,0,0
6,1207,-12,0,0
6,1256,-12,0,0
6,1306,-7,0,0
6,1356,-9,0,0
6,1407,-11,0,0
6,1456,-7,0,0
6,1506,-12,0,0
6,1557,-10,0,0
6,1606,-2,0,0
6,1656,-4,0,0
6,1707,-5,0,0
6,1756,-1,0,0
6,1807,-3,0,0
6,1856,1,1,48218
1,115,12,0,0
1,165,17,0,0
1,215,18,0,0
1,265,13,0,0
1,315,14,0,0
1,365,15,0,0
1,415,17,0,0
1,465,19,0,0
1,515,9,0,0
1,566,14,0,0
1,615,12,0,0
1,665,12,0,0
1,715,13,0,0
1,765,12,0,0
1,815,12,0,0
1,865,14,0,0
1,915,17,0,0
1,966,11,0,0
1,1015,10,0,0
1,1065,10,0,0
1,1115,10,0,0
1,1165,12,0,0
1,1215,10,0,0
1,1265,10,0,0
1,1315,9,0,0
1,1365,8,0,0
1,1416,9,0,0
1,1466,3,0,0
1,1515,5,0,0
1,1565,6,0,0
1,1615,8,0,0
1,1665,7,0,0
1,1715,2,0,0
1,1765,3,0,0
1,1816,3,0,0
1,1865,4,0,0
1,1915,6,0,0
1,1965,2,0,0
1,2015,0,0,0
1,2065,5,0,0
1,2115,0,0,0
1,2165,-2,1,57968
2,115,-13,0,0
2,165,-6,0,0
2,215,-9,0,0
2,266,-10,0,0
2,315,-9,0,0
2,365,-8,0,0
2,416,-12,0,0
2,465,-4,0,0
2,515,-12,0,0
2,566,-11,0,0
2,615,-4,0,0
2,666,-5,0,0
2,716,-8,0,0
2,765,-9,0,0
2,815,-5,0,0
2,865,-8,0,0
2,916,-7,0,0
2,965,-4,0,0
2,1015,-7,0,0
2,1066,-7,0,0
2,1115,0,0,0
2,1166,-2,0,0
2,1216,-8,0,0
2,1265,-3,0,0
2,1315,1,1,62418
3,115,17,0,0
3,165,24,0,0
3,215,25,0,0
3,265,26,0,0
3,316,31,0,0
3,365,23,0,0
3,415,23,0,0
3,465,25,0,0
3,515,28,0,0
3,565,20,0,0
3,615,23,0,0
3,665,17,0,0
3,715,18,0,0
3,765,20,0,0
3,815,16,0,0
3,865,18,0,0
3,915,17,0,0
3,965,14,0,0
3,1015,18,0,0
3,1065,17,0,0
3,1115,15,0,0
3,1165,11,0,0
3,1215,12,0,0
3,1265,14,0,0
3,1315,13,0,0
3,1365,13,0,0
3,1415,18,0,0
3,1465,12,0,0
3,1515,14,0,0
3,1565,16,0,0
3,1615,9,0,0
3,1665,11,0,0
3,1715,24,0,0
3,1765,11,0,0
3,1815,10,0,0
3,1865,12,0,0
3,1915,12,0,0
3,1965,12,0,0
3,2015,12,0,0
3,2065,6,0,0
3,2115,13,0,0
3,2165,9,0,0
3,2215,10,0,0
3,2265,10,0,0
3,2316,8,0,0
3,2365,6,0,0
3,2415,2,0,0
3,2465,5,0,0
3,2515,4,0,0
3,2565,-4,1,65268
4,116,-13,0,0
4,165,-15,0,0
4,215,-16,0,0
4,265,-15,0,0
4,315,0,0,0
4,366,-13,0,0
4,415,-11,0,0
4,465,-14,0,0
4,515,-8,0,0
4,565,-12,0,0
4,615,-10,0,0
4,666,-12,0,0
4,715,-9,0,0
4,765,-10,0,0
4,816,-9,0,0
4,865,-8,0,0
4,915,-6,0,0
4,966,-8,0,0
4,1016,-6,0,0
4,1066,-4,0,0
4,1115,-3,0,0
4,1165,-5,0,0
4,1215,-3,0,0
4,1265,-3,0,0
4,1315,-2,0,0
4,1366,-3,0,0
4,1416,-6,0,0
4,1465,-3,0,0
4,1515,0,0,0
4,1565,-1,0,0
4,1615,2,1,682
5,102,3,0,0
5,152,2,0,0
5,201,3,0,0
5,251,4,0,0
5,302,3,0,0
5,351,6,0,0
5,401,4,0,0
5,452,6,0,0
5,501,5,0,0
5,551,8,0,0
5,602,8,0,0
5,651,3,0,0
5,701,9,0,0
5,752,9,0,0
5,801,8,0,0
5,851,6,0,0
5,902,8,0,0
5,951,6,0,0
5,1001,9,0,0
5,1052,8,0,0
5,1101,7,0,0
5,1151,3,0,0
5,1201,8,0,0
5,1251,7,0,0
5,1302,10,0,0
5,1352,3,0,0
5,1401,6,0,0
5,1451,7,0,0
5,1501,4,0,0
5,1551,4,0,0
5,1601,3,0,0
5,1651,5,0,0
5,1701,1,0,0
5,1751,1,0,0
5,1801,0,0,0
5,1851,-2,1,1275
6,107,-9,0,0
6,156,-6,0,0
6,206,-3,0,0
6,256,-7,0,0
6,307,1,1,800
1,133,47,0,0
1,184,44,0,0
1,233,44,0,0
1,284,44,0,0
1,334,41,0,0
1,383,40,0,0
1,433,36,0,0
1,483,39,0,0
1,533,47,0,0
1,583,33,0,0
1,633,30,0,0
1,684,36,0,0
1,733,30,0,0
1,783,32,0,0
1,834,31,0,0
1,884,30,0,0
1,934,28,0,0
1,983,30,0,0
1,1034,25,0,0
1,1083,29,0,0
1,1134,25,0,0
1,1183,21,0,0
1,1233,26,0,0
1,1283,23,0,0
1,1333,20,0,0
1,1383,19,0,0
1,1433,17,0,0
1,1483,16,0,0
1,1534,13,0,0
1,1583,18,0,0
1,1633,15,0,0
1,1683,11,0,0
1,1734,14,0,0
1,1783,17,0,0
1,1833,12,0,0
1,1883,11,0,0
1,1933,11,0,0
1,1983,9,0,0
1,2033,13,0,0
1,2083,7,0,0
1,2133,0,0,0
1,2184,5,0,0
1,2233,2,0,0
1,2283,3,0,0
1,2333,-2,1,1574
2,110,-4,0,0
2,159,-4,0,0
2,209,-4,0,0
2,259,-2,0,0
2,309,-4,0,0
2,360,-4,0,0
2,409,2,1,1000
3,133,32,0,0
3,183,34,0,0
3,234,25,0,0
3,283,34,0,0
3,333,28,0,0
3,383,26,0,0
3,433,30,0,0
3,483,24,0,0
3,533,24,0,0
3,583,26,0,0
3,633,19,0,0
3,683,17,0,0
3,733,23,0,0
3,783,16,0,0
3,833,16,0,0
3,883,17,0,0
3,933,14,0,0
3,983,15,0,0
3,1033,11,0,0
3,1083,9,0,0
3,1133,12,0,0
3,1183,7,0,0
3,1233,9,0,0
3,1283,5,0,0
3,1333,5,0,0
3,1383,3,0,0
3,1433,-3,1,1225
4,109,-18,0,0
4,158,-17,0,0
4,209,-16,0,0
4,258,-8,0,0
4,308,-13,0,0
4,359,-11,0,0
4,408,-9,0,0
4,458,-8,0,0
4,509,-7,0,0
4,559,-7,0,0
4,609,2,1,925
5,108,33,0,0
5,157,36,0,0
5,207,31,0,0
5,257,33,0,0
5,308,30,0,0
5,358,30,0,0
5,407,31,0,0
5,457,26,0,0
5,507,25,0,0
5,557,28,0,0
5,608,25,0,0
5,657,24,0,0
5,707,26,0,0
5,758,20,0,0
5,807,18,0,0
5,857,24,0,0
5,908,17,0,0
5,957,23,0,0
5,1007,14,0,0
5,1058,14,0,0
5,1107,16,0,0
5,1157,9,0,0
5,1208,14,0,0
5,1257,10,0,0
5,1307,11,0,0
5,1357,13,0,0
5,1407,6,0,0
5,1458,4,0,0
5,1508,5,0,0
5,1557,2,0,0
5,1607,4,0,0
5,1657,3,0,0
5,1707,-2,1,1324
6,108,-11,0,0
6,159,-2,0,0
6,209,-6,0,0
6,258,-4,0,0
6,309,3,1,825
1,109,36,0,0
1,158,34,0,0
1,208,37,0,0
1,259,33,0,0
1,309,30,0,0
1,358,28,0,0
1,408,27,0,0
1,458,25,0,0
1,508,24,0,0
1,558,24,0,0
1,608,16,0,0
1,659,22,0,0
1,708,17,0,0
1,758,15,0,0
1,808,12,0,0
1,858,14,0,0
1,908,10,0,0
1,958,10,0,0
1,1009,4,0,0
1,1058,5,0,0
1,1109,1,0,0
1,1158,20,0,0
1,1208,0,0,0
1,1258,-9,1,1049
2,134,-20,0,0
2,184,-20,0,0
2,234,-17,0,0
2,284,-15,0,0
2,335,-16,0,0
2,384,-14,0,0
2,435,-10,0,0
2,484,-14,0,0
2,534,-6,0,0
2,585,-6,0,0
2,634,-5,0,0
2,684,-3,0,0
2,734,-2,0,0
2,785,4,1,925
3,108,35,0,0
3,158,31,0,0
3,208,32,0,0
3,259,28,0,0
3,308,22,0,0
3,358,24,0,0
3,408,22,0,0
3,458,15,0,0
3,508,16,0,0
3,558,15,0,0
3,608,8,0,0
3,658,12,0,0
3,708,9,0,0
3,758,2,0,0
3,808,1,0,0
3,858,2,0,0
3,908,-5,1,924
4,109,-23,0,0
4,159,-23,0,0
4,209,-16,0,0
4,259,-15,0,0
4,309,3,1,625
