cycle,step,capture_step_index,ccr_target,ccr_current,zc_duration_us,sample_interval_us,interpolation_offset_us,elapsed_since_zc_us,delay_target_us,delay_limited_us,delay_trigger_us,total_step_us,zc_position_percent,delta_zc_prev_us,delta_zc_same_us,delta_total_prev_us,delta_total_same_us,delta_total_avg_us,raw_sample_count
1,2,2,220,220,59473,50,58995,6591,575,575,575,60048,99.042,,,,,,18
1,4,4,220,220,57123,50,56695,8891,550,550,550,57673,99.046,-2350.000,,-2375.000,,-2375.000,18
1,6,6,220,220,54823,50,54395,11191,550,550,550,55373,99.007,-2300.000,,-2300.000,,-3487.500,14
2,2,8,220,220,52598,50,52045,13541,600,600,600,53198,98.872,-2225.000,-6875.000,-2175.000,-6850.000,-4500.000,12
2,3,9,220,220,51373,50,50845,14741,600,600,600,51973,98.846,-1225.000,,-1225.000,,-4600.000,15
2,5,11,220,220,49123,50,48595,16991,575,575,575,49698,98.843,-2250.000,,-2275.000,,-5955.000,17
3,1,13,220,220,46798,50,46295,19291,575,575,575,47373,98.786,-2325.000,,-2325.000,,-7287.500,20
3,3,15,220,220,44498,50,43945,21641,600,600,600,45098,98.670,-2300.000,-6875.000,-2275.000,-6875.000,-7450.000,17
3,5,17,220,220,42148,50,41645,23941,575,575,575,42723,98.654,-2350.000,-6975.000,-2375.000,-6975.000,-7729.167,12
4,2,20,220,220,38673,50,38195,27391,575,575,575,39248,98.535,-3475.000,-13925.000,-3475.000,-13950.000,-9095.833,16
4,4,22,220,220,36398,50,35845,29741,600,600,600,36998,98.378,-2275.000,-20725.000,-2250.000,-20675.000,-9020.833,20
4,6,24,220,220,34123,50,33595,31991,575,575,575,34698,98.343,-2275.000,-20700.000,-2300.000,-20675.000,-8825.000,18
5,2,26,220,220,31798,50,31245,34341,600,600,600,32398,98.148,-2325.000,-6875.000,-2300.000,-6850.000,-8625.000,14
5,5,29,220,220,28373,50,27795,37791,600,600,600,28973,97.929,-3425.000,-13775.000,-3425.000,-13750.000,-9554.167,16
6,1,31,220,220,26073,50,25495,40091,600,600,600,26673,97.751,-2300.000,-20725.000,-2300.000,-20700.000,-9166.667,20
6,3,33,220,220,23698,50,23145,42441,600,600,600,24298,97.531,-2375.000,-20800.000,-2375.000,-20800.000,-8866.667,19
6,5,35,220,220,21423,50,20895,44691,575,575,575,21998,97.386,-2275.000,-6950.000,-2300.000,-6975.000,-8675.000,15
7,1,37,220,220,19098,50,18595,46991,575,575,575,19673,97.077,-2325.000,-6975.000,-2325.000,-7000.000,-8500.000,11
7,2,38,220,220,17948,50,17445,48141,575,575,575,18523,96.896,-1150.000,-13850.000,-1150.000,-13875.000,-7145.833,13
7,4,40,220,220,15573,50,15095,50491,575,575,575,16148,96.439,-2375.000,-20825.000,-2375.000,-20850.000,-7208.333,18
7,6,42,220,220,13373,50,12895,52691,550,550,550,13923,96.050,-2200.000,-20750.000,-2225.000,-20775.000,-7295.833,20
8,2,44,220,220,11023,50,10495,55091,600,600,600,11623,94.838,-2350.000,-6925.000,-2300.000,-6900.000,-7470.833,16
8,4,46,220,220,8698,50,8195,57391,575,575,575,9273,93.799,-2325.000,-6875.000,-2350.000,-6875.000,-7708.333,12
8,5,47,220,220,7548,50,7045,58541,575,575,575,8123,92.921,-1150.000,-13875.000,-1150.000,-13875.000,-6737.500,12
9,1,49,220,220,5323,50,4795,60791,575,575,575,5898,90.251,-2225.000,-13775.000,-2225.000,-13775.000,-7037.500,15
9,3,51,220,220,2923,50,2395,63191,600,600,600,3523,82.969,-2400.000,-20775.000,-2375.000,-20775.000,-7308.333,20
9,5,53,220,220,673,50,145,65441,575,575,575,1248,53.926,-2250.000,-6875.000,-2275.000,-6875.000,-7479.167,18
10,1,55,220,220,63884,50,63431,2155,550,550,550,64434,99.146,63211.000,58561.000,63186.000,58536.000,57819.333,14
10,4,58,220,220,60359,50,59931,5655,550,550,550,60909,99.097,-3525.000,51661.000,-3525.000,51636.000,45492.500,14
10,6,60,220,220,58134,50,57681,7905,550,550,550,58684,99.063,-2225.000,44761.000,-2225.000,44761.000,34661.500,17
11,2,62,220,220,55809,50,55331,10255,575,575,575,56384,98.980,-2325.000,44786.000,-2300.000,44761.000,23934.667,19
11,4,64,220,220,53534,50,53031,12555,575,575,575,54109,98.937,-2275.000,-6825.000,-2275.000,-6800.000,13245.333,16
11,6,66,220,220,51234,50,50731,14855,575,575,575,51809,98.890,-2300.000,-6900.000,-2300.000,-6875.000,2514.333,12
12,1,67,220,220,50084,50,49581,16005,575,575,575,50659,98.865,-1150.000,-13800.000,-1150.000,-13775.000,-7062.500,12
12,3,69,220,220,47784,50,47231,18355,600,600,600,48384,98.760,-2300.000,44861.000,-2275.000,44861.000,-7041.667,18
12,5,71,220,220,45509,50,44981,20605,575,575,575,46084,98.752,-2275.000,44836.000,-2300.000,44836.000,-7254.167,20
13,1,73,220,220,43184,50,42681,22905,575,575,575,43759,98.686,-2325.000,-6900.000,-2325.000,-6900.000,-7479.167,18
13,3,75,220,220,40884,50,40331,25255,600,600,600,41484,98.554,-2300.000,-6900.000,-2275.000,-6900.000,-7650.000,14
13,6,78,220,220,37384,50,36881,28705,575,575,575,37959,98.485,-3500.000,-13850.000,-3525.000,-13850.000,-9070.833,15
14,2,80,220,220,35084,50,34581,31005,575,575,575,35659,98.388,-2300.000,-20725.000,-2300.000,-20725.000,-9062.500,19
14,4,82,220,220,32709,50,32231,33355,575,575,575,33284,98.272,-2375.000,-20825.000,-2375.000,-20825.000,-8937.500,17
14,6,84,220,220,30434,50,29981,35605,550,550,550,30984,98.225,-2275.000,-6950.000,-2300.000,-6975.000,-8720.833,14
15,3,87,220,220,26959,50,26431,39155,600,600,600,27559,97.823,-3475.000,-13925.000,-3425.000,-13925.000,-9629.167,16
15,5,89,220,220,24709,50,24181,41405,575,575,575,25284,97.726,-2250.000,-20800.000,-2275.000,-20800.000,-9204.167,18
16,1,91,220,220,22384,50,21881,43705,575,575,575,22959,97.496,-2325.000,-20800.000,-2325.000,-20800.000,-8829.167,20
16,3,93,220,220,20009,50,19531,46055,575,575,575,20584,97.207,-2375.000,-6950.000,-2375.000,-6975.000,-8704.167,14
16,5,95,220,220,17734,50,17231,48355,575,575,575,18309,96.859,-2275.000,-6975.000,-2275.000,-6975.000,-8466.667,11
16,6,96,220,220,16584,50,16081,49505,575,575,575,17159,96.649,-1150.000,-13850.000,-1150.000,-13825.000,-7120.833,13
17,2,98,220,220,14284,50,13781,51805,575,575,575,14859,96.130,-2300.000,-20800.000,-2300.000,-20800.000,-7116.667,17
17,4,100,220,220,11909,50,11431,54155,575,575,575,12484,95.394,-2375.000,-20800.000,-2375.000,-20800.000,-7375.000,19
17,6,102,220,220,9709,50,9181,56405,575,575,575,10284,94.409,-2200.000,-6875.000,-2200.000,-6875.000,-7441.667,17
18,2,104,220,220,7309,50,6831,58755,575,575,575,7884,92.707,-2400.000,-6975.000,-2400.000,-6975.000,-7729.167,11
18,3,105,220,220,6184,50,5681,59905,575,575,575,6759,91.493,-1125.000,-13825.000,-1125.000,-13825.000,-6737.500,12
18,5,107,220,220,3884,50,3381,62205,575,575,575,4459,87.105,-2300.000,-13850.000,-2300.000,-13850.000,-7112.500,16
19,1,109,220,220,1584,50,1081,64505,575,575,575,2159,73.367,-2300.000,-20800.000,-2300.000,-20800.000,-7295.833,20
19,3,111,220,220,64745,50,64217,1369,600,600,600,65345,99.082,63161.000,58561.000,63186.000,58586.000,58006.833,16
19,5,113,220,220,62495,50,61967,3619,575,575,575,63070,99.088,-2250.000,58611.000,-2275.000,58611.000,46921.667,13
20,2,116,220,220,59020,50,58467,7119,600,600,600,59620,98.994,-3475.000,51711.000,-3450.000,51736.000,34674.000,17
20,4,118,220,220,56595,50,56167,9419,550,550,550,57145,99.038,-2425.000,44686.000,-2475.000,44661.000,23576.333,20
20,6,120,220,220,54370,50,53867,11719,575,575,575,54945,98.953,-2225.000,44661.000,-2200.000,44661.000,12978.667,18
21,2,122,220,220,52070,50,51517,14069,600,600,600,52670,98.861,-2300.000,-6950.000,-2275.000,-6950.000,2289.333,14
21,5,125,220,220,48570,50,48067,17519,575,575,575,49145,98.830,-3500.000,-13925.000,-3525.000,-13925.000,-9654.167,15
22,1,127,220,220,46345,50,45767,19819,600,600,600,46945,98.722,-2225.000,44761.000,-2200.000,44786.000,-9154.167,20
22,3,129,220,220,43970,50,43417,22169,600,600,600,44570,98.654,-2375.000,-20775.000,-2375.000,-20775.000,-8841.667,19
22,5,131,220,220,41695,50,41167,24419,575,575,575,42270,98.640,-2275.000,-6875.000,-2300.000,-6875.000,-8633.333,15
23,1,133,220,220,39370,50,38867,26719,575,575,575,39945,98.561,-2325.000,-6975.000,-2325.000,-7000.000,-8479.167,11
23,2,134,220,220,38220,50,37667,27919,600,600,600,38820,98.454,-1150.000,-13850.000,-1125.000,-13850.000,-7104.167,15
23,4,136,220,220,35870,50,35367,30219,575,575,575,36445,98.422,-2350.000,-20725.000,-2375.000,-20700.000,-7170.833,18
23,6,138,220,220,33570,50,33067,32519,575,575,575,34145,98.316,-2300.000,-20800.000,-2300.000,-20800.000,-7354.167,20
24,2,140,220,220,31345,50,30767,34819,600,600,600,31945,98.122,-2225.000,-6875.000,-2200.000,-6875.000,-7420.833,17
24,4,142,220,220,28895,50,28467,37119,550,550,550,29445,98.132,-2450.000,-6975.000,-2500.000,-7000.000,-7816.667,10
24,5,143,220,220,27845,50,27317,38269,575,575,575,28420,97.977,-1050.000,-13850.000,-1025.000,-13850.000,-6704.167,12
25,1,145,220,220,25520,50,25017,40569,575,575,575,26095,97.797,-2325.000,-13850.000,-2325.000,-13850.000,-7108.333,16
25,3,147,220,220,23145,50,22667,42919,575,575,575,23720,97.576,-2375.000,-20825.000,-2375.000,-20850.000,-7362.500,20
25,5,149,220,220,20870,50,20367,45219,575,575,575,21445,97.319,-2275.000,-6975.000,-2275.000,-6975.000,-7516.667,17
26,1,151,220,220,18570,50,18067,47519,575,575,575,19145,96.997,-2300.000,-6950.000,-2300.000,-6950.000,-7700.000,13
26,2,152,220,220,17420,50,16867,48719,600,600,600,18020,96.670,-1150.000,-13925.000,-1125.000,-13925.000,-6691.667,13
26,4,154,220,220,15070,50,14617,50969,550,550,550,15620,96.479,-2350.000,-13825.000,-2400.000,-13825.000,-7187.500,15
26,6,156,220,220,12745,50,12317,53269,550,550,550,13295,95.863,-2325.000,-20825.000,-2325.000,-20850.000,-7379.167,19
27,2,158,220,220,10520,50,9967,55619,600,600,600,11120,94.604,-2225.000,-6900.000,-2175.000,-6900.000,-7420.833,19
27,4,160,220,220,8095,50,7667,57919,550,550,550,8645,93.638,-2425.000,-6975.000,-2475.000,-6975.000,-7795.833,12
28,1,163,220,220,4720,50,4217,61369,575,575,575,5295,89.141,-3375.000,-13850.000,-3350.000,-13850.000,-9012.500,14
28,3,165,220,220,2420,50,1867,63719,600,600,600,3020,80.132,-2300.000,-20725.000,-2275.000,-20700.000,-8979.167,20
28,5,167,220,220,70,50,65103,483,575,575,575,645,10.853,-2350.000,-20800.000,-2375.000,-20800.000,-8854.167,19
29,1,169,220,220,63381,50,62853,2733,575,575,575,63956,99.101,63311.000,58661.000,63311.000,58661.000,56952.667,16
29,4,172,220,220,59781,50,59353,6233,550,550,550,60331,99.088,-3600.000,51686.000,-3625.000,51686.000,44884.167,13
29,6,174,220,220,57556,50,57053,8533,575,575,575,58131,99.011,-2225.000,44811.000,-2200.000,44836.000,34482.333,17
30,2,176,220,220,55331,50,54753,10833,600,600,600,55931,98.927,-2225.000,44811.000,-2200.000,44811.000,24034.667,20
30,4,178,220,220,52881,50,52453,13133,550,550,550,53431,98.971,-2450.000,-6900.000,-2500.000,-6900.000,13095.333,15
30,6,180,220,220,50656,50,50153,15433,575,575,575,51231,98.878,-2225.000,-6900.000,-2200.000,-6900.000,2493.500,13
31,3,183,220,220,47206,50,46653,18933,600,600,600,47806,98.745,-3450.000,44786.000,-3425.000,44786.000,-9362.500,17
31,5,185,220,220,44856,50,44403,21183,550,550,550,45406,98.789,-2350.000,44786.000,-2400.000,44761.000,-9070.833,19
32,1,187,220,220,42606,50,42103,23483,575,575,575,43181,98.668,-2250.000,-20775.000,-2225.000,-20775.000,-8808.333,19
32,3,189,220,220,40231,50,39753,25833,575,575,575,40806,98.591,-2375.000,-6975.000,-2375.000,-7000.000,-8691.667,13
32,6,192,220,220,36806,50,36353,29233,550,550,550,37356,98.528,-3425.000,-13850.000,-3450.000,-13875.000,-9620.833,13
33,2,194,220,220,34556,50,34003,31583,600,600,600,35156,98.293,-2250.000,-20775.000,-2200.000,-20775.000,-9141.667,19
33,4,196,220,220,32131,50,31703,33883,550,550,550,32681,98.317,-2425.000,-20750.000,-2475.000,-20750.000,-8937.500,18
33,6,198,220,220,29906,50,29403,36183,575,575,575,30481,98.114,-2225.000,-6900.000,-2200.000,-6875.000,-8616.667,16
34,2,200,220,220,27606,50,27103,38483,575,575,575,28181,97.960,-2300.000,-6950.000,-2300.000,-6975.000,-8429.167,12
34,3,201,220,220,26456,50,25903,39683,600,600,600,27056,97.782,-1150.000,-13775.000,-1125.000,-13750.000,-7054.167,14
34,5,203,220,220,24106,50,23603,41983,575,575,575,24681,97.670,-2350.000,-20750.000,-2375.000,-20725.000,-7137.500,17
35,1,205,220,220,21881,50,21303,44283,600,600,600,22481,97.331,-2225.000,-20725.000,-2200.000,-20700.000,-7225.000,20
35,3,207,220,220,19506,50,18953,46633,600,600,600,20106,97.016,-2375.000,-6950.000,-2375.000,-6950.000,-7487.500,17
35,5,209,220,220,17156,50,16703,48883,550,550,550,17706,96.894,-2350.000,-6950.000,-2400.000,-6975.000,-7791.667,12
36,2,212,220,220,13756,50,13203,52383,600,600,600,14356,95.821,-3400.000,-13850.000,-3350.000,-13825.000,-9012.500,17
36,4,214,220,220,11406,50,10903,54683,575,575,575,11981,95.201,-2350.000,-20725.000,-2375.000,-20700.000,-9083.333,20
36,6,216,220,220,9106,50,8603,56983,575,575,575,9681,94.061,-2300.000,-20800.000,-2300.000,-20800.000,-8870.833,18
37,2,218,220,220,6881,50,6303,59283,600,600,600,7481,91.980,-2225.000,-6875.000,-2200.000,-6875.000,-8570.833,15
37,5,221,220,220,3381,50,2853,62733,575,575,575,3956,85.465,-3500.000,-13775.000,-3525.000,-13750.000,-9595.833,14
38,1,223,220,220,1056,50,553,65033,575,575,575,1631,64.746,-2325.000,-20825.000,-2325.000,-20850.000,-9229.167,18
38,3,225,220,220,64292,50,63739,1847,600,600,600,64892,99.075,63236.000,44786.000,63261.000,44786.000,56711.000,20
38,5,227,220,220,61942,50,61439,4147,575,575,575,62517,99.080,-2350.000,58561.000,-2375.000,58561.000,45913.333,15
39,1,229,220,220,59717,50,59139,6447,600,600,600,60317,99.005,-2225.000,58661.000,-2200.000,58686.000,35290.667,12
39,2,230,220,220,58467,50,57989,7597,575,575,575,59042,99.026,-1250.000,51586.000,-1275.000,51561.000,25576.333,13
39,4,232,220,220,56192,50,55639,9947,600,600,600,56792,98.944,-2275.000,44786.000,-2250.000,44811.000,14732.833,19
39,6,234,220,220,53917,50,53389,12197,575,575,575,54492,98.945,-2275.000,44811.000,-2300.000,44811.000,3626.833,20
40,2,236,220,220,51592,50,51039,14547,600,600,600,52192,98.850,-2325.000,-6875.000,-2300.000,-6850.000,-7483.333,17
40,4,238,220,220,49242,50,48739,16847,575,575,575,49817,98.846,-2350.000,-6950.000,-2375.000,-6975.000,-7741.667,12
40,5,239,220,220,48092,50,47589,17997,575,575,575,48667,98.819,-1150.000,-13850.000,-1150.000,-13850.000,-6775.000,12
41,1,241,220,220,45792,50,45289,20297,575,575,575,46367,98.760,-2300.000,-13925.000,-2300.000,-13950.000,-7133.333,16
41,3,243,220,220,43492,50,42939,22647,600,600,600,44092,98.639,-2300.000,-20800.000,-2275.000,-20800.000,-7295.833,20
41,5,245,220,220,41142,50,40639,24947,575,575,575,41717,98.622,-2350.000,-6950.000,-2375.000,-6950.000,-7554.167,17
42,1,247,220,220,38842,50,38339,27247,575,575,575,39417,98.541,-2300.000,-6950.000,-2300.000,-6950.000,-7725.000,13
42,2,248,220,220,37692,50,37139,28447,600,600,600,38292,98.433,-1150.000,-13900.000,-1125.000,-13900.000,-6720.833,13
42,4,250,220,220,35342,50,34839,30747,575,575,575,35917,98.399,-2350.000,-13900.000,-2375.000,-13900.000,-7175.000,16
42,6,252,220,220,33042,50,32589,32997,550,550,550,33592,98.363,-2300.000,-20875.000,-2325.000,-20900.000,-7375.000,19
43,2,254,220,220,30717,50,30189,35397,600,600,600,31317,98.084,-2325.000,-6975.000,-2275.000,-6975.000,-7520.833,17
43,4,256,220,220,28317,50,27889,37697,550,550,550,28867,98.095,-2400.000,-7025.000,-2450.000,-7050.000,-7841.667,11
44,1,259,220,220,25017,50,24489,41097,575,575,575,25592,97.753,-3300.000,-13825.000,-3275.000,-13825.000,-8975.000,14
44,3,261,220,220,22617,50,22089,43497,600,600,600,23217,97.416,-2400.000,-20875.000,-2375.000,-20875.000,-9045.833,20
44,5,263,220,220,20292,50,19839,45747,550,550,550,20842,97.361,-2325.000,-20850.000,-2375.000,-20875.000,-8908.333,18
45,1,265,220,220,18042,50,17539,48047,575,575,575,18617,96.911,-2250.000,-6975.000,-2225.000,-6975.000,-8620.833,15
45,4,268,220,220,14517,50,14039,51547,575,575,575,15092,96.190,-3525.000,-13800.000,-3525.000,-13775.000,-9650.000,14
45,6,270,220,220,12242,50,11789,53797,550,550,550,12792,95.700,-2275.000,-20800.000,-2300.000,-20800.000,-9245.833,17
46,2,272,220,220,9917,50,9439,56147,575,575,575,10492,94.520,-2325.000,-20800.000,-2300.000,-20825.000,-8866.667,19
46,4,274,220,220,7642,50,7139,58447,575,575,575,8217,93.002,-2275.000,-6875.000,-2275.000,-6875.000,-8625.000,16
46,6,276,220,220,5342,50,4839,60747,575,575,575,5917,90.282,-2300.000,-6900.000,-2300.000,-6875.000,-8425.000,12
47,1,277,220,220,4192,50,3689,61897,575,575,575,4767,87.938,-1150.000,-13850.000,-1150.000,-13850.000,-7087.500,12
47,3,279,220,220,1817,50,1339,64247,575,575,575,2392,75.962,-2375.000,-20800.000,-2375.000,-20825.000,-7154.167,17
47,5,281,220,220,65078,50,64575,1011,575,575,575,65653,99.124,63261.000,44786.000,63261.000,44811.000,58223.500,20
48,1,283,220,220,62778,50,62275,3311,575,575,575,63353,99.092,-2300.000,58586.000,-2300.000,58586.000,47113.333,17
48,3,285,220,220,60403,50,59925,5661,575,575,575,60978,99.057,-2375.000,58586.000,-2375.000,58586.000,35928.167,11
48,4,286,220,220,59278,50,58775,6811,575,575,575,59853,99.039,-1125.000,51636.000,-1125.000,51636.000,26009.667,12
48,6,288,220,220,56978,50,56475,9111,575,575,575,57553,99.001,-2300.000,51636.000,-2300.000,51636.000,14720.333,16
49,2,290,220,220,54678,50,54125,11461,600,600,600,55278,98.915,-2300.000,44761.000,-2275.000,44786.000,3647.667,20
49,4,292,220,220,52328,50,51825,13761,575,575,575,52903,98.913,-2350.000,-6950.000,-2375.000,-6950.000,-7541.667,17
49,6,294,220,220,50028,50,49575,16011,550,550,550,50578,98.913,-2300.000,-6950.000,-2325.000,-6975.000,-7741.667,13
50,3,297,220,220,46503,50,46025,19561,575,575,575,47078,98.779,-3525.000,-13900.000,-3500.000,-13900.000,-9112.500,16
50,5,299,220,220,44228,50,43725,21861,575,575,575,44803,98.717,-2275.000,-20850.000,-2275.000,-20850.000,-9070.833,20
51,1,301,220,220,41928,50,41425,24161,575,575,575,42503,98.647,-2300.000,-20850.000,-2300.000,-20850.000,-8862.500,18
51,3,303,220,220,39553,50,39075,26511,575,575,575,40128,98.567,-2375.000,-6950.000,-2375.000,-6950.000,-8729.167,12
51,6,306,220,220,36128,50,35625,29961,575,575,575,36703,98.433,-3425.000,-13900.000,-3425.000,-13875.000,-9629.167,15
52,2,308,220,220,33828,50,33325,32261,575,575,575,34403,98.329,-2300.000,-20850.000,-2300.000,-20875.000,-9229.167,19
52,4,310,220,220,31453,50,30975,34611,575,575,575,32028,98.205,-2375.000,-20875.000,-2375.000,-20875.000,-8908.333,17
52,6,312,220,220,29178,50,28675,36911,575,575,575,29753,98.067,-2275.000,-6950.000,-2275.000,-6950.000,-8675.000,14
53,3,315,220,220,25653,50,25175,40411,575,575,575,26228,97.808,-3525.000,-13900.000,-3525.000,-13900.000,-9691.667,15
53,5,317,220,220,23303,50,22875,42711,550,550,550,23853,97.694,-2350.000,-20925.000,-2375.000,-20950.000,-9354.167,19
54,1,319,220,220,21078,50,20575,45011,575,575,575,21653,97.344,-2225.000,-20850.000,-2200.000,-20850.000,-8841.667,19
54,3,321,220,220,18703,50,18175,47411,600,600,600,19303,96.892,-2375.000,-6950.000,-2350.000,-6925.000,-8683.333,13
54,6,324,220,220,15278,50,14775,50811,575,575,575,15853,96.373,-3425.000,-13900.000,-3450.000,-13900.000,-9616.667,14
55,2,326,220,220,12978,50,12425,53161,600,600,600,13578,95.581,-2300.000,-20850.000,-2275.000,-20825.000,-9195.833,20
55,4,328,220,220,10553,50,10125,55461,550,550,550,11103,95.046,-2425.000,-20900.000,-2475.000,-20925.000,-8975.000,17
55,6,330,220,220,8328,50,7825,57761,575,575,575,8903,93.542,-2225.000,-6950.000,-2200.000,-6950.000,-8654.167,15
56,3,333,220,220,4803,50,4325,61261,575,575,575,5378,89.308,-3525.000,-13900.000,-3525.000,-13925.000,-9687.500,14
56,5,335,220,220,2528,50,2025,63561,575,575,575,3103,81.470,-2275.000,-20775.000,-2275.000,-20750.000,-9250.000,18
57,1,337,220,220,228,50,65261,325,575,575,575,803,28.394,-2300.000,-20850.000,-2300.000,-20850.000,-8850.000,20
57,3,339,220,220,63389,50,62911,2675,575,575,575,63964,99.101,63161.000,58586.000,63161.000,58586.000,56819.333,14
57,5,341,220,220,61114,50,60611,4975,575,575,575,61689,99.068,-2275.000,58586.000,-2275.000,58586.000,46146.667,11
57,6,342,220,220,59964,50,59461,6125,575,575,575,60539,99.050,-1150.000,51636.000,-1150.000,51636.000,36565.667,13
58,2,344,220,220,57664,50,57161,8425,575,575,575,58239,99.013,-2300.000,44686.000,-2300.000,44661.000,25659.667,17
58,4,346,220,220,55289,50,54811,10775,575,575,575,55864,98.971,-2375.000,44736.000,-2375.000,44761.000,14474.500,19
58,6,348,220,220,53014,50,52511,13075,575,575,575,53589,98.927,-2275.000,-6950.000,-2275.000,-6950.000,3406.000,16
59,2,350,220,220,50714,50,50211,15375,575,575,575,51289,98.879,-2300.000,-6950.000,-2300.000,-6950.000,-7691.667,12
59,3,351,220,220,49564,50,49011,16575,600,600,600,50164,98.804,-1150.000,-13825.000,-1125.000,-13800.000,-6704.167,14
59,5,353,220,220,47214,50,46711,18875,575,575,575,47789,98.797,-2350.000,-13900.000,-2375.000,-13900.000,-7158.333,17
60,1,355,220,220,44914,50,44411,21175,575,575,575,45489,98.736,-2300.000,44686.000,-2300.000,44686.000,-7333.333,20
60,3,357,220,220,42539,50,42061,23525,575,575,575,43114,98.666,-2375.000,-7025.000,-2375.000,-7050.000,-7583.333,15
60,5,359,220,220,40264,50,39761,25825,575,575,575,40839,98.592,-2275.000,-6950.000,-2275.000,-6950.000,-7733.333,12
60,6,360,220,220,39114,50,38611,26975,575,575,575,39689,98.551,-1150.000,-13900.000,-1150.000,-13900.000,-6758.333,12
61,2,362,220,220,36814,50,36261,29325,600,600,600,37414,98.396,-2300.000,-13900.000,-2275.000,-13875.000,-7100.000,18
61,4,364,220,220,34389,50,33961,31625,550,550,550,34939,98.426,-2425.000,-20900.000,-2475.000,-20925.000,-7450.000,19
61,6,366,220,220,32089,50,31661,33925,550,550,550,32639,98.315,-2300.000,-7025.000,-2300.000,-7050.000,-7608.333,15
62,2,368,220,220,29864,50,29311,36275,600,600,600,30464,98.030,-2225.000,-6950.000,-2175.000,-6950.000,-7641.667,13
62,3,369,220,220,28639,50,28111,37475,600,600,600,29239,97.948,-1225.000,-13900.000,-1225.000,-13875.000,-6758.333,14
62,5,371,220,220,26314,50,25861,39725,550,550,550,26864,97.953,-2325.000,-13950.000,-2375.000,-13975.000,-7200.000,16
63,1,373,220,220,24064,50,23561,42025,575,575,575,24639,97.666,-2250.000,-20850.000,-2225.000,-20850.000,-7287.500,20
63,3,375,220,220,21689,50,21211,44375,575,575,575,22264,97.417,-2375.000,-6950.000,-2375.000,-6975.000,-7533.333,16
63,5,377,220,220,19339,50,18911,46675,550,550,550,19889,97.235,-2350.000,-6975.000,-2375.000,-6975.000,-7795.833,11
64,2,380,220,220,15964,50,15411,50175,600,600,600,16564,96.378,-3375.000,-13900.000,-3325.000,-13900.000,-8995.833,17
64,4,382,220,220,13614,50,13111,52475,575,575,575,14189,95.948,-2350.000,-20775.000,-2375.000,-20750.000,-9054.167,20
64,6,384,220,220,11314,50,10811,54775,575,575,575,11889,95.164,-2300.000,-20775.000,-2300.000,-20750.000,-8845.833,18
65,2,386,220,220,9014,50,8511,57075,575,575,575,9589,94.004,-2300.000,-6950.000,-2300.000,-6975.000,-8650.000,14
65,5,389,220,220,5514,50,5061,60525,550,550,550,6064,90.930,-3500.000,-13825.000,-3525.000,-13825.000,-9666.667,14
66,1,391,220,220,3189,50,2711,62875,575,575,575,3764,84.724,-2325.000,-20875.000,-2300.000,-20875.000,-9266.667,19
66,3,393,220,220,914,50,361,65225,600,600,600,1514,60.370,-2275.000,-20775.000,-2250.000,-20750.000,-8829.167,19
66,5,395,220,220,64100,50,63647,1939,550,550,550,64650,99.149,63186.000,58586.000,63136.000,58586.000,56815.167,14
67,2,398,220,220,60625,50,60147,5439,575,575,575,61200,99.060,-3475.000,51611.000,-3450.000,51611.000,44955.000,14
67,4,400,220,220,58350,50,57847,7739,575,575,575,58925,99.024,-2275.000,44736.000,-2275.000,44736.000,34461.500,18
67,6,402,220,220,55975,50,55547,10039,550,550,550,56525,99.027,-2375.000,44661.000,-2400.000,44636.000,23838.833,18
68,2,404,220,220,53750,50,53197,12389,600,600,600,54350,98.896,-2225.000,-6875.000,-2175.000,-6850.000,13253.667,16
68,4,406,220,220,51325,50,50897,14689,550,550,550,51875,98.940,-2425.000,-7025.000,-2475.000,-7050.000,2347.667,9
68,5,407,220,220,50275,50,49747,15839,575,575,575,50850,98.869,-1050.000,-13825.000,-1025.000,-13800.000,-7070.833,13
69,1,409,220,220,47950,50,47447,18139,575,575,575,48525,98.815,-2325.000,44761.000,-2325.000,44761.000,-7095.833,17
69,3,411,220,220,45650,50,45097,20489,600,600,600,46250,98.703,-2300.000,44736.000,-2275.000,44736.000,-7258.333,20
69,5,413,220,220,43300,50,42797,22789,575,575,575,43875,98.689,-2350.000,-6975.000,-2375.000,-6975.000,-7520.833,16
70,1,415,220,220,41000,50,40497,25089,575,575,575,41575,98.617,-2300.000,-6950.000,-2300.000,-6950.000,-7712.500,12
70,2,416,220,220,39850,50,39297,26289,600,600,600,40450,98.517,-1150.000,-13900.000,-1125.000,-13900.000,-6708.333,14
70,4,418,220,220,37500,50,36997,28589,575,575,575,38075,98.490,-2350.000,-13825.000,-2375.000,-13800.000,-7179.167,17
70,6,420,220,220,35200,50,34747,30839,550,550,550,35750,98.462,-2300.000,-20775.000,-2325.000,-20775.000,-7375.000,20
71,2,422,220,220,32875,50,32397,33189,575,575,575,33450,98.281,-2325.000,-6975.000,-2300.000,-7000.000,-7545.833,16
71,4,424,220,220,30525,50,30047,35539,575,575,575,31100,98.151,-2350.000,-6975.000,-2350.000,-6975.000,-7762.500,11
71,5,425,220,220,29400,50,28897,36689,575,575,575,29975,98.082,-1125.000,-13900.000,-1125.000,-13900.000,-6758.333,12
72,1,427,220,220,27175,50,26647,38939,575,575,575,27750,97.928,-2225.000,-13825.000,-2225.000,-13825.000,-7050.000,15
72,3,429,220,220,24775,50,24247,41339,600,600,600,25375,97.635,-2400.000,-20875.000,-2375.000,-20875.000,-7308.333,20
72,5,431,220,220,22525,50,21997,43589,575,575,575,23100,97.511,-2250.000,-6875.000,-2275.000,-6875.000,-7466.667,18
73,1,433,220,220,20200,50,19697,45889,575,575,575,20775,97.232,-2325.000,-6975.000,-2325.000,-6975.000,-7683.333,14
73,4,436,220,220,16675,50,16197,49389,575,575,575,17250,96.667,-3525.000,-13850.000,-3525.000,-13850.000,-9095.833,15
73,6,438,220,220,14400,50,13947,51639,550,550,550,14950,96.321,-2275.000,-20800.000,-2300.000,-20800.000,-9087.500,18
74,2,440,220,220,12075,50,11597,53989,575,575,575,12650,95.455,-2325.000,-20800.000,-2300.000,-20800.000,-8883.333,18
74,4,442,220,220,9725,50,9247,56339,575,575,575,10300,94.417,-2350.000,-6950.000,-2350.000,-6950.000,-8716.667,13
74,6,444,220,220,7450,50,6997,58589,550,550,550,8000,93.125,-2275.000,-6950.000,-2300.000,-6950.000,-8504.167,10
75,1,445,220,220,6375,50,5847,59739,575,575,575,6950,91.727,-1075.000,-13825.000,-1050.000,-13825.000,-7037.500,13
75,3,447,220,220,3975,50,3497,62089,575,575,575,4550,87.363,-2400.000,-20800.000,-2400.000,-20825.000,-7133.333,18
75,5,449,220,220,1700,50,1197,64389,575,575,575,2275,74.725,-2275.000,-20825.000,-2275.000,-20825.000,-7291.667,20
76,1,451,220,220,64936,50,64433,1153,575,575,575,65511,99.122,63236.000,58561.000,63236.000,58561.000,58056.833,16
76,3,453,220,220,62636,50,62083,3503,600,600,600,63236,99.051,-2300.000,58661.000,-2275.000,58686.000,46971.667,12
76,4,454,220,220,61411,50,60933,4653,575,575,575,61986,99.072,-1225.000,51686.000,-1250.000,51686.000,36899.000,13
76,6,456,220,220,59136,50,58633,6953,575,575,575,59711,99.037,-2275.000,51686.000,-2275.000,51711.000,25626.333,17
77,2,458,220,220,56836,50,56333,9253,575,575,575,57411,98.998,-2300.000,44761.000,-2300.000,44761.000,14532.833,20
77,4,460,220,220,54386,50,53983,11603,550,575,575,54961,98.954,-2450.000,-7025.000,-2450.000,-7025.000,3272.667,14
77,6,462,220,220,52186,50,51683,13903,575,575,575,52761,98.910,-2200.000,-6950.000,-2200.000,-6950.000,-7708.333,12
78,1,463,220,220,51036,50,50533,15053,575,575,575,51611,98.886,-1150.000,-13900.000,-1150.000,-13900.000,-6733.333,12
78,3,465,220,220,48661,50,48133,17453,600,600,600,49261,98.782,-2375.000,-13975.000,-2350.000,-13975.000,-7145.833,19
78,5,467,220,220,46411,50,45883,19703,575,575,575,46986,98.776,-2250.000,44711.000,-2275.000,44711.000,-7300.000,20
79,1,469,220,220,44086,50,43583,22003,575,575,575,44661,98.713,-2325.000,-6950.000,-2325.000,-6950.000,-7504.167,17
79,3,471,220,220,41711,50,41183,24403,600,600,600,42311,98.582,-2375.000,-6950.000,-2350.000,-6950.000,-7729.167,11
79,4,472,220,220,40511,50,40083,25503,550,550,550,41061,98.661,-1200.000,-13875.000,-1250.000,-13900.000,-6870.833,12
79,6,474,220,220,38286,50,37783,27803,575,575,575,38861,98.520,-2225.000,-13900.000,-2200.000,-13900.000,-7120.833,16
80,2,476,220,220,35986,50,35483,30103,575,575,575,36561,98.427,-2300.000,-20850.000,-2300.000,-20850.000,-7295.833,20
80,4,478,220,220,33611,50,33133,32453,575,575,575,34186,98.318,-2375.000,-6900.000,-2375.000,-6875.000,-7554.167,16
80,6,480,220,220,31336,50,30833,34753,575,575,575,31911,98.198,-2275.000,-6950.000,-2275.000,-6950.000,-7695.833,13
81,3,483,220,220,27886,50,27333,38253,600,600,600,28486,97.894,-3450.000,-13825.000,-3425.000,-13825.000,-8995.833,17
81,5,485,220,220,25461,50,25033,40553,550,550,550,26011,97.886,-2425.000,-20950.000,-2475.000,-20975.000,-9166.667,20
82,1,487,220,220,23236,50,22733,42853,575,575,575,23811,97.585,-2225.000,-20850.000,-2200.000,-20850.000,-8858.333,18
82,3,489,220,220,20861,50,20383,45203,575,575,575,21436,97.318,-2375.000,-7025.000,-2375.000,-7050.000,-8725.000,12
82,6,492,220,220,17436,50,16933,48653,575,575,575,18011,96.808,-3425.000,-13900.000,-3425.000,-13900.000,-9629.167,15
83,2,494,220,220,15136,50,14633,50953,575,575,575,15711,96.340,-2300.000,-20850.000,-2300.000,-20850.000,-9233.333,19
83,4,496,220,220,12761,50,12283,53303,575,575,575,13336,95.688,-2375.000,-20850.000,-2375.000,-20850.000,-8908.333,17
83,6,498,220,220,10486,50,9983,55603,575,575,575,11061,94.802,-2275.000,-6950.000,-2275.000,-6950.000,-8658.333,14
84,3,501,220,220,6961,50,6483,59103,575,575,575,7536,92.370,-3525.000,-13900.000,-3525.000,-13900.000,-9691.667,15
84,5,503,220,220,4686,50,4183,61403,575,575,575,5261,89.071,-2275.000,-20775.000,-2275.000,-20750.000,-9254.167,19
85,1,505,220,220,2386,50,1883,63703,575,575,575,2961,80.581,-2300.000,-20850.000,-2300.000,-20850.000,-8858.333,19
85,3,507,220,220,11,50,65019,567,600,600,600,611,1.800,-2375.000,-6950.000,-2350.000,-6925.000,-8700.000,13
85,6,510,220,220,62047,50,61669,3917,525,550,550,62597,99.121,62036.000,51561.000,61986.000,51536.000,55802.667,13
86,2,512,220,220,59797,50,59269,6317,600,600,600,60397,99.007,-2250.000,44661.000,-2200.000,44686.000,45392.500,20
86,4,514,220,220,57472,50,56969,8617,575,575,575,58047,99.009,-2325.000,44711.000,-2350.000,44711.000,34819.833,19
86,6,516,220,220,55172,50,54719,10867,550,550,550,55722,99.013,-2300.000,-6875.000,-2325.000,-6875.000,24076.333,15
87,2,518,220,220,52847,50,52369,13217,575,575,575,53422,98.924,-2325.000,-6950.000,-2300.000,-6975.000,13366.167,10
87,3,519,220,220,51722,50,51169,14417,600,600,600,52322,98.853,-1125.000,51711.000,-1100.000,51711.000,3856.000,15
87,5,521,220,220,49372,50,48869,16717,575,575,575,49947,98.849,-2350.000,44686.000,-2375.000,44686.000,-7137.500,18
88,1,523,220,220,47147,50,46569,19017,600,600,600,47747,98.743,-2225.000,44761.000,-2200.000,44786.000,-7229.167,20
88,3,525,220,220,44772,50,44269,21317,575,575,575,45347,98.732,-2375.000,-6950.000,-2400.000,-6975.000,-7520.833,16
88,5,527,220,220,42472,50,41969,23617,575,575,575,43047,98.664,-2300.000,-6900.000,-2300.000,-6900.000,-7704.167,12
88,6,528,220,220,41322,50,40819,24767,575,575,575,41897,98.628,-1150.000,-13850.000,-1150.000,-13825.000,-6741.667,12
89,2,530,220,220,39022,50,38469,27117,600,600,600,39622,98.486,-2300.000,-13825.000,-2275.000,-13800.000,-7095.833,18
89,4,532,220,220,36672,50,36169,29417,575,575,575,37247,98.456,-2350.000,-20800.000,-2375.000,-20800.000,-7354.167,20
89,6,534,220,220,34372,50,33869,31717,575,575,575,34947,98.355,-2300.000,-6950.000,-2300.000,-6950.000,-7537.500,17
90,2,536,220,220,32072,50,31569,34017,575,575,575,32647,98.239,-2300.000,-6950.000,-2300.000,-6975.000,-7704.167,13
90,3,537,220,220,30922,50,30369,35217,600,600,600,31522,98.097,-1150.000,-13850.000,-1125.000,-13825.000,-6712.500,13
90,5,539,220,220,28572,50,28069,37517,575,575,575,29147,98.027,-2350.000,-13900.000,-2375.000,-13900.000,-7166.667,16
91,1,541,220,220,26272,50,25769,39817,575,575,575,26847,97.858,-2300.000,-20875.000,-2300.000,-20900.000,-7341.667,20
91,3,543,220,220,23897,50,23419,42167,575,575,575,24472,97.650,-2375.000,-7025.000,-2375.000,-7050.000,-7587.500,16
91,5,545,220,220,21622,50,21119,44467,575,575,575,22197,97.410,-2275.000,-6950.000,-2275.000,-6950.000,-7733.333,13
92,2,548,220,220,18172,50,17619,47967,600,600,600,18772,96.804,-3450.000,-13900.000,-3425.000,-13875.000,-9033.333,17
92,4,550,220,220,15822,50,15319,50267,575,575,575,16397,96.493,-2350.000,-20850.000,-2375.000,-20850.000,-9095.833,20
92,6,552,220,220,13447,50,13019,52567,550,550,550,13997,96.071,-2375.000,-20925.000,-2400.000,-20950.000,-8975.000,16
93,2,554,220,220,11222,50,10669,54917,600,600,600,11822,94.925,-2225.000,-6950.000,-2175.000,-6950.000,-8625.000,14
93,3,555,220,220,9997,50,9469,56117,600,600,600,10597,94.338,-1225.000,-13900.000,-1225.000,-13875.000,-7345.833,13
93,5,557,220,220,7747,50,7219,58367,575,575,575,8322,93.091,-2250.000,-13875.000,-2275.000,-13875.000,-7308.333,15
94,1,559,220,220,5422,50,4919,60667,575,575,575,5997,90.412,-2325.000,-20850.000,-2325.000,-20850.000,-7320.833,19
94,3,561,220,220,3047,50,2569,63017,575,575,575,3622,84.125,-2375.000,-6950.000,-2375.000,-6975.000,-7566.667,17
94,5,563,220,220,772,50,269,65317,575,575,575,1347,57.313,-2275.000,-6975.000,-2275.000,-6975.000,-7712.500,14
95,2,566,220,220,62858,50,62305,3281,600,600,600,63458,99.054,62086.000,51636.000,62111.000,51636.000,56506.833,16
95,4,568,220,220,60508,50,60005,5581,575,575,575,61083,99.059,-2350.000,44686.000,-2375.000,44686.000,45525.833,19
95,6,570,220,220,58208,50,57705,7881,575,575,575,58783,99.022,-2300.000,44761.000,-2300.000,44786.000,34811.500,19
96,2,572,220,220,55908,50,55355,10231,600,600,600,56508,98.938,-2300.000,-6950.000,-2275.000,-6950.000,24126.333,15
96,5,575,220,220,52433,50,51905,13681,575,575,575,53008,98.915,-3475.000,51661.000,-3500.000,51661.000,12207.833,14
97,1,577,220,220,50108,50,49605,15981,575,575,575,50683,98.865,-2325.000,44686.000,-2325.000,44686.000,1651.833,18
97,3,579,220,220,47808,50,47205,18381,625,625,625,48433,98.710,-2300.000,44761.000,-2250.000,44811.000,-8820.833,20
97,5,581,220,220,45458,50,44955,20631,575,575,575,46033,98.751,-2350.000,-6975.000,-2400.000,-6975.000,-8716.667,15
98,1,583,220,220,43158,50,42655,22931,575,575,575,43733,98.685,-2300.000,-6950.000,-2300.000,-6950.000,-8508.333,11
98,2,584,220,220,42008,50,41455,24131,600,600,600,42608,98.592,-1150.000,-13900.000,-1125.000,-13900.000,-7125.000,15
98,4,586,220,220,39658,50,39105,26481,600,600,600,40258,98.510,-2350.000,-20850.000,-2350.000,-20825.000,-7158.333,20
98,6,587,220,220,37383,50,36855,28731,575,575,575,37958,98.485,-2275.000,-20825.000,-2300.000,-20825.000,-7333.333,20
99,2,589,220,220,35058,50,34505,31081,600,600,600,35658,98.317,-2325.000,-6950.000,-2300.000,-6950.000,-7512.500,16
99,4,591,220,220,32633,50,32205,33381,550,550,550,33183,98.343,-2425.000,-7025.000,-2475.000,-7075.000,-7858.333,9
99,5,592,220,220,31583,50,31005,34581,600,600,600,32183,98.136,-1050.000,-13875.000,-1000.000,-13850.000,-6716.667,15
99,1,594,220,220,29283,50,28755,36831,575,575,575,29858,98.074,-2300.000,-13875.000,-2325.000,-13875.000,-7116.667,17
100,3,596,220,220,26883,50,26405,39181,575,575,575,27458,97.906,-2400.000,-20925.000,-2400.000,-20975.000,-7391.667,19
100,5,598,220,220,24608,50,24105,41481,575,575,575,25183,97.717,-2275.000,-6975.000,-2275.000,-7000.000,-7533.333,16
100,1,600,220,220,22308,50,21805,43781,575,575,575,22883,97.487,-2300.000,-6975.000,-2300.000,-6975.000,-7704.167,12
