seq,step,mode,zc_event,ccr,bemf_prev,bemf_curr,t_start,t_prev,t_curr,dt_us,t_zc,delay_limited,delay_trigger
246,4,CLOSED_LOOP,0,220,24,29,26558,27348,27398,50,0,564,0
247,4,CLOSED_LOOP,0,220,29,34,26558,27398,27448,50,0,564,0
248,4,CLOSED_LOOP,0,220,34,38,26558,27448,27498,50,0,564,0
249,4,CLOSED_LOOP,0,220,38,43,26558,27498,27548,50,0,564,0
250,4,CLOSED_LOOP,0,220,43,48,26558,27548,27598,50,0,564,0
251,4,CLOSED_LOOP,0,220,48,52,26558,27598,27648,50,0,564,0
252,5,CLOSED_LOOP,0,220,52,45,27670,27648,27748,100,0,564,0
253,5,CLOSED_LOOP,0,220,45,41,27670,27748,27798,50,0,564,0
254,5,CLOSED_LOOP,0,220,41,35,27670,27798,27848,50,0,564,0
255,5,CLOSED_LOOP,0,220,35,31,27670,27848,27898,50,0,564,0
0,5,CLOSED_LOOP,0,220,31,26,27670,27898,27948,50,0,564,0
1,5,CLOSED_LOOP,0,220,26,22,27670,27948,27998,50,0,564,0
2,5,CLOSED_LOOP,0,220,22,17,27670,27998,28048,50,0,564,0
3,5,CLOSED_LOOP,0,220,17,13,27670,28048,28098,50,0,564,0
4,5,CLOSED_LOOP,0,220,13,7,27670,28098,28148,50,0,564,0
5,5,CLOSED_LOOP,0,220,7,4,27670,28148,28198,50,0,564,0
6,5,CLOSED_LOOP,1,220,4,-1,27670,28198,28248,50,28238,576,566
7,5,CLOSED_LOOP,0,220,-1,-5,27670,28248,28298,50,0,576,0
8,5,CLOSED_LOOP,0,220,-5,-6,27670,28298,28348,50,0,576,0
9,5,CLOSED_LOOP,0,220,-6,-6,27670,28348,28398,50,0,576,0
10,5,CLOSED_LOOP,0,220,-6,-6,27670,28398,28448,50,0,576,0
11,5,CLOSED_LOOP,0,220,-6,-6,27670,28448,28498,50,0,576,0
12,5,CLOSED_LOOP,0,220,-6,-5,27670,28498,28548,50,0,576,0
13,5,CLOSED_LOOP,0,220,-5,-5,27670,28548,28598,50,0,576,0
14,5,CLOSED_LOOP,0,220,-5,-5,27670,28598,28648,50,0,576,0
15,5,CLOSED_LOOP,0,220,-5,-4,27670,28648,28698,50,0,576,0
16,5,CLOSED_LOOP,0,220,-4,-4,27670,28698,28748,50,0,576,0
17,5,CLOSED_LOOP,0,220,-4,-3,27670,28748,28798,50,0,576,0
18,6,CLOSED_LOOP,0,220,-3,-3,28834,28798,28898,100,0,576,0
19,6,CLOSED_LOOP,0,220,-3,-3,28834,28898,28948,50,0,576,0
20,6,CLOSED_LOOP,0,220,-3,-4,28834,28948,28998,50,0,576,0
21,6,CLOSED_LOOP,0,220,-4,-4,28834,28998,29048,50,0,576,0
22,6,CLOSED_LOOP,0,220,-4,-4,28834,29048,29098,50,0,576,0
23,6,CLOSED_LOOP,0,220,-4,-5,28834,29098,29148,50,0,576,0
24,6,CLOSED_LOOP,0,220,-5,-5,28834,29148,29198,50,0,576,0
25,6,CLOSED_LOOP,0,220,-5,-5,28834,29198,29248,50,0,576,0
26,6,CLOSED_LOOP,0,220,-5,-6,28834,29248,29298,50,0,576,0
27,6,CLOSED_LOOP,0,220,-6,-2,28834,29298,29348,50,0,576,0
28,6,CLOSED_LOOP,1,220,-2,2,28834,29348,29398,50,29373,567,542
29,6,CLOSED_LOOP,0,220,2,7,28834,29398,29448,50,0,567,0
30,6,CLOSED_LOOP,0,220,7,12,28834,29448,29498,50,0,567,0
31,6,CLOSED_LOOP,0,220,12,17,28834,29498,29548,50,0,567,0
32,6,CLOSED_LOOP,0,220,17,21,28834,29548,29598,50,0,567,0
33,6,CLOSED_LOOP,0,220,21,26,28834,29598,29648,50,0,567,0
34,6,CLOSED_LOOP,0,220,26,31,28834,29648,29698,50,0,567,0
35,6,CLOSED_LOOP,0,220,31,35,28834,29698,29748,50,0,567,0
36,6,CLOSED_LOOP,0,220,35,40,28834,29748,29798,50,0,567,0
37,6,CLOSED_LOOP,0,220,40,47,28834,29798,29848,50,0,567,0
38,6,CLOSED_LOOP,0,220,47,49,28834,29848,29898,50,0,567,0
39,6,CLOSED_LOOP,0,220,49,54,29960,29898,29948,50,0,567,0
40,1,CLOSED_LOOP,0,220,54,44,29960,29948,30048,100,0,567,0
41,1,CLOSED_LOOP,0,220,44,39,29960,30048,30098,50,0,567,0
42,1,CLOSED_LOOP,0,220,39,34,29960,30098,30148,50,0,567,0
43,1,CLOSED_LOOP,0,220,34,30,29960,30148,30198,50,0,567,0
44,1,CLOSED_LOOP,0,220,30,24,29960,30198,30248,50,0,567,0
45,1,CLOSED_LOOP,0,220,24,20,29960,30248,30298,50,0,567,0
46,1,CLOSED_LOOP,0,220,20,15,29960,30298,30348,50,0,567,0
47,1,CLOSED_LOOP,0,220,15,11,29960,30348,30398,50,0,567,0
48,1,CLOSED_LOOP,0,220,11,6,29960,30398,30448,50,0,567,0
49,1,CLOSED_LOOP,0,220,6,2,29960,30448,30498,50,0,567,0
50,1,CLOSED_LOOP,1,220,2,-3,29960,30498,30548,50,30518,572,542
51,1,CLOSED_LOOP,0,220,-3,-7,29960,30548,30598,50,0,572,0
52,1,CLOSED_LOOP,0,220,-7,-7,29960,30598,30648,50,0,572,0
53,1,CLOSED_LOOP,0,220,-7,-7,29960,30648,30698,50,0,572,0
54,1,CLOSED_LOOP,0,220,-7,-6,29960,30698,30748,50,0,572,0
55,1,CLOSED_LOOP,0,220,-6,-6,29960,30748,30798,50,0,572,0
56,1,CLOSED_LOOP,0,220,-6,-7,29960,30798,30848,50,0,572,0
57,1,CLOSED_LOOP,0,220,-7,-5,29960,30848,30898,50,0,572,0
58,1,CLOSED_LOOP,0,220,-5,-5,29960,30898,30948,50,0,572,0
59,1,CLOSED_LOOP,0,220,-5,-4,29960,30948,30998,50,0,572,0
60,1,CLOSED_LOOP,0,220,-4,-4,29960,30998,31048,50,0,572,0
61,1,CLOSED_LOOP,0,220,-4,-4,31110,31048,31098,50,0,572,0
62,2,CLOSED_LOOP,0,220,-4,-4,31110,31098,31198,100,0,572,0
63,2,CLOSED_LOOP,0,220,-4,-4,31110,31198,31248,50,0,572,0
64,2,CLOSED_LOOP,0,220,-4,-5,31110,31248,31298,50,0,572,0
65,2,CLOSED_LOOP,0,220,-5,-5,31110,31298,31348,50,0,572,0
66,2,CLOSED_LOOP,0,220,-5,-5,31110,31348,31398,50,0,572,0
67,2,CLOSED_LOOP,0,220,-5,-5,31110,31398,31448,50,0,572,0
68,2,CLOSED_LOOP,0,220,-5,-6,31110,31448,31498,50,0,572,0
69,2,CLOSED_LOOP,0,220,-6,-6,31110,31498,31548,50,0,572,0
70,2,CLOSED_LOOP,0,220,-6,-6,31110,31548,31598,50,0,572,0
71,2,CLOSED_LOOP,0,220,-6,-3,31110,31598,31648,50,0,572,0
72,2,CLOSED_LOOP,1,220,-3,1,31110,31648,31698,50,31686,584,572
73,2,CLOSED_LOOP,0,220,1,5,31110,31698,31748,50,0,584,0
74,2,CLOSED_LOOP,0,220,5,10,31110,31748,31798,50,0,584,0
75,2,CLOSED_LOOP,0,220,10,13,31110,31798,31848,50,0,584,0
76,2,CLOSED_LOOP,0,220,13,19,31110,31848,31898,50,0,584,0
77,2,CLOSED_LOOP,0,220,19,24,31110,31898,31948,50,0,584,0
78,2,CLOSED_LOOP,0,220,24,28,31110,31948,31998,50,0,584,0
79,2,CLOSED_LOOP,0,220,28,33,31110,31998,32048,50,0,584,0
80,2,CLOSED_LOOP,0,220,33,37,31110,32048,32098,50,0,584,0
81,2,CLOSED_LOOP,0,220,37,42,31110,32098,32148,50,0,584,0
82,2,CLOSED_LOOP,0,220,42,47,31110,32148,32198,50,0,584,0
83,2,CLOSED_LOOP,0,220,47,52,31110,32198,32248,50,0,584,0
84,3,CLOSED_LOOP,0,220,52,50,32290,32248,32348,100,0,584,0
85,3,CLOSED_LOOP,0,220,50,46,32290,32348,32398,50,0,584,0
86,3,CLOSED_LOOP,0,220,46,41,32290,32398,32448,50,0,584,0
87,3,CLOSED_LOOP,0,220,41,36,32290,32448,32498,50,0,584,0
88,3,CLOSED_LOOP,0,220,36,32,32290,32498,32548,50,0,584,0
89,3,CLOSED_LOOP,0,220,32,26,32290,32548,32598,50,0,584,0
90,3,CLOSED_LOOP,0,220,26,21,32290,32598,32648,50,0,584,0
91,3,CLOSED_LOOP,0,220,21,17,32290,32648,32698,50,0,584,0
92,3,CLOSED_LOOP,0,220,17,12,32290,32698,32748,50,0,584,0
93,3,CLOSED_LOOP,0,220,12,7,32290,32748,32798,50,0,584,0
94,3,CLOSED_LOOP,0,220,7,6,32290,32798,32848,50,0,584,0
95,3,CLOSED_LOOP,1,220,6,-2,32290,32848,32898,50,32886,600,588
96,3,CLOSED_LOOP,0,220,-2,-6,32290,32898,32948,50,0,600,0
97,3,CLOSED_LOOP,0,220,-6,-6,32290,32948,32998,50,0,600,0
98,3,CLOSED_LOOP,0,220,-6,-5,32290,32998,33048,50,0,600,0
99,3,CLOSED_LOOP,0,220,-5,-5,32290,33048,33098,50,0,600,0
100,3,CLOSED_LOOP,0,220,-5,-5,32290,33098,33148,50,0,600,0
101,3,CLOSED_LOOP,0,220,-5,-4,32290,33148,33198,50,0,600,0
102,3,CLOSED_LOOP,0,220,-4,-4,32290,33198,33248,50,0,600,0
103,3,CLOSED_LOOP,0,220,-4,-3,32290,33248,33298,50,0,600,0
104,3,CLOSED_LOOP,0,220,-3,-3,32290,33298,33348,50,0,600,0
105,3,CLOSED_LOOP,0,220,-3,-3,32290,33348,33398,50,0,600,0
106,3,CLOSED_LOOP,0,220,-3,-3,32290,33398,33448,50,0,600,0
107,4,CLOSED_LOOP,0,220,-3,2,33506,33448,33498,50,0,600,0
108,4,CLOSED_LOOP,0,220,2,-5,33506,33498,33598,100,0,600,0
109,4,CLOSED_LOOP,0,220,-5,-5,33506,33598,33648,50,0,600,0
110,4,CLOSED_LOOP,0,220,-5,-6,33506,33648,33698,50,0,600,0
111,4,CLOSED_LOOP,0,220,-6,-6,33506,33698,33748,50,0,600,0
112,4,CLOSED_LOOP,0,220,-6,-6,33506,33748,33798,50,0,600,0
113,4,CLOSED_LOOP,0,220,-6,-8,33506,33798,33848,50,0,600,0
114,4,CLOSED_LOOP,0,220,-8,-7,33506,33848,33898,50,0,600,0
115,4,CLOSED_LOOP,0,220,-7,-5,33506,33898,33948,50,0,600,0
116,4,CLOSED_LOOP,0,220,-5,0,33506,33948,33998,50,0,600,0
117,4,CLOSED_LOOP,1,220,0,3,33506,33998,34048,50,33998,556,506
118,4,CLOSED_LOOP,0,220,3,8,33506,34048,34098,50,0,556,0
119,4,CLOSED_LOOP,0,220,8,13,33506,34098,34148,50,0,556,0
120,4,CLOSED_LOOP,0,220,13,16,33506,34148,34198,50,0,556,0
121,4,CLOSED_LOOP,0,220,16,22,33506,34198,34248,50,0,556,0
122,4,CLOSED_LOOP,0,220,22,26,33506,34248,34298,50,0,556,0
123,4,CLOSED_LOOP,0,220,26,30,33506,34298,34348,50,0,556,0
124,4,CLOSED_LOOP,0,220,30,35,33506,34348,34398,50,0,556,0
125,4,CLOSED_LOOP,0,220,35,40,33506,34398,34448,50,0,556,0
126,4,CLOSED_LOOP,0,220,40,45,33506,34448,34498,50,0,556,0
127,4,CLOSED_LOOP,0,220,45,50,33506,34498,34548,50,0,556,0
128,5,CLOSED_LOOP,0,220,50,46,34574,34548,34648,100,0,556,0
129,5,CLOSED_LOOP,0,220,46,41,34574,34648,34698,50,0,556,0
130,5,CLOSED_LOOP,0,220,41,37,34574,34698,34748,50,0,556,0
131,5,CLOSED_LOOP,0,220,37,33,34574,34748,34798,50,0,556,0
132,5,CLOSED_LOOP,0,220,33,26,34574,34798,34848,50,0,556,0
133,5,CLOSED_LOOP,0,220,26,23,34574,34848,34898,50,0,556,0
134,5,CLOSED_LOOP,0,220,23,17,34574,34898,34948,50,0,556,0
135,5,CLOSED_LOOP,0,220,17,13,34574,34948,34998,50,0,556,0
136,5,CLOSED_LOOP,0,220,13,9,34574,34998,35048,50,0,556,0
137,5,CLOSED_LOOP,0,220,9,4,34574,35048,35098,50,0,556,0
138,5,CLOSED_LOOP,1,220,4,-1,34574,35098,35148,50,35138,570,560
139,5,CLOSED_LOOP,0,220,-1,-5,34574,35148,35198,50,0,570,0
140,5,CLOSED_LOOP,0,220,-5,-6,34574,35198,35248,50,0,570,0
141,5,CLOSED_LOOP,0,220,-6,-6,34574,35248,35298,50,0,570,0
142,5,CLOSED_LOOP,0,220,-6,-6,34574,35298,35348,50,0,570,0
143,5,CLOSED_LOOP,0,220,-6,-5,34574,35348,35398,50,0,570,0
144,5,CLOSED_LOOP,0,220,-5,-5,34574,35398,35448,50,0,570,0
145,5,CLOSED_LOOP,0,220,-5,-5,34574,35448,35498,50,0,570,0
146,5,CLOSED_LOOP,0,220,-5,-5,34574,35498,35548,50,0,570,0
147,5,CLOSED_LOOP,0,220,-5,-4,34574,35548,35598,50,0,570,0
148,5,CLOSED_LOOP,0,220,-4,-4,34574,35598,35648,50,0,570,0
149,5,CLOSED_LOOP,0,220,-4,-3,34574,35648,35698,50,0,570,0
150,6,CLOSED_LOOP,0,220,-3,-3,35728,35698,35798,100,0,570,0
151,6,CLOSED_LOOP,0,220,-3,-3,35728,35798,35848,50,0,570,0
152,6,CLOSED_LOOP,0,220,-3,-3,35728,35848,35898,50,0,570,0
153,6,CLOSED_LOOP,0,220,-3,-4,35728,35898,35948,50,0,570,0
154,6,CLOSED_LOOP,0,220,-4,-4,35728,35948,35998,50,0,570,0
155,6,CLOSED_LOOP,0,220,-4,-5,35728,35998,36048,50,0,570,0
156,6,CLOSED_LOOP,0,220,-5,-5,35728,36048,36098,50,0,570,0
157,6,CLOSED_LOOP,0,220,-5,-5,35728,36098,36148,50,0,570,0
158,6,CLOSED_LOOP,0,220,-5,-5,35728,36148,36198,50,0,570,0
159,6,CLOSED_LOOP,0,220,-5,-3,35728,36198,36248,50,0,570,0
160,6,CLOSED_LOOP,1,220,-3,2,35728,36248,36298,50,36278,570,550
161,6,CLOSED_LOOP,0,220,2,6,35728,36298,36348,50,0,570,0
162,6,CLOSED_LOOP,0,220,6,11,35728,36348,36398,50,0,570,0
163,6,CLOSED_LOOP,0,220,11,15,35728,36398,36448,50,0,570,0
164,6,CLOSED_LOOP,0,220,15,20,35728,36448,36498,50,0,570,0
165,6,CLOSED_LOOP,0,220,20,25,35728,36498,36548,50,0,570,0
166,6,CLOSED_LOOP,0,220,25,30,35728,36548,36598,50,0,570,0
167,6,CLOSED_LOOP,0,220,30,34,35728,36598,36648,50,0,570,0
168,6,CLOSED_LOOP,0,220,34,39,35728,36648,36698,50,0,570,0
169,6,CLOSED_LOOP,0,220,39,43,35728,36698,36748,50,0,570,0
170,6,CLOSED_LOOP,0,220,43,49,35728,36748,36798,50,0,570,0
171,6,CLOSED_LOOP,0,220,49,55,35728,36798,36848,50,0,570,0
172,1,CLOSED_LOOP,0,220,55,47,36868,36848,36948,100,0,570,0
173,1,CLOSED_LOOP,0,220,47,43,36868,36948,36998,50,0,570,0
174,1,CLOSED_LOOP,0,220,43,37,36868,36998,37048,50,0,570,0
175,1,CLOSED_LOOP,0,220,37,31,36868,37048,37098,50,0,570,0
176,1,CLOSED_LOOP,0,220,31,27,36868,37098,37148,50,0,570,0
177,1,CLOSED_LOOP,0,220,27,22,36868,37148,37198,50,0,570,0
178,1,CLOSED_LOOP,0,220,22,17,36868,37198,37248,50,0,570,0
179,1,CLOSED_LOOP,0,220,17,12,36868,37248,37298,50,0,570,0
180,1,CLOSED_LOOP,0,220,12,8,36868,37298,37348,50,0,570,0
181,1,CLOSED_LOOP,0,220,8,3,36868,37348,37398,50,0,570,0
182,1,CLOSED_LOOP,1,220,3,-1,36868,37398,37448,50,37436,579,567
183,1,CLOSED_LOOP,0,220,-1,-6,36868,37448,37498,50,0,579,0
184,1,CLOSED_LOOP,0,220,-6,-7,36868,37498,37548,50,0,579,0
185,1,CLOSED_LOOP,0,220,-7,-6,36868,37548,37598,50,0,579,0
186,1,CLOSED_LOOP,0,220,-6,-6,36868,37598,37648,50,0,579,0
187,1,CLOSED_LOOP,0,220,-6,-6,36868,37648,37698,50,0,579,0
188,1,CLOSED_LOOP,0,220,-6,-5,36868,37698,37748,50,0,579,0
189,1,CLOSED_LOOP,0,220,-5,-5,36868,37748,37798,50,0,579,0
190,1,CLOSED_LOOP,0,220,-5,-6,36868,37798,37848,50,0,579,0
191,1,CLOSED_LOOP,0,220,-6,-5,36868,37848,37898,50,0,579,0
192,1,CLOSED_LOOP,0,220,-5,-4,36868,37898,37948,50,0,579,0
193,1,CLOSED_LOOP,0,220,-4,-4,36868,37948,37998,50,0,579,0
194,2,CLOSED_LOOP,0,220,-4,-4,38035,37998,38098,100,0,579,0
195,2,CLOSED_LOOP,0,220,-4,-4,38035,38098,38148,50,0,579,0
196,2,CLOSED_LOOP,0,220,-4,-4,38035,38148,38198,50,0,579,0
197,2,CLOSED_LOOP,0,220,-4,-4,38035,38198,38248,50,0,579,0
198,2,CLOSED_LOOP,0,220,-4,-5,38035,38248,38298,50,0,579,0
199,2,CLOSED_LOOP,0,220,-5,-5,38035,38298,38348,50,0,579,0
200,2,CLOSED_LOOP,0,220,-5,-5,38035,38348,38398,50,0,579,0
201,2,CLOSED_LOOP,0,220,-5,-6,38035,38398,38448,50,0,579,0
202,2,CLOSED_LOOP,0,220,-6,-6,38035,38448,38498,50,0,579,0
203,2,CLOSED_LOOP,0,220,-6,-5,38035,38498,38548,50,0,579,0
204,2,CLOSED_LOOP,0,220,-5,-1,38035,38548,38598,50,0,579,0
205,2,CLOSED_LOOP,1,220,-1,4,38035,38598,38648,50,38608,586,546
206,2,CLOSED_LOOP,0,220,4,8,38035,38648,38698,50,0,586,0
207,2,CLOSED_LOOP,0,220,8,13,38035,38698,38748,50,0,586,0
208,2,CLOSED_LOOP,0,220,13,18,38035,38748,38798,50,0,586,0
209,2,CLOSED_LOOP,0,220,18,20,38035,38798,38848,50,0,586,0
210,2,CLOSED_LOOP,0,220,20,27,38035,38848,38898,50,0,586,0
211,2,CLOSED_LOOP,0,220,27,32,38035,38898,38948,50,0,586,0
212,2,CLOSED_LOOP,0,220,32,37,38035,38948,38998,50,0,586,0
213,2,CLOSED_LOOP,0,220,37,42,38035,38998,39048,50,0,586,0
214,2,CLOSED_LOOP,0,220,42,47,38035,39048,39098,50,0,586,0
215,2,CLOSED_LOOP,0,220,47,52,38035,39098,39148,50,0,586,0
216,2,CLOSED_LOOP,0,220,52,58,38035,39148,39198,50,0,586,0
217,3,CLOSED_LOOP,0,220,58,45,39213,39198,39298,100,0,586,0
218,3,CLOSED_LOOP,0,220,45,41,39213,39298,39348,50,0,586,0
219,3,CLOSED_LOOP,0,220,41,35,39213,39348,39398,50,0,586,0
220,3,CLOSED_LOOP,0,220,35,30,39213,39398,39448,50,0,586,0
221,3,CLOSED_LOOP,0,220,30,25,39213,39448,39498,50,0,586,0
222,3,CLOSED_LOOP,0,220,25,20,39213,39498,39548,50,0,586,0
223,3,CLOSED_LOOP,0,220,20,16,39213,39548,39598,50,0,586,0
224,3,CLOSED_LOOP,0,220,16,11,39213,39598,39648,50,0,586,0
225,3,CLOSED_LOOP,0,220,11,6,39213,39648,39698,50,0,586,0
226,3,CLOSED_LOOP,0,220,6,2,39213,39698,39748,50,0,586,0
227,3,CLOSED_LOOP,1,220,2,-3,39213,39748,39798,50,39768,580,550
228,3,CLOSED_LOOP,0,220,-3,-4,39213,39798,39848,50,0,580,0
229,3,CLOSED_LOOP,0,220,-4,-6,39213,39848,39898,50,0,580,0
230,3,CLOSED_LOOP,0,220,-6,-5,39213,39898,39948,50,0,580,0
231,3,CLOSED_LOOP,0,220,-5,-5,39213,39948,39998,50,0,580,0
232,3,CLOSED_LOOP,0,220,-5,-4,39213,39998,40048,50,0,580,0
233,3,CLOSED_LOOP,0,220,-4,-4,39213,40048,40098,50,0,580,0
234,3,CLOSED_LOOP,0,220,-4,-4,39213,40098,40148,50,0,580,0
235,3,CLOSED_LOOP,0,220,-4,-3,39213,40148,40198,50,0,580,0
236,3,CLOSED_LOOP,0,220,-3,-3,39213,40198,40248,50,0,580,0
237,3,CLOSED_LOOP,0,220,-3,-3,39213,40248,40298,50,0,580,0
238,3,CLOSED_LOOP,0,220,-3,-3,39213,40298,40348,50,0,580,0
239,4,CLOSED_LOOP,0,220,-3,-5,40368,40348,40448,100,0,580,0
240,4,CLOSED_LOOP,0,220,-5,-5,40368,40448,40498,50,0,580,0
241,4,CLOSED_LOOP,0,220,-5,-5,40368,40498,40548,50,0,580,0
242,4,CLOSED_LOOP,0,220,-5,-5,40368,40548,40598,50,0,580,0
243,4,CLOSED_LOOP,0,220,-5,-6,40368,40598,40648,50,0,580,0
244,4,CLOSED_LOOP,0,220,-6,-6,40368,40648,40698,50,0,580,0
245,4,CLOSED_LOOP,0,220,-6,-6,40368,40698,40748,50,0,580,0
246,4,CLOSED_LOOP,0,220,-6,-6,40368,40748,40798,50,0,580,0
247,4,CLOSED_LOOP,0,220,-6,-8,40368,40798,40848,50,0,580,0
248,4,CLOSED_LOOP,0,220,-8,-2,40368,40848,40898,50,0,580,0
249,4,CLOSED_LOOP,1,220,-2,2,40368,40898,40948,50,40923,577,552
250,4,CLOSED_LOOP,0,220,2,7,40368,40948,40998,50,0,577,0
251,4,CLOSED_LOOP,0,220,7,12,40368,40998,41048,50,0,577,0
252,4,CLOSED_LOOP,0,220,12,16,40368,41048,41098,50,0,577,0
253,4,CLOSED_LOOP,0,220,16,20,40368,41098,41148,50,0,577,0
254,4,CLOSED_LOOP,0,220,20,26,40368,41148,41198,50,0,577,0
255,4,CLOSED_LOOP,0,220,26,30,40368,41198,41248,50,0,577,0
0,4,CLOSED_LOOP,0,220,30,35,40368,41248,41298,50,0,577,0
1,4,CLOSED_LOOP,0,220,35,40,40368,41298,41348,50,0,577,0
2,4,CLOSED_LOOP,0,220,40,44,40368,41348,41398,50,0,577,0
3,4,CLOSED_LOOP,0,220,44,49,40368,41398,41448,50,0,577,0
4,4,CLOSED_LOOP,0,220,49,54,40368,41448,41498,50,0,577,0
5,5,CLOSED_LOOP,0,220,54,43,41520,41498,41598,100,0,577,0
6,5,CLOSED_LOOP,0,220,43,39,41520,41598,41648,50,0,577,0
7,5,CLOSED_LOOP,0,220,39,34,41520,41648,41698,50,0,577,0
8,5,CLOSED_LOOP,0,220,34,29,41520,41698,41748,50,0,577,0
9,5,CLOSED_LOOP,0,220,29,23,41520,41748,41798,50,0,577,0
10,5,CLOSED_LOOP,0,220,23,18,41520,41798,41848,50,0,577,0
11,5,CLOSED_LOOP,0,220,18,14,41520,41848,41898,50,0,577,0
12,5,CLOSED_LOOP,0,220,14,10,41520,41898,41948,50,0,577,0
13,5,CLOSED_LOOP,0,220,10,5,41520,41948,41998,50,0,577,0
14,5,CLOSED_LOOP,0,220,5,1,41520,41998,42048,50,0,577,0
15,5,CLOSED_LOOP,1,220,1,-3,41520,42048,42098,50,42061,569,532
16,5,CLOSED_LOOP,0,220,-3,-6,41520,42098,42148,50,0,569,0
17,5,CLOSED_LOOP,0,220,-6,-6,41520,42148,42198,50,0,569,0
18,5,CLOSED_LOOP,0,220,-6,-6,41520,42198,42248,50,0,569,0
19,5,CLOSED_LOOP,0,220,-6,-5,41520,42248,42298,50,0,569,0
20,5,CLOSED_LOOP,0,220,-5,-5,41520,42298,42348,50,0,569,0
21,5,CLOSED_LOOP,0,220,-5,-5,41520,42348,42398,50,0,569,0
22,5,CLOSED_LOOP,0,220,-5,-5,41520,42398,42448,50,0,569,0
23,5,CLOSED_LOOP,0,220,-5,-4,41520,42448,42498,50,0,569,0
24,5,CLOSED_LOOP,0,220,-4,-4,41520,42498,42548,50,0,569,0
25,5,CLOSED_LOOP,0,220,-4,-3,41520,42548,42598,50,0,569,0
26,6,CLOSED_LOOP,0,220,-3,-3,42650,42598,42748,150,0,569,0
27,6,CLOSED_LOOP,0,220,-3,-4,42650,42748,42798,50,0,569,0
28,6,CLOSED_LOOP,0,220,-4,-4,42650,42798,42848,50,0,569,0
29,6,CLOSED_LOOP,0,220,-4,-4,42650,42848,42898,50,0,569,0
30,6,CLOSED_LOOP,0,220,-4,-5,42650,42898,42948,50,0,569,0
31,6,CLOSED_LOOP,0,220,-5,-5,42650,42948,42998,50,0,569,0
32,6,CLOSED_LOOP,0,220,-5,-5,42650,42998,43048,50,0,569,0
33,6,CLOSED_LOOP,0,220,-5,-5,42650,43048,43098,50,0,569,0
34,6,CLOSED_LOOP,0,220,-5,-3,42650,43098,43148,50,0,569,0
35,6,CLOSED_LOOP,1,220,-3,2,42650,43148,43198,50,43178,558,538
36,6,CLOSED_LOOP,0,220,2,6,42650,43198,43248,50,0,558,0
37,6,CLOSED_LOOP,0,220,6,11,42650,43248,43298,50,0,558,0
38,6,CLOSED_LOOP,0,220,11,15,42650,43298,43348,50,0,558,0
39,6,CLOSED_LOOP,0,220,15,21,42650,43348,43398,50,0,558,0
40,6,CLOSED_LOOP,0,220,21,26,42650,43398,43448,50,0,558,0
41,6,CLOSED_LOOP,0,220,26,30,42650,43448,43498,50,0,558,0
42,6,CLOSED_LOOP,0,220,30,35,42650,43498,43548,50,0,558,0
43,6,CLOSED_LOOP,0,220,35,40,42650,43548,43598,50,0,558,0
44,6,CLOSED_LOOP,0,220,40,44,42650,43598,43648,50,0,558,0
45,6,CLOSED_LOOP,0,220,44,48,42650,43648,43698,50,0,558,0
46,1,CLOSED_LOOP,0,220,48,-27,43756,43698,43748,50,0,558,0
47,1,CLOSED_LOOP,0,220,-27,45,43756,43748,43848,100,0,558,0
48,1,CLOSED_LOOP,0,220,45,41,43756,43848,43898,50,0,558,0
49,1,CLOSED_LOOP,0,220,41,36,43756,43898,43948,50,0,558,0
50,1,CLOSED_LOOP,0,220,36,31,43756,43948,43998,50,0,558,0
51,1,CLOSED_LOOP,0,220,31,26,43756,43998,44048,50,0,558,0
52,1,CLOSED_LOOP,0,220,26,22,43756,44048,44098,50,0,558,0
53,1,CLOSED_LOOP,0,220,22,17,43756,44098,44148,50,0,558,0
54,1,CLOSED_LOOP,0,220,17,12,43756,44148,44198,50,0,558,0
55,1,CLOSED_LOOP,0,220,12,8,43756,44198,44248,50,0,558,0
56,1,CLOSED_LOOP,0,220,8,4,43756,44248,44298,50,0,558,0
57,1,CLOSED_LOOP,1,220,4,-1,43756,44298,44348,50,44338,580,570
58,1,CLOSED_LOOP,0,220,-1,-4,43756,44348,44398,50,0,580,0
59,1,CLOSED_LOOP,0,220,-4,-7,43756,44398,44448,50,0,580,0
60,1,CLOSED_LOOP,0,220,-7,-7,43756,44448,44498,50,0,580,0
61,1,CLOSED_LOOP,0,220,-7,-6,43756,44498,44548,50,0,580,0
62,1,CLOSED_LOOP,0,220,-6,-6,43756,44548,44598,50,0,580,0
63,1,CLOSED_LOOP,0,220,-6,-6,43756,44598,44648,50,0,580,0
64,1,CLOSED_LOOP,0,220,-6,-5,43756,44648,44698,50,0,580,0
65,1,CLOSED_LOOP,0,220,-5,-5,43756,44698,44748,50,0,580,0
66,1,CLOSED_LOOP,0,220,-5,-5,43756,44748,44798,50,0,580,0
67,1,CLOSED_LOOP,0,220,-5,-6,43756,44798,44848,50,0,580,0
68,1,CLOSED_LOOP,0,220,-6,-4,43756,44848,44898,50,0,580,0
69,2,CLOSED_LOOP,0,220,-4,-4,44938,44898,44998,100,0,580,0
70,2,CLOSED_LOOP,0,220,-4,-4,44938,44998,45048,50,0,580,0
71,2,CLOSED_LOOP,0,220,-4,-4,44938,45048,45098,50,0,580,0
72,2,CLOSED_LOOP,0,220,-4,-4,44938,45098,45148,50,0,580,0
73,2,CLOSED_LOOP,0,220,-4,-5,44938,45148,45198,50,0,580,0
74,2,CLOSED_LOOP,0,220,-5,-5,44938,45198,45248,50,0,580,0
75,2,CLOSED_LOOP,0,220,-5,-5,44938,45248,45298,50,0,580,0
76,2,CLOSED_LOOP,0,220,-5,-6,44938,45298,45348,50,0,580,0
77,2,CLOSED_LOOP,0,220,-6,-6,44938,45348,45398,50,0,580,0
78,2,CLOSED_LOOP,0,220,-6,-6,44938,45398,45448,50,0,580,0
79,2,CLOSED_LOOP,0,220,-6,-2,44938,45448,45498,50,0,580,0
80,2,CLOSED_LOOP,1,220,-2,2,44938,45498,45548,50,45523,592,567
81,2,CLOSED_LOOP,0,220,2,8,44938,45548,45598,50,0,592,0
82,2,CLOSED_LOOP,0,220,8,12,44938,45598,45648,50,0,592,0
83,2,CLOSED_LOOP,0,220,12,16,44938,45648,45698,50,0,592,0
84,2,CLOSED_LOOP,0,220,16,20,44938,45698,45748,50,0,592,0
85,2,CLOSED_LOOP,0,220,20,25,44938,45748,45798,50,0,592,0
86,2,CLOSED_LOOP,0,220,25,28,44938,45798,45848,50,0,592,0
87,2,CLOSED_LOOP,0,220,28,35,44938,45848,45898,50,0,592,0
88,2,CLOSED_LOOP,0,220,35,40,44938,45898,45948,50,0,592,0
89,2,CLOSED_LOOP,0,220,40,45,44938,45948,45998,50,0,592,0
90,2,CLOSED_LOOP,0,220,45,50,44938,45998,46048,50,0,592,0
91,2,CLOSED_LOOP,0,220,50,54,44938,46048,46098,50,0,592,0
92,3,CLOSED_LOOP,0,220,54,47,46134,46098,46198,100,0,592,0
93,3,CLOSED_LOOP,0,220,47,42,46134,46198,46248,50,0,592,0
94,3,CLOSED_LOOP,0,220,42,37,46134,46248,46298,50,0,592,0
95,3,CLOSED_LOOP,0,220,37,33,46134,46298,46348,50,0,592,0
96,3,CLOSED_LOOP,0,220,33,27,46134,46348,46398,50,0,592,0
97,3,CLOSED_LOOP,0,220,27,23,46134,46398,46448,50,0,592,0
98,3,CLOSED_LOOP,0,220,23,18,46134,46448,46498,50,0,592,0
99,3,CLOSED_LOOP,0,220,18,13,46134,46498,46548,50,0,592,0
100,3,CLOSED_LOOP,0,220,13,8,46134,46548,46598,50,0,592,0
101,3,CLOSED_LOOP,0,220,8,4,46134,46598,46648,50,0,592,0
102,3,CLOSED_LOOP,1,220,4,-1,46134,46648,46698,50,46688,582,572
103,3,CLOSED_LOOP,0,220,-1,-5,46134,46698,46748,50,0,582,0
104,3,CLOSED_LOOP,0,220,-5,-5,46134,46748,46798,50,0,582,0
105,3,CLOSED_LOOP,0,220,-5,-5,46134,46798,46848,50,0,582,0
106,3,CLOSED_LOOP,0,220,-5,-5,46134,46848,46898,50,0,582,0
107,3,CLOSED_LOOP,0,220,-5,-4,46134,46898,46948,50,0,582,0
108,3,CLOSED_LOOP,0,220,-4,-4,46134,46948,46998,50,0,582,0
109,3,CLOSED_LOOP,0,220,-4,-4,46134,46998,47048,50,0,582,0
110,3,CLOSED_LOOP,0,220,-4,-4,46134,47048,47098,50,0,582,0
111,3,CLOSED_LOOP,0,220,-4,-3,46134,47098,47148,50,0,582,0
112,3,CLOSED_LOOP,0,220,-3,-3,46134,47148,47198,50,0,582,0
113,3,CLOSED_LOOP,0,220,-3,-2,46134,47198,47248,50,0,582,0
114,4,CLOSED_LOOP,0,220,-2,-4,47290,47248,47348,100,0,582,0
115,4,CLOSED_LOOP,0,220,-4,-5,47290,47348,47398,50,0,582,0
116,4,CLOSED_LOOP,0,220,-5,-5,47290,47398,47448,50,0,582,0
117,4,CLOSED_LOOP,0,220,-5,-5,47290,47448,47498,50,0,582,0
118,4,CLOSED_LOOP,0,220,-5,-6,47290,47498,47548,50,0,582,0
119,4,CLOSED_LOOP,0,220,-6,-6,47290,47548,47598,50,0,582,0
120,4,CLOSED_LOOP,0,220,-6,-6,47290,47598,47648,50,0,582,0
121,4,CLOSED_LOOP,0,220,-6,-6,47290,47648,47698,50,0,582,0
122,4,CLOSED_LOOP,0,220,-6,-6,47290,47698,47748,50,0,582,0
123,4,CLOSED_LOOP,0,220,-6,-2,47290,47748,47798,50,0,582,0
124,4,CLOSED_LOOP,1,220,-2,1,47290,47798,47848,50,47831,571,554
125,4,CLOSED_LOOP,0,220,1,7,47290,47848,47898,50,0,571,0
126,4,CLOSED_LOOP,0,220,7,11,47290,47898,47948,50,0,571,0
127,4,CLOSED_LOOP,0,220,11,16,47290,47948,47998,50,0,571,0
128,4,CLOSED_LOOP,0,220,16,21,47290,47998,48048,50,0,571,0
129,4,CLOSED_LOOP,0,220,21,25,47290,48048,48098,50,0,571,0
130,4,CLOSED_LOOP,0,220,25,30,47290,48098,48148,50,0,571,0
131,4,CLOSED_LOOP,0,220,30,34,47290,48148,48198,50,0,571,0
132,4,CLOSED_LOOP,0,220,34,39,47290,48198,48248,50,0,571,0
133,4,CLOSED_LOOP,0,220,39,44,47290,48248,48298,50,0,571,0
134,4,CLOSED_LOOP,0,220,44,49,47290,48298,48348,50,0,571,0
135,4,CLOSED_LOOP,0,220,49,54,47290,48348,48398,50,0,571,0
136,5,CLOSED_LOOP,0,220,54,44,48422,48398,48498,100,0,571,0
137,5,CLOSED_LOOP,0,220,44,40,48422,48498,48548,50,0,571,0
138,5,CLOSED_LOOP,0,220,40,35,48422,48548,48598,50,0,571,0
139,5,CLOSED_LOOP,0,220,35,31,48422,48598,48648,50,0,571,0
140,5,CLOSED_LOOP,0,220,31,25,48422,48648,48698,50,0,571,0
141,5,CLOSED_LOOP,0,220,25,21,48422,48698,48748,50,0,571,0
142,5,CLOSED_LOOP,0,220,21,16,48422,48748,48798,50,0,571,0
143,5,CLOSED_LOOP,0,220,16,10,48422,48798,48848,50,0,571,0
144,5,CLOSED_LOOP,0,220,10,7,48422,48848,48898,50,0,571,0
145,5,CLOSED_LOOP,0,220,7,3,48422,48898,48948,50,0,571,0
146,5,CLOSED_LOOP,1,220,3,-2,48422,48948,48998,50,48978,573,553
147,5,CLOSED_LOOP,0,220,-2,-6,48422,48998,49048,50,0,573,0
148,5,CLOSED_LOOP,0,220,-6,-6,48422,49048,49098,50,0,573,0
149,5,CLOSED_LOOP,0,220,-6,-6,48422,49098,49148,50,0,573,0
150,5,CLOSED_LOOP,0,220,-6,-6,48422,49148,49198,50,0,573,0
151,5,CLOSED_LOOP,0,220,-6,-5,48422,49198,49248,50,0,573,0
152,5,CLOSED_LOOP,0,220,-5,-5,48422,49248,49298,50,0,573,0
153,5,CLOSED_LOOP,0,220,-5,-5,48422,49298,49348,50,0,573,0
154,5,CLOSED_LOOP,0,220,-5,-4,48422,49348,49398,50,0,573,0
155,5,CLOSED_LOOP,0,220,-4,-4,48422,49398,49448,50,0,573,0
156,5,CLOSED_LOOP,0,220,-4,-3,48422,49448,49498,50,0,573,0
157,5,CLOSED_LOOP,0,220,-3,-3,48422,49498,49548,50,0,573,0
158,6,CLOSED_LOOP,0,220,-3,-3,49571,49548,49648,100,0,573,0
159,6,CLOSED_LOOP,0,220,-3,-3,49571,49648,49698,50,0,573,0
160,6,CLOSED_LOOP,0,220,-3,-4,49571,49698,49748,50,0,573,0
161,6,CLOSED_LOOP,0,220,-4,-4,49571,49748,49798,50,0,573,0
162,6,CLOSED_LOOP,0,220,-4,-5,49571,49798,49848,50,0,573,0
163,6,CLOSED_LOOP,0,220,-5,-5,49571,49848,49898,50,0,573,0
164,6,CLOSED_LOOP,0,220,-5,-5,49571,49898,49948,50,0,573,0
165,6,CLOSED_LOOP,0,220,-5,-5,49571,49948,49998,50,0,573,0
166,6,CLOSED_LOOP,0,220,-5,-4,49571,49998,50048,50,0,573,0
167,6,CLOSED_LOOP,1,220,-4,1,49571,50048,50098,50,50088,555,545
168,6,CLOSED_LOOP,0,220,1,5,49571,50098,50148,50,0,555,0
169,6,CLOSED_LOOP,0,220,5,10,49571,50148,50198,50,0,555,0
170,6,CLOSED_LOOP,0,220,10,14,49571,50198,50248,50,0,555,0
171,6,CLOSED_LOOP,0,220,14,18,49571,50248,50298,50,0,555,0
172,6,CLOSED_LOOP,0,220,18,23,49571,50298,50348,50,0,555,0
173,6,CLOSED_LOOP,0,220,23,28,49571,50348,50398,50,0,555,0
174,6,CLOSED_LOOP,0,220,28,33,49571,50398,50448,50,0,555,0
175,6,CLOSED_LOOP,0,220,33,37,49571,50448,50498,50,0,555,0
176,6,CLOSED_LOOP,0,220,37,41,49571,50498,50548,50,0,555,0
177,6,CLOSED_LOOP,0,220,41,47,49571,50548,50598,50,0,555,0
178,6,CLOSED_LOOP,0,220,47,51,49571,50598,50648,50,0,555,0
179,1,CLOSED_LOOP,0,220,51,46,50663,50648,50748,100,0,555,0
180,1,CLOSED_LOOP,0,220,46,41,50663,50748,50798,50,0,555,0
181,1,CLOSED_LOOP,0,220,41,35,50663,50798,50848,50,0,555,0
182,1,CLOSED_LOOP,0,220,35,31,50663,50848,50898,50,0,555,0
183,1,CLOSED_LOOP,0,220,31,27,50663,50898,50948,50,0,555,0
184,1,CLOSED_LOOP,0,220,27,22,50663,50948,50998,50,0,555,0
185,1,CLOSED_LOOP,0,220,22,17,50663,50998,51048,50,0,555,0
186,1,CLOSED_LOOP,0,220,17,12,50663,51048,51098,50,0,555,0
187,1,CLOSED_LOOP,0,220,12,7,50663,51098,51148,50,0,555,0
188,1,CLOSED_LOOP,0,220,7,3,50663,51148,51198,50,0,555,0
189,1,CLOSED_LOOP,1,220,3,-1,50663,51198,51248,50,51236,574,562
190,1,CLOSED_LOOP,0,220,-1,-6,50663,51248,51298,50,0,574,0
191,1,CLOSED_LOOP,0,220,-6,-7,50663,51298,51348,50,0,574,0
192,1,CLOSED_LOOP,0,220,-7,-6,50663,51348,51398,50,0,574,0
193,1,CLOSED_LOOP,0,220,-6,-6,50663,51398,51448,50,0,574,0
194,1,CLOSED_LOOP,0,220,-6,-6,50663,51448,51498,50,0,574,0
195,1,CLOSED_LOOP,0,220,-6,-5,50663,51498,51548,50,0,574,0
196,1,CLOSED_LOOP,0,220,-5,-5,50663,51548,51598,50,0,574,0
197,1,CLOSED_LOOP,0,220,-5,-5,50663,51598,51648,50,0,574,0
198,1,CLOSED_LOOP,0,220,-5,-4,50663,51648,51698,50,0,574,0
199,1,CLOSED_LOOP,0,220,-4,-4,50663,51698,51748,50,0,574,0
200,1,CLOSED_LOOP,0,220,-4,-4,50663,51748,51798,50,0,574,0
201,2,CLOSED_LOOP,0,220,-4,-4,51830,51798,51898,100,0,574,0
202,2,CLOSED_LOOP,0,220,-4,-4,51830,51898,51948,50,0,574,0
203,2,CLOSED_LOOP,0,220,-4,-4,51830,51948,51998,50,0,574,0
204,2,CLOSED_LOOP,0,220,-4,-4,51830,51998,52048,50,0,574,0
205,2,CLOSED_LOOP,0,220,-4,-5,51830,52048,52098,50,0,574,0
206,2,CLOSED_LOOP,0,220,-5,-5,51830,52098,52148,50,0,574,0
207,2,CLOSED_LOOP,0,220,-5,-6,51830,52148,52198,50,0,574,0
208,2,CLOSED_LOOP,0,220,-6,-6,51830,52198,52248,50,0,574,0
209,2,CLOSED_LOOP,0,220,-6,-6,51830,52248,52298,50,0,574,0
210,2,CLOSED_LOOP,0,220,-6,-6,51830,52298,52348,50,0,574,0
211,2,CLOSED_LOOP,0,220,-6,-1,51830,52348,52398,50,0,574,0
212,2,CLOSED_LOOP,1,220,-1,3,51830,52398,52448,50,52411,587,550
213,2,CLOSED_LOOP,0,220,3,7,51830,52448,52498,50,0,587,0
214,2,CLOSED_LOOP,0,220,7,12,51830,52498,52548,50,0,587,0
215,2,CLOSED_LOOP,0,220,12,16,51830,52548,52598,50,0,587,0
216,2,CLOSED_LOOP,0,220,16,21,51830,52598,52648,50,0,587,0
217,2,CLOSED_LOOP,0,220,21,26,51830,52648,52698,50,0,587,0
218,2,CLOSED_LOOP,0,220,26,30,51830,52698,52748,50,0,587,0
219,2,CLOSED_LOOP,0,220,30,36,51830,52748,52798,50,0,587,0
220,2,CLOSED_LOOP,0,220,36,39,51830,52798,52848,50,0,587,0
221,2,CLOSED_LOOP,0,220,39,45,51830,52848,52898,50,0,587,0
222,2,CLOSED_LOOP,0,220,45,51,51830,52898,52948,50,0,587,0
223,2,CLOSED_LOOP,0,220,51,55,51830,52948,52998,50,0,587,0
224,3,CLOSED_LOOP,0,220,55,49,53018,52998,53098,100,0,587,0
225,3,CLOSED_LOOP,0,220,49,44,53018,53098,53148,50,0,587,0
226,3,CLOSED_LOOP,0,220,44,38,53018,53148,53198,50,0,587,0
227,3,CLOSED_LOOP,0,220,38,34,53018,53198,53248,50,0,587,0
228,3,CLOSED_LOOP,0,220,34,28,53018,53248,53298,50,0,587,0
229,3,CLOSED_LOOP,0,220,28,24,53018,53298,53348,50,0,587,0
230,3,CLOSED_LOOP,0,220,24,18,53018,53348,53398,50,0,587,0
231,3,CLOSED_LOOP,0,220,18,13,53018,53398,53448,50,0,587,0
232,3,CLOSED_LOOP,0,220,13,8,53018,53448,53498,50,0,587,0
233,3,CLOSED_LOOP,0,220,8,4,53018,53498,53548,50,0,587,0
234,3,CLOSED_LOOP,1,220,4,-1,53018,53548,53598,50,53588,588,578
235,3,CLOSED_LOOP,0,220,-1,-6,53018,53598,53648,50,0,588,0
236,3,CLOSED_LOOP,0,220,-6,-5,53018,53648,53698,50,0,588,0
237,3,CLOSED_LOOP,0,220,-5,-5,53018,53698,53748,50,0,588,0
238,3,CLOSED_LOOP,0,220,-5,-5,53018,53748,53798,50,0,588,0
239,3,CLOSED_LOOP,0,220,-5,-5,53018,53798,53848,50,0,588,0
240,3,CLOSED_LOOP,0,220,-5,-4,53018,53848,53898,50,0,588,0
241,3,CLOSED_LOOP,0,220,-4,-4,53018,53898,53948,50,0,588,0
242,3,CLOSED_LOOP,0,220,-4,-3,53018,53948,53998,50,0,588,0
243,3,CLOSED_LOOP,0,220,-3,-3,53018,53998,54048,50,0,588,0
244,3,CLOSED_LOOP,0,220,-3,-3,53018,54048,54098,50,0,588,0
245,3,CLOSED_LOOP,0,220,-3,-3,53018,54098,54148,50,0,588,0
246,4,CLOSED_LOOP,0,220,-3,-6,54196,54148,54248,100,0,588,0
247,4,CLOSED_LOOP,0,220,-6,-5,54196,54248,54298,50,0,588,0
248,4,CLOSED_LOOP,0,220,-5,-5,54196,54298,54348,50,0,588,0
249,4,CLOSED_LOOP,0,220,-5,-6,54196,54348,54398,50,0,588,0
250,4,CLOSED_LOOP,0,220,-6,-5,54196,54398,54448,50,0,588,0
251,4,CLOSED_LOOP,0,220,-5,-6,54196,54448,54498,50,0,588,0
252,4,CLOSED_LOOP,0,220,-6,-6,54196,54498,54548,50,0,588,0
253,4,CLOSED_LOOP,0,220,-6,-7,54196,54548,54598,50,0,588,0
254,4,CLOSED_LOOP,0,220,-7,-6,54196,54598,54648,50,0,588,0
255,4,CLOSED_LOOP,0,220,-6,-2,54196,54648,54698,50,0,588,0
0,4,CLOSED_LOOP,1,220,-2,2,54196,54698,54748,50,54723,567,542
1,4,CLOSED_LOOP,0,220,2,6,54196,54748,54798,50,0,567,0
2,4,CLOSED_LOOP,0,220,6,10,54196,54798,54848,50,0,567,0
3,4,CLOSED_LOOP,0,220,10,16,54196,54848,54898,50,0,567,0
4,4,CLOSED_LOOP,0,220,16,21,54196,54898,54948,50,0,567,0
5,4,CLOSED_LOOP,0,220,21,25,54196,54948,54998,50,0,567,0
6,4,CLOSED_LOOP,0,220,25,31,54196,54998,55048,50,0,567,0
7,4,CLOSED_LOOP,0,220,31,35,54196,55048,55098,50,0,567,0
8,4,CLOSED_LOOP,0,220,35,40,54196,55098,55148,50,0,567,0
9,4,CLOSED_LOOP,0,220,40,45,54196,55148,55198,50,0,567,0
10,4,CLOSED_LOOP,0,220,45,50,54196,55198,55248,50,0,567,0
11,4,CLOSED_LOOP,0,220,50,55,55310,55248,55298,50,0,567,0
12,5,CLOSED_LOOP,0,220,55,44,55310,55298,55398,100,0,567,0
13,5,CLOSED_LOOP,0,220,44,38,55310,55398,55448,50,0,567,0
14,5,CLOSED_LOOP,0,220,38,33,55310,55448,55498,50,0,567,0
15,5,CLOSED_LOOP,0,220,33,28,55310,55498,55548,50,0,567,0
16,5,CLOSED_LOOP,0,220,28,23,55310,55548,55598,50,0,567,0
17,5,CLOSED_LOOP,0,220,23,19,55310,55598,55648,50,0,567,0
18,5,CLOSED_LOOP,0,220,19,14,55310,55648,55698,50,0,567,0
19,5,CLOSED_LOOP,0,220,14,9,55310,55698,55748,50,0,567,0
20,5,CLOSED_LOOP,0,220,9,5,55310,55748,55798,50,0,567,0
21,5,CLOSED_LOOP,1,220,5,-1,55310,55798,55848,50,55840,558,550
22,5,CLOSED_LOOP,0,220,-1,-4,55310,55848,55898,50,0,558,0
23,5,CLOSED_LOOP,0,220,-4,-6,55310,55898,55948,50,0,558,0
24,5,CLOSED_LOOP,0,220,-6,-6,55310,55948,55998,50,0,558,0
25,5,CLOSED_LOOP,0,220,-6,-6,55310,55998,56048,50,0,558,0
26,5,CLOSED_LOOP,0,220,-6,-6,55310,56048,56098,50,0,558,0
27,5,CLOSED_LOOP,0,220,-6,-5,55310,56098,56148,50,0,558,0
28,5,CLOSED_LOOP,0,220,-5,-5,55310,56148,56198,50,0,558,0
29,5,CLOSED_LOOP,0,220,-5,-5,55310,56198,56248,50,0,558,0
30,5,CLOSED_LOOP,0,220,-5,-4,55310,56248,56298,50,0,558,0
31,5,CLOSED_LOOP,0,220,-4,-4,55310,56298,56348,50,0,558,0
32,5,CLOSED_LOOP,0,220,-4,-3,55310,56348,56398,50,0,558,0
33,6,CLOSED_LOOP,0,220,-3,-3,56418,56398,56498,100,0,558,0
34,6,CLOSED_LOOP,0,220,-3,-4,56418,56498,56548,50,0,558,0
35,6,CLOSED_LOOP,0,220,-4,-3,56418,56548,56598,50,0,558,0
36,6,CLOSED_LOOP,0,220,-3,-4,56418,56598,56648,50,0,558,0
37,6,CLOSED_LOOP,0,220,-4,-4,56418,56648,56698,50,0,558,0
38,6,CLOSED_LOOP,0,220,-4,-5,56418,56698,56748,50,0,558,0
39,6,CLOSED_LOOP,0,220,-5,-5,56418,56748,56798,50,0,558,0
40,6,CLOSED_LOOP,0,220,-5,-5,56418,56798,56848,50,0,558,0
41,6,CLOSED_LOOP,0,220,-5,-5,56418,56848,56898,50,0,558,0
42,6,CLOSED_LOOP,0,220,-5,-5,56418,56898,56948,50,0,558,0
43,6,CLOSED_LOOP,0,220,-5,-1,56418,56948,56998,50,0,558,0
44,6,CLOSED_LOOP,1,220,-1,5,56418,56998,57048,50,57006,583,541
45,6,CLOSED_LOOP,0,220,5,9,56418,57048,57098,50,0,583,0
46,6,CLOSED_LOOP,0,220,9,13,56418,57098,57148,50,0,583,0
47,6,CLOSED_LOOP,0,220,13,18,56418,57148,57198,50,0,583,0
48,6,CLOSED_LOOP,0,220,18,23,56418,57198,57248,50,0,583,0
49,6,CLOSED_LOOP,0,220,23,28,56418,57248,57298,50,0,583,0
50,6,CLOSED_LOOP,0,220,28,33,56418,57298,57348,50,0,583,0
51,6,CLOSED_LOOP,0,220,33,38,56418,57348,57398,50,0,583,0
52,6,CLOSED_LOOP,0,220,38,42,56418,57398,57448,50,0,583,0
53,6,CLOSED_LOOP,0,220,42,47,56418,57448,57498,50,0,583,0
54,6,CLOSED_LOOP,0,220,47,51,56418,57498,57548,50,0,583,0
55,1,CLOSED_LOOP,0,220,51,56,57609,57548,57598,50,0,583,0
56,1,CLOSED_LOOP,0,220,56,43,57609,57598,57698,100,0,583,0
57,1,CLOSED_LOOP,0,220,43,37,57609,57698,57748,50,0,583,0
58,1,CLOSED_LOOP,0,220,37,32,57609,57748,57798,50,0,583,0
59,1,CLOSED_LOOP,0,220,32,26,57609,57798,57848,50,0,583,0
60,1,CLOSED_LOOP,0,220,26,23,57609,57848,57898,50,0,583,0
61,1,CLOSED_LOOP,0,220,23,18,57609,57898,57948,50,0,583,0
62,1,CLOSED_LOOP,0,220,18,13,57609,57948,57998,50,0,583,0
63,1,CLOSED_LOOP,0,220,13,9,57609,57998,58048,50,0,583,0
64,1,CLOSED_LOOP,0,220,9,4,57609,58048,58098,50,0,583,0
65,1,CLOSED_LOOP,0,220,4,1,57609,58098,58148,50,0,583,0
66,1,CLOSED_LOOP,1,220,1,-4,57609,58148,58198,50,58158,576,536
67,1,CLOSED_LOOP,0,220,-4,-7,57609,58198,58248,50,0,576,0
68,1,CLOSED_LOOP,0,220,-7,-6,57609,58248,58298,50,0,576,0
69,1,CLOSED_LOOP,0,220,-6,-6,57609,58298,58348,50,0,576,0
70,1,CLOSED_LOOP,0,220,-6,-6,57609,58348,58398,50,0,576,0
71,1,CLOSED_LOOP,0,220,-6,-6,57609,58398,58448,50,0,576,0
72,1,CLOSED_LOOP,0,220,-6,-5,57609,58448,58498,50,0,576,0
73,1,CLOSED_LOOP,0,220,-5,-5,57609,58498,58548,50,0,576,0
74,1,CLOSED_LOOP,0,220,-5,-5,57609,58548,58598,50,0,576,0
75,1,CLOSED_LOOP,0,220,-5,-4,57609,58598,58648,50,0,576,0
76,1,CLOSED_LOOP,0,220,-4,-4,57609,58648,58698,50,0,576,0
77,2,CLOSED_LOOP,0,220,-4,1,58754,58698,58748,50,0,576,9999
