step,CCR,laptime,phaseA,phaseB,phaseC,Vcom,bemf,is_ZC_Occur,Trigger_delay,time_IC_ZC
2,300,602,12,0,29,0,0,0,0,115
2,300,652,12,0,21,0,0,0,0,115
2,300,702,16,4,0,0,4,0,0,115
2,300,752,0,0,0,195,-195,0,0,115
2,300,802,0,0,0,196,-196,0,0,115
2,300,852,12,15,0,0,15,0,0,115
2,300,902,11,15,17,0,15,0,0,115
2,300,952,10,15,31,0,15,0,0,115
2,300,1002,8,20,31,0,20,0,0,115
2,300,1052,8,17,30,0,17,0,0,115
2,300,1102,9,23,24,0,23,1,850,115
3,300,127,34,17,24,0,34,0,0,134
3,300,177,33,28,20,0,33,0,0,134
3,300,227,33,37,23,0,33,0,0,134
3,300,277,33,41,25,0,33,0,0,134
3,300,327,20,0,8,152,-132,1,600,134
4,300,128,14,0,0,20,-20,0,0,65535
4,300,178,39,2,0,24,-24,0,0,141
4,300,228,41,3,0,51,-51,0,0,141
4,300,278,28,12,0,60,-60,0,0,141
4,300,328,36,23,0,202,-202,0,0,141
4,300,378,31,16,4,26,-22,0,0,141
4,300,428,3,0,0,166,-166,0,0,141
4,300,478,46,29,5,0,5,0,0,141
4,300,528,31,1,0,0,0,0,0,141
4,300,578,31,5,0,0,0,0,0,141
4,300,628,31,15,0,0,0,0,0,141
4,300,678,31,12,0,0,0,0,0,141
4,300,728,31,10,0,0,0,0,0,141
4,300,778,31,15,2,0,2,0,0,141
4,300,828,31,21,7,0,7,0,0,141
4,300,878,63,9,0,0,0,0,0,141
4,300,928,47,3,0,104,-104,0,0,141
4,300,978,60,6,0,0,0,0,0,141
4,300,1028,62,7,9,0,9,0,0,141
4,300,1078,28,0,0,122,-122,0,0,141
4,300,1128,31,0,0,121,-121,0,0,141
4,300,1178,57,12,38,0,38,1,900,141
5,300,127,32,37,55,0,37,0,0,135
5,300,177,26,16,0,139,-123,1,550,135
6,300,127,0,31,3,15,-15,0,0,65535
6,300,177,0,32,4,0,0,0,0,140
6,300,227,0,8,6,0,0,0,0,140
6,300,277,0,57,7,0,0,0,0,140
6,300,327,0,58,24,0,0,0,0,140
6,300,377,0,56,52,0,0,0,0,140
6,300,427,0,0,0,110,-110,0,0,140
6,300,477,0,41,9,0,0,0,0,140
6,300,527,0,0,6,166,-166,0,0,140
6,300,577,0,57,21,0,0,0,0,140
6,300,627,0,25,0,59,-59,0,0,140
6,300,677,0,0,3,152,-152,0,0,140
6,300,727,0,29,27,231,-231,0,0,140
6,300,777,6,40,65,0,6,0,0,140
6,300,827,36,54,7,0,36,1,700,140
1,300,128,15,11,85,0,85,0,0,65535
1,300,178,11,0,89,75,14,0,0,144
1,300,228,26,0,31,0,31,0,0,144
1,300,278,14,0,53,0,53,0,0,144
1,300,328,6,0,32,0,32,0,0,144
1,300,378,0,0,39,0,39,0,0,144
1,300,428,0,0,29,155,-126,1,575,144
2,300,102,2,0,0,0,0,0,0,65535
2,300,152,3,0,0,0,0,0,0,65535
2,300,202,2,0,0,0,0,0,0,65535
2,300,252,3,0,0,0,0,0,0,245
2,300,302,2,0,0,0,0,0,0,245
2,300,352,7,0,0,0,0,0,0,245
2,300,402,3,0,0,0,0,0,0,245
2,300,452,2,0,0,0,0,0,0,245
2,300,502,3,0,0,0,0,0,0,245
2,300,552,4,0,0,0,0,0,0,245
2,300,602,3,0,0,0,0,0,0,245
2,300,652,3,0,0,0,0,0,0,245
2,300,702,3,0,0,0,0,0,0,245
2,300,752,2,0,2,117,-117,0,0,245
2,300,802,0,0,0,179,-179,0,0,245
2,300,852,0,0,6,159,-159,0,0,245
2,300,902,16,0,0,0,0,0,0,245
2,300,952,11,0,27,0,0,0,0,245
2,300,1002,13,0,24,0,0,0,0,245
2,300,1052,0,0,0,123,-123,0,0,245
2,300,1102,0,0,0,192,-192,0,0,245
2,300,1152,0,0,0,193,-193,0,0,245
2,300,1202,14,16,0,0,16,0,0,245
2,300,1252,11,15,11,0,15,0,0,245
2,300,1302,10,17,26,0,17,0,0,245
2,300,1352,9,18,29,0,18,0,0,245
2,300,1402,9,22,30,0,22,1,1000,245
3,300,128,27,11,64,0,27,0,0,135
3,300,178,51,1,13,0,51,0,0,135
3,300,228,33,0,0,103,-70,1,625,135
4,300,103,25,2,0,0,0,0,0,65535
4,300,153,31,0,0,44,-44,0,0,118
4,300,203,29,0,0,47,-47,0,0,118
4,300,253,44,3,0,55,-55,0,0,118
4,300,303,43,4,0,56,-56,0,0,118
4,300,353,35,21,0,171,-171,0,0,118
4,300,403,37,1,0,197,-197,0,0,118
4,300,453,43,25,22,0,22,1,550,118
5,300,127,59,164,4,66,98,0,0,65535
5,300,177,65,161,0,65,96,0,0,149
5,300,227,54,132,8,136,-4,0,0,149
5,300,277,53,161,0,47,114,0,0,149
5,300,327,46,165,0,0,165,0,0,149
5,300,377,50,154,0,8,146,0,0,149
5,300,427,48,150,18,0,150,0,0,149
5,300,477,46,132,43,28,104,0,0,149
5,300,527,51,84,10,45,39,0,0,149
5,300,577,40,88,12,50,38,0,0,149
5,300,627,38,59,10,37,22,0,0,149
5,300,677,49,99,0,0,99,0,0,149
5,300,727,37,119,18,155,-36,1,650,149
6,300,127,0,50,1,4,-4,0,0,65535
6,300,177,0,50,1,7,-7,0,0,141
6,300,227,0,52,3,10,-10,0,0,141
6,300,277,0,50,5,13,-13,0,0,141
6,300,327,0,50,7,16,-16,0,0,141
6,300,377,0,48,7,16,-16,0,0,141
6,300,427,0,45,9,17,-17,0,0,141
6,300,477,0,42,9,20,-20,0,0,141
6,300,527,0,39,11,20,-20,0,0,141
6,300,577,0,35,9,5,-5,0,0,141
6,300,627,0,46,9,0,0,0,0,141
6,300,677,0,57,10,0,0,0,0,141
6,300,727,0,44,12,0,0,0,0,141
6,300,777,0,60,34,0,0,0,0,141
6,300,827,0,0,0,99,-99,0,0,141
6,300,877,0,67,11,0,0,0,0,141
6,300,927,0,0,0,134,-134,0,0,141
6,300,977,0,54,34,0,0,0,0,141
6,300,1027,18,30,0,0,18,0,0,141
6,300,1077,0,0,5,153,-153,0,0,141
6,300,1127,0,24,10,222,-222,0,0,141
6,300,1177,6,30,47,191,-185,0,0,141
6,300,1227,32,65,11,0,32,1,950,141
1,300,128,11,0,18,0,18,0,0,137
1,300,178,0,0,34,164,-130,1,575,137
2,300,102,3,0,0,0,0,0,0,65535
2,300,152,4,0,0,0,0,0,0,65535
2,300,202,3,0,0,0,0,0,0,65535
2,300,252,3,0,0,0,0,0,0,65535
2,300,302,4,0,0,0,0,0,0,265
2,300,352,4,0,0,0,0,0,0,265
2,300,402,5,0,0,0,0,0,0,265
2,300,452,4,0,0,0,0,0,0,265
2,300,502,5,0,0,0,0,0,0,265
2,300,552,5,0,0,0,0,0,0,265
2,300,602,4,0,0,0,0,0,0,265
2,300,652,4,0,0,0,0,0,0,265
2,300,702,5,0,0,0,0,0,0,265
2,300,752,4,0,2,114,-114,0,0,265
2,300,802,0,0,0,182,-182,0,0,265
2,300,852,8,0,15,0,0,0,0,265
2,300,902,12,0,26,0,0,0,0,265
2,300,952,12,0,27,0,0,0,0,265
2,300,1002,13,0,21,0,0,0,0,265
2,300,1052,0,0,0,169,-169,0,0,265
2,300,1102,24,10,0,0,10,0,0,265
2,300,1152,13,11,0,0,11,0,0,265
2,300,1202,12,15,7,0,15,0,0,265
2,300,1252,11,16,22,0,16,0,0,265
2,300,1302,9,17,29,0,17,0,0,265
2,300,1352,8,19,28,0,19,0,0,265
2,300,1402,10,23,25,0,23,1,1000,265
3,300,128,37,30,16,0,37,0,0,135
3,300,178,51,0,6,0,51,0,0,135
3,300,228,20,0,0,115,-95,1,625,135
4,300,103,25,2,0,46,-46,0,0,65535
4,300,153,42,0,0,47,-47,0,0,118
4,300,203,30,12,0,60,-60,0,0,118
4,300,253,27,8,9,0,9,0,0,118
4,300,303,37,0,0,193,-193,0,0,118
4,300,353,37,10,6,87,-81,0,0,118
4,300,403,41,2,0,0,0,0,0,118
4,300,453,0,0,0,205,-205,0,0,118
4,300,503,31,14,0,0,0,0,0,118
4,300,553,31,11,0,0,0,0,0,118
4,300,603,31,10,0,0,0,0,0,118
4,300,653,31,14,0,0,0,0,0,118
4,300,703,31,19,6,0,6,0,0,118
4,300,753,61,7,4,0,4,0,0,118
4,300,803,49,4,0,100,-100,0,0,118
4,300,853,56,5,0,11,-11,0,0,118
4,300,903,57,6,0,0,0,0,0,118
4,300,953,27,0,0,126,-126,0,0,118
4,300,1003,29,0,0,116,-116,0,0,118
4,300,1053,62,8,27,0,27,1,850,118
5,300,127,31,48,18,228,-180,0,0,135
5,300,177,29,42,40,48,-6,0,0,135
5,300,227,29,42,54,0,42,0,0,135
5,300,277,29,29,52,0,29,0,0,135
5,300,327,60,23,0,15,8,0,0,135
5,300,377,59,21,0,0,21,0,0,135
5,300,427,60,14,0,0,14,0,0,135
5,300,477,60,7,0,0,7,0,0,135
5,300,527,43,37,14,0,37,0,0,135
5,300,577,29,7,25,0,7,0,0,135
5,300,627,30,1,15,0,1,0,0,135
5,300,677,29,0,35,0,0,0,0,135
5,300,727,46,15,16,0,15,0,0,135
5,300,777,1,0,4,143,-143,1,825,135
4,300,528,39,12,12,79,-67,0,0,141
4,300,578,35,7,0,0,0,0,0,141
4,300,628,34,7,0,0,0,0,0,141
4,300,678,36,12,22,125,-103,0,0,141
4,300,728,34,19,0,0,0,0,0,141
4,300,778,33,13,0,0,0,0,0,141
4,300,828,27,15,1,0,1,0,0,141
4,300,878,31,17,8,0,8,0,0,141
4,300,928,31,23,12,0,12,0,0,141
4,300,978,63,9,2,0,2,0,0,141
4,300,1028,62,8,5,0,5,0,0,141
4,300,1078,62,9,11,0,11,0,0,141
4,300,1128,28,0,0,128,-128,0,0,141
4,300,1178,31,1,0,124,-124,0,0,141
4,300,1228,63,6,24,0,24,1,925,141
5,300,102,19,16,0,148,-132,0,0,110
5,300,152,28,36,51,0,36,0,0,110
5,300,202,43,29,0,82,-53,1,575,110
6,300,102,0,24,4,0,0,0,0,65535
6,300,152,0,30,2,11,-11,0,0,123
6,300,202,0,35,5,0,0,0,0,123
6,300,252,0,34,7,0,0,0,0,123
6,300,302,0,49,9,0,0,0,0,123
6,300,352,0,60,32,0,0,0,0,123
6,300,402,0,57,51,0,0,0,0,123
6,300,452,0,0,0,103,-103,0,0,123
6,300,502,0,68,12,0,0,0,0,123
6,300,552,0,0,0,148,-148,0,0,123
6,300,602,0,66,17,0,0,0,0,123
6,300,652,9,31,0,0,9,0,0,123
6,300,702,0,0,0,147,-147,0,0,123
6,300,752,0,31,24,226,-226,0,0,123
6,300,802,12,60,18,0,12,0,0,123
6,300,852,2,0,3,150,-148,0,0,123
6,300,902,18,38,61,0,18,0,0,123
6,300,952,0,26,17,229,-229,0,0,123
6,300,1002,0,26,11,228,-228,0,0,123
6,300,1052,4,0,10,222,-218,0,0,123
6,300,1102,32,14,0,139,-107,0,0,123
6,300,1152,54,29,0,0,54,1,875,123
1,300,103,20,0,58,54,4,0,0,111
1,300,153,17,0,60,0,60,0,0,111
1,300,203,33,0,0,0,0,0,0,111
1,300,253,0,0,0,195,-195,1,575,111
2,300,102,7,0,0,0,0,0,0,65535
2,300,152,5,0,0,0,0,0,0,115
2,300,202,4,0,0,0,0,0,0,115
2,300,252,4,0,0,0,0,0,0,115
2,300,302,4,0,0,0,0,0,0,115
2,300,352,5,0,0,0,0,0,0,115
2,300,402,0,0,0,0,0,0,0,115
2,300,452,0,0,0,179,-179,0,0,115
2,300,502,8,0,10,106,-106,0,0,115
2,300,552,18,0,0,0,0,0,0,115
