step,elaptime,bemf,phaseA,phaseB,phaseC,Vcom,V_com_error
1,124,15,8,131,83,68,-6
1,174,19,2,144,95,76,-4
1,224,18,3,151,100,82,-2
1,274,19,8,156,105,86,-3
1,324,20,9,161,105,85,-6
1,374,16,12,159,107,91,-1
1,424,16,11,165,106,90,-4
1,474,18,15,165,107,89,-6
1,524,13,12,163,104,91,-2
1,574,14,12,163,100,86,-5
1,624,22,16,161,105,83,-11
1,674,15,16,162,98,83,-9
1,724,21,18,160,98,77,-15
1,774,12,14,162,102,90,-2
1,824,14,15,160,94,80,-9
1,874,15,15,161,96,81,-9
1,924,9,12,160,91,82,-5
1,974,10,16,160,90,80,-8
1,1024,14,11,157,90,76,-10
1,1074,12,13,158,87,75,-11
1,1124,9,15,157,87,78,-8
1,1174,1,14,155,81,80,-3
1,1224,7,16,157,81,74,-10
1,1274,5,13,156,81,76,-7
1,1324,2,14,157,78,76,-7
1,1374,4,14,158,77,73,-10
1,1424,4,11,157,77,73,-8
1,1474,-1,10,154,73,74,-5
1,1524,0,14,155,71,71,-9
1,1574,-2,16,167,72,74,-11
1,1624,-4,16,157,70,74,-7
1,1674,-1,20,158,72,73,-10
1,1724,-3,13,158,69,72,-8
1,1774,-6,13,153,65,71,-6
1,1824,-5,17,159,67,72,-9
1,1874,-9,13,154,62,71,-5
1,1924,-8,14,157,64,72,-6
1,1974,-8,14,155,64,72,-5
1,2024,-9,16,155,59,68,-8
1,2074,-11,0,156,60,71,-1
1,2124,-17,13,154,52,69,-4
1,2174,-16,7,157,56,72,-1
1,2224,-16,11,155,54,70,-3
1,2274,-17,13,152,51,68,-4
1,2324,-19,14,158,48,67,-6
1,2374,-18,13,155,44,62,-8
1,2424,-21,13,153,48,69,-2
1,2474,-22,16,168,44,66,-10
1,2524,-22,13,153,45,67,-3
1,2574,-27,14,160,40,67,-4
1,2624,-27,16,155,38,65,-4
1,2674,-27,16,155,40,67,-3
1,2724,-31,11,152,32,63,-2
1,2774,-30,14,153,30,60,-5
1,2824,-47,12,155,18,65,4
1,2874,-30,14,155,28,58,-7
1,2924,-34,10,155,30,64,-1
1,2974,-35,10,153,23,58,-4
1,3024,-34,12,155,25,59,-5
1,3074,-38,14,155,23,61,-3
1,3124,-33,17,162,26,59,-9
1,3174,-37,14,160,28,65,-2
1,3224,-46,16,161,21,67,1
1,3274,-43,18,162,21,64,-3
1,3324,-39,16,165,22,61,-6
1,3374,-48,18,164,12,60,-4
1,3424,-41,17,165,22,63,-5
1,3474,-40,16,167,22,62,-6
1,3524,-42,18,164,18,60,-6
1,3574,-44,22,171,18,62,-8
1,3624,-52,20,169,12,64,-3
1,3674,-43,16,169,19,62,-6
1,3724,-43,20,171,17,60,-9
1,3774,-44,19,171,20,64,-6
1,3824,-46,22,175,17,63,-8
1,3874,-46,22,175,18,64,-7
1,3924,-49,20,172,17,66,-3
1,3974,-46,19,178,16,62,-9
1,4024,-44,20,176,18,62,-9
1,4074,-46,22,174,17,63,-8
1,4124,-47,20,175,18,65,-6
1,4174,-47,18,177,19,66,-5
1,4224,-44,18,180,19,63,-9
1,4274,-49,19,174,15,64,-5
1,4324,-47,18,178,16,63,-7
1,4374,-49,17,179,15,64,-6
1,4424,-48,15,179,19,67,-4
1,4474,-48,20,179,14,62,-9
1,4524,-43,8,178,19,62,-6
1,4574,-51,21,177,18,69,-3
1,4624,-46,18,180,18,64,-8
1,4674,-48,12,179,22,70,-1
1,4724,-49,16,181,19,68,-4
1,4774,-45,19,180,21,66,-7
1,4824,-49,18,185,21,70,-4
1,4874,-51,19,183,20,71,-3
1,4924,-44,19,182,25,69,-6
1,4974,-57,16,181,23,80,7
1,5024,-46,21,187,23,69,-8
1,5074,-48,19,184,25,73,-3
1,5124,-51,19,182,22,73,-1
1,5174,-47,19,185,28,75,-2
1,5224,-49,18,184,25,74,-1
1,5274,-46,21,183,25,71,-5
1,5324,-46,17,186,29,75,-2
1,5374,-47,17,182,26,73,-2
1,5424,-44,19,183,31,75,-2
1,5474,-44,17,185,30,74,-3
1,5524,-48,19,183,25,73,-2
1,5574,-46,22,190,27,73,-6
1,5624,-38,24,185,36,74,-7
1,5674,-44,17,185,34,78,0
1,5724,-43,20,184,31,74,-4
1,5774,-37,24,184,37,74,-7
1,5824,-40,22,187,37,77,-5
1,5874,-40,22,191,32,72,-9
1,5924,-37,20,183,40,77,-4
1,5974,-46,21,182,34,80,1
1,6024,-35,20,184,39,74,-7
1,6074,-42,20,183,33,75,-3
1,6124,-33,21,185,40,73,-9
1,6174,-35,19,181,41,76,-4
1,6224,-32,23,184,41,73,-9
1,6274,-30,21,179,43,73,-8
1,6324,-36,19,181,39,75,-4
1,6374,-31,21,181,42,73,-8
1,6424,-31,17,180,45,76,-4
1,6474,-29,19,181,43,72,-9
1,6524,-27,22,179,46,73,-9
1,6574,-27,19,179,46,73,-8
1,6624,-26,18,177,46,72,-8
1,6674,-26,19,184,48,74,-9
1,6724,-26,17,176,48,74,-6
1,6774,-22,21,173,51,73,-8
1,6824,-24,21,179,51,75,-8
1,6874,-18,17,175,58,76,-7
1,6924,-24,16,175,54,78,-3
1,6974,-21,16,176,54,75,-7
1,7024,-20,15,171,55,75,-5
1,7074,-19,16,176,56,75,-7
1,7124,-17,17,172,60,77,-6
1,7174,-8,12,171,67,75,-8
1,7224,-16,12,171,60,76,-5
1,7274,-16,34,168,57,73,-13
1,7324,-21,15,172,57,78,-3
1,7374,-19,12,170,61,80,-1
1,7424,-15,13,167,64,79,-2
1,7474,-14,15,171,62,76,-6
1,7524,-21,14,168,59,80,0
1,7574,-14,14,166,66,80,-2
1,7624,-12,17,169,68,80,-4
1,7674,-15,13,167,73,88,4
1,7724,-15,14,165,67,82,0
1,7774,-8,17,168,72,80,-5
1,7824,-12,16,167,71,83,-1
1,7874,-13,16,163,68,81,-1
1,7924,-7,10,166,75,82,-1
1,7974,-13,13,163,69,82,1
2,115,-27,2,23,129,50,-1
2,165,-28,4,31,145,59,-1
2,215,-27,9,36,155,63,-3
2,265,-24,11,44,162,68,-4
2,315,-31,12,43,160,74,3
2,365,-33,18,45,161,78,4
2,415,-22,17,52,167,74,-4
2,465,-23,18,54,168,77,-3
2,515,-22,22,53,170,75,-6
2,565,-20,19,57,171,77,-5
2,615,-21,19,58,168,79,-2
2,665,-19,19,56,167,75,-5
2,715,-18,20,60,171,78,-5
2,765,-21,19,60,169,81,-1
2,815,-20,21,59,167,79,-3
2,865,-16,22,63,170,79,-6
2,915,-17,18,63,165,80,-2
2,965,-14,20,59,161,73,-7
2,1015,-11,17,65,167,76,-7
2,1065,-11,15,66,164,77,-4
2,1115,-9,18,66,163,75,-7
2,1165,-10,16,68,164,78,-4
2,1215,-7,22,69,162,76,-8
2,1265,-2,19,70,161,72,-11
2,1315,-5,20,68,162,73,-10
2,1365,-3,22,77,163,80,-7
2,1415,-7,15,70,156,77,-3
2,1465,-4,20,75,159,79,-5
2,1515,-6,15,78,165,84,-2
2,1565,-3,17,75,158,78,-5
2,1615,-1,18,76,156,77,-6
2,1665,-3,16,76,159,79,-4
2,1715,-7,15,73,157,80,-1
2,1765,2,21,81,152,79,-5
2,1815,-2,17,81,160,83,-3
2,1865,-1,21,79,156,80,-5
2,1915,6,16,85,157,79,-7
2,1965,0,14,84,159,84,-1
2,2015,2,13,83,156,81,-3
2,2065,6,15,87,155,81,-4
2,2115,-6,15,83,153,89,6
2,2165,5,15,87,154,82,-3
2,2215,-1,12,86,158,87,2
2,2265,11,12,87,153,76,-8
2,2315,1,11,86,154,85,2
2,2365,9,10,94,153,85,0
2,2415,9,13,90,153,81,-4
2,2465,3,9,92,153,89,5
2,2515,8,13,91,150,83,-1
2,2565,2,6,93,152,91,8
2,2615,7,12,95,149,88,3
2,2665,13,13,101,153,88,-1
2,2715,13,15,98,152,85,-3
2,2765,13,12,100,160,87,-3
2,2815,12,14,101,156,89,-1
2,2865,18,15,106,152,88,-3
2,2915,13,13,103,152,90,1
2,2965,16,16,109,156,93,0
2,3015,19,20,110,155,91,-4
2,3065,19,17,113,157,94,-1
2,3115,17,19,112,156,95,0
2,3165,25,23,116,157,91,-7
2,3215,26,21,119,156,93,-5
2,3265,24,22,117,159,93,-6
2,3315,30,29,123,157,93,-10
2,3365,31,26,123,150,92,-7
2,3415,24,19,119,155,95,-2
2,3465,28,21,120,154,92,-6
2,3515,34,18,123,158,89,-10
2,3565,26,18,121,155,95,-3
2,3615,30,21,118,149,88,-8
2,3665,35,22,129,154,94,-7
2,3715,27,17,127,156,100,0
2,3765,33,19,127,156,94,-6
2,3815,38,19,131,154,93,-8
2,3865,31,15,129,156,98,-2
2,3915,39,19,133,156,94,-8
2,3965,39,18,133,155,94,-8
2,4015,32,16,133,159,101,-1
2,4065,37,17,134,158,97,-6
2,4115,39,17,137,158,98,-6
2,4165,42,16,141,156,99,-5
2,4215,43,18,142,162,99,-8
2,4265,39,16,142,161,103,-3
2,4315,44,18,141,160,97,-9
2,4365,37,16,139,160,102,-3
2,4415,44,16,143,159,99,-7
2,4465,44,16,144,163,100,-7
2,4515,42,13,142,166,100,-7
2,4565,44,16,144,169,100,-9
2,4615,41,23,143,163,102,-7
2,4665,40,12,143,163,103,-3
2,4715,43,16,145,161,102,-5
2,4765,41,15,144,166,103,-5
2,4815,41,12,144,163,103,-3
2,4865,43,15,146,167,103,-6
2,4915,40,11,146,166,106,-1
2,4965,44,12,145,165,101,-6
2,5015,43,14,149,162,106,-2
2,5065,35,15,142,163,107,1
2,5115,43,13,149,165,106,-3
2,5165,46,14,150,164,104,-5
2,5215,38,13,143,165,105,-2
2,5265,39,14,144,164,105,-2
2,5315,39,13,147,172,108,-2
2,5365,39,14,143,164,104,-3
2,5415,40,16,146,165,106,-3
2,5465,37,13,144,166,107,0
2,5515,42,15,145,165,103,-5
2,5565,38,12,145,166,107,0
2,5615,35,13,142,163,107,1
2,5665,43,14,146,165,103,-5
2,5715,41,13,147,165,106,-2
2,5765,36,14,144,171,108,-1
2,5815,40,18,143,163,103,-5
2,5865,42,11,147,164,105,-2
2,5915,37,12,143,164,106,0
2,5965,44,16,145,163,101,-7
2,6015,35,13,141,165,106,0
2,6065,35,13,141,165,106,0
2,6115,42,16,144,165,102,-6
2,6165,44,16,148,166,104,-6
2,6215,42,17,143,165,101,-7
2,6265,44,17,148,171,104,-8
2,6315,42,17,147,165,105,-4
2,6365,43,20,145,170,102,-9
2,6415,41,17,145,169,104,-6
2,6465,45,23,148,168,103,-10
2,6515,39,20,144,170,105,-6
2,6565,43,19,144,167,101,-9
2,6615,45,26,148,168,103,-11
2,6665,41,19,144,170,103,-8
2,6715,43,18,145,169,102,-8
2,6765,46,20,149,169,103,-9
2,6815,39,19,142,167,103,-6
2,6865,41,18,143,166,102,-7
2,6915,48,19,149,168,101,-11
2,6965,40,17,142,168,102,-7
2,7015,46,16,146,167,100,-9
2,7065,41,18,143,168,102,-7
2,7115,36,16,139,169,103,-5
2,7165,39,17,139,167,100,-7
2,7215,39,18,139,167,100,-8
2,7265,34,13,135,166,101,-3
2,7315,40,17,137,165,97,-9
2,7365,33,15,136,172,103,-4
2,7415,37,16,137,166,100,-6
2,7465,36,12,136,176,100,-8
2,7515,31,22,133,169,102,-6
2,7565,37,19,138,170,101,-8
2,7615,31,15,133,168,102,-3
2,7665,29,15,130,167,101,-3
2,7715,31,16,131,168,100,-5
2,7765,28,14,128,168,100,-3
2,7815,25,15,125,158,100,1
2,7865,32,14,130,167,98,-5
2,7915,25,7,123,164,98,0
2,7965,23,14,122,164,99,-1
3,105,18,63,0,91,45,-6
3,155,26,83,0,116,57,-9
3,205,23,94,0,132,71,-4
3,255,27,104,0,144,77,-5
3,305,20,107,0,152,87,1
3,355,27,114,0,149,87,0
3,405,28,115,6,157,87,-5
3,455,26,112,4,154,86,-4
3,505,27,113,9,156,86,-6
3,555,28,114,7,155,86,-6
3,605,25,114,12,154,89,-4
3,655,20,108,10,161,88,-5
3,705,22,109,5,154,87,-2
3,755,36,109,8,154,73,-17
3,805,16,105,7,152,89,1
3,855,23,103,6,151,80,-6
3,905,27,105,8,151,78,-10
3,955,17,100,8,154,83,-4
3,1005,17,99,5,154,82,-4
3,1055,19,98,6,155,79,-7
3,1105,17,97,6,151,80,-4
3,1155,16,95,7,148,79,-4
3,1205,21,98,10,151,77,-9
3,1255,15,94,11,151,79,-6
3,1305,13,92,7,156,79,-6
3,1355,15,93,9,150,78,-6
3,1405,17,93,8,151,76,-8
3,1455,17,91,10,148,74,-9
3,1505,12,88,9,150,76,-6
3,1555,14,88,9,148,74,-7
3,1605,9,84,12,153,75,-8
3,1655,11,87,11,152,76,-7
3,1705,13,84,11,150,71,-10
3,1755,5,79,5,151,74,-4
3,1805,7,79,7,150,72,-6
3,1855,8,78,11,149,70,-9
3,1905,7,79,11,152,72,-8
3,1955,-1,71,9,149,72,-4
3,2005,2,74,11,156,72,-8
3,2055,-3,71,10,154,74,-4
3,2105,1,71,8,150,70,-6
3,2155,-1,69,12,152,70,-7
3,2205,-4,67,12,152,71,-6
3,2255,-2,69,11,152,71,-6
3,2305,-5,66,13,156,71,-7
3,2355,-12,59,8,157,71,-3
3,2405,-4,63,10,153,67,-8
3,2455,-13,58,9,156,71,-3
3,2505,-9,59,9,151,68,-5
3,2555,-14,54,11,152,68,-4
3,2605,-12,55,10,152,67,-5
3,2655,-17,55,9,158,72,-2
3,2705,-18,52,6,155,70,-1
3,2755,-11,53,2,150,64,-4
3,2805,-17,51,13,157,68,-5
3,2855,-19,51,7,155,70,-1
3,2905,-19,48,7,153,67,-2
3,2955,-21,46,8,155,67,-2
3,3005,-26,46,7,158,72,2
3,3055,-20,49,6,154,69,0
3,3105,-18,47,10,160,65,-7
3,3155,-28,39,6,155,67,1
3,3205,-22,44,8,155,66,-3
3,3255,-20,44,11,176,64,-13
3,3305,-26,41,6,157,67,-1
3,3355,-22,40,4,158,62,-5
3,3405,-23,41,4,155,64,-2
3,3455,-24,40,4,154,64,-2
3,3505,-21,40,7,155,61,-6
3,3555,-23,37,3,153,60,-4
3,3605,-20,41,7,153,61,-6
3,3655,-30,39,7,158,69,1
3,3705,-23,39,7,159,62,-6
3,3755,-24,40,8,161,64,-5
3,3805,-25,41,7,163,66,-4
3,3855,-21,43,11,160,64,-7
3,3905,-24,42,12,162,66,-6
3,3955,-29,41,14,164,70,-3
3,4005,-25,42,11,173,67,-8
3,4055,-24,43,13,164,67,-6
3,4105,-26,43,12,165,69,-4
3,4155,-11,54,12,162,65,-11
3,4205,-24,44,15,167,68,-7
3,4255,-27,43,14,164,70,-3
3,4305,-26,45,13,172,71,-5
3,4355,-26,44,11,167,70,-4
3,4405,-30,39,10,165,69,-2
3,4455,-21,48,18,169,69,-9
3,4505,-30,44,15,169,74,-2
3,4555,-23,47,13,167,70,-5
3,4605,-30,43,15,170,73,-3
3,4655,-24,48,15,172,72,-6
3,4705,-28,43,14,171,71,-5
3,4755,-23,46,12,169,69,-6
3,4805,-25,47,13,168,72,-4
3,4855,-29,44,15,171,73,-3
3,4905,-25,46,13,168,71,-4
3,4955,-25,46,17,171,71,-7
3,5005,-32,45,14,177,77,-1
3,5055,-28,46,13,183,74,-6
3,5105,-26,47,13,181,73,-7
3,5155,-31,43,15,174,74,-3
3,5205,-30,44,12,173,74,-2
3,5255,-27,48,15,172,75,-3
3,5305,-32,46,11,178,78,0
3,5355,-29,46,12,174,75,-2
3,5405,-26,47,12,172,73,-4
3,5455,-33,45,12,174,78,1
3,5505,-23,51,11,171,74,-3
3,5555,-29,49,11,173,78,1
3,5605,-29,48,9,173,77,1
3,5655,-34,45,13,176,79,1
3,5705,-29,49,10,173,78,1
3,5755,-20,54,10,173,74,-5
3,5805,-31,48,9,172,79,3
3,5855,-25,49,6,166,74,1
3,5905,-19,56,13,169,75,-4
3,5955,-27,51,12,170,78,1
3,6005,-26,53,9,176,79,0
3,6055,-20,55,11,168,75,-3
3,6105,-21,55,10,176,76,-4
3,6155,-25,51,11,168,76,0
3,6205,-18,57,15,169,75,-5
3,6255,-17,57,10,171,74,-5
3,6305,-19,59,9,171,78,-1
3,6355,-18,60,12,168,78,-2
3,6405,-19,59,11,171,78,-2
3,6455,-24,57,11,167,81,3
3,6505,-15,59,13,168,74,-6
3,6555,-14,60,8,165,74,-3
3,6605,-14,60,14,168,74,-6
3,6655,-18,60,9,169,78,-1
3,6705,-13,62,10,166,75,-4
3,6755,-12,61,8,169,73,-6
3,6805,-6,67,9,161,73,-6
3,6855,-10,66,11,169,76,-6
3,6905,-7,70,12,165,77,-5
3,6955,-8,67,13,165,75,-6
3,7005,-10,69,14,172,79,-6
3,7055,-12,67,10,170,79,-3
3,7105,-6,71,9,165,77,-4
3,7155,-9,68,14,167,77,-6
3,7205,-10,69,14,166,79,-4
3,7255,-6,71,16,159,77,-5
3,7305,-9,72,21,163,81,-4
3,7355,-8,71,14,166,79,-4
3,7405,-4,73,12,165,77,-6
3,7455,-6,72,14,164,78,-5
3,7505,-8,72,13,170,80,-5
3,7555,-3,76,13,165,79,-5
3,7605,-8,74,17,167,82,-4
3,7655,-14,69,13,169,83,0
3,7705,-7,76,13,172,83,-4
3,7755,-4,75,10,169,79,-5
3,7805,1,80,14,166,79,-7
3,7855,14,96,11,163,82,-8
3,7905,1,81,13,163,80,-5
3,7955,-6,75,12,165,81,-3
4,8005,83,73,9,164,81,-1
4,139,-39,110,0,0,39,3
4,189,-29,134,0,22,51,-1
4,239,-18,149,0,39,57,-5
4,289,-19,154,0,41,60,-5
4,339,-19,163,0,42,61,-7
4,389,-24,164,4,46,70,-1
4,439,-21,165,0,48,69,-2
4,489,-21,164,1,52,73,1
4,539,-18,161,3,53,71,-1
4,589,-17,167,1,53,70,-3
4,639,-8,169,6,65,73,-7
4,689,-19,161,2,50,69,-2
4,739,-18,163,4,56,74,0
4,789,-17,160,2,53,70,-1
4,839,-12,164,6,56,68,-7
4,889,-15,160,5,60,75,0
4,939,-12,163,3,56,68,-6
4,989,-8,164,5,64,72,-5
4,1039,-19,161,7,55,74,0
4,1089,-6,161,6,61,67,-9
4,1139,-19,160,7,62,81,5
4,1189,-16,159,5,66,82,6
4,1239,-24,159,2,67,91,15
4,1289,-4,162,7,66,70,-8
4,1339,-8,159,2,64,72,-3
4,1389,-1,158,4,70,71,-6
4,1439,-3,159,5,69,72,-5
4,1489,3,158,1,74,71,-6
4,1539,-3,160,5,72,75,-4
4,1589,2,160,6,75,73,-7
4,1639,1,158,5,78,77,-3
4,1689,5,156,7,75,70,-9
4,1739,6,159,5,81,75,-6
4,1789,6,160,9,82,76,-7
4,1839,7,159,12,84,77,-8
4,1889,7,157,6,86,79,-4
4,1939,10,157,9,86,76,-8
4,1989,12,158,8,89,77,-8
4,2039,8,158,8,86,78,-6
4,2089,9,159,11,86,77,-8
4,2139,14,158,7,96,82,-5
4,2189,12,157,12,92,80,-7
4,2239,21,158,8,95,74,-13
4,2289,19,155,11,101,82,-7
4,2339,16,154,12,96,80,-7
4,2389,19,157,11,102,83,-7
4,2439,18,155,10,102,84,-5
4,2489,24,157,8,104,80,-9
4,2539,21,160,16,107,86,-8
4,2589,20,152,5,104,84,-3
4,2639,20,155,9,106,86,-4
4,2689,33,152,9,119,86,-7
4,2739,25,165,8,111,86,-8
4,2789,25,156,11,115,90,-4
4,2839,24,154,7,112,88,-3
4,2889,31,155,10,121,90,-5
4,2939,27,152,7,117,90,-2
4,2989,33,156,5,120,87,-6
4,3039,35,156,9,130,95,-3
4,3089,22,155,8,116,94,1
4,3139,32,160,10,126,94,-4
4,3189,33,156,13,128,95,-4
4,3239,36,157,4,129,93,-3
4,3289,34,159,7,129,95,-3
4,3339,36,157,7,132,96,-2
4,3389,35,156,6,135,100,1
4,3439,39,161,7,133,94,-6
4,3489,41,161,7,138,97,-5
4,3539,38,160,9,139,101,-1
4,3589,42,163,7,140,98,-5
4,3639,47,168,11,150,103,-6
4,3689,22,163,11,124,102,3
4,3739,43,169,12,147,104,-5
4,3789,41,168,12,146,105,-3
4,3839,42,169,12,146,104,-5
4,3889,43,168,11,152,109,-1
4,3939,45,169,11,147,102,-7
4,3989,48,171,11,152,104,-7
4,4039,51,169,11,156,105,-7
4,4089,32,173,11,150,118,7
4,4139,53,169,12,157,104,-8
4,4189,50,171,10,152,102,-9
4,4239,50,173,8,152,102,-9
4,4289,52,171,12,157,105,-8
4,4339,48,171,7,152,104,-6
4,4389,53,171,7,157,104,-7
4,4439,54,169,10,158,104,-8
4,4489,48,174,3,154,106,-4
4,4539,47,177,9,151,104,-8
4,4589,52,171,7,155,103,-8
4,4639,51,170,7,155,104,-6
4,4689,54,173,9,153,99,-12
4,4739,54,172,5,156,102,-9
4,4789,51,178,9,156,105,-9
4,4839,48,173,5,154,106,-4
4,4889,48,174,7,154,106,-5
4,4939,53,174,10,157,104,-9
4,4989,54,176,8,157,103,-10
4,5039,46,179,16,154,108,-8
4,5089,51,177,18,160,109,-9
4,5139,49,176,9,158,109,-5
4,5189,53,178,13,160,107,-10
4,5239,50,178,8,159,109,-6
4,5289,54,179,12,163,109,-9
4,5339,50,179,11,158,108,-8
4,5389,53,178,12,164,111,-7
4,5439,52,179,10,158,106,-9
4,5489,52,180,11,159,107,-9
4,5539,48,176,10,160,112,-3
4,5589,48,202,5,156,108,-13
4,5639,51,178,9,161,110,-6
4,5689,49,178,7,159,110,-4
4,5739,52,180,8,159,107,-8
4,5789,42,178,12,153,111,-3
4,5839,50,178,7,158,108,-6
4,5889,46,181,7,159,113,-2
4,5939,46,177,5,154,108,-4
4,5989,48,180,3,155,107,-5
4,6039,42,178,4,153,111,0
4,6089,48,180,6,154,106,-7
4,6139,47,175,8,154,107,-5
4,6189,40,178,8,150,110,-2
4,6239,41,179,3,149,108,-2
4,6289,39,177,9,147,108,-3
4,6339,40,177,6,148,108,-2
4,6389,38,178,5,147,109,-1
4,6439,51,179,9,153,102,-11
4,6489,43,175,4,146,103,-5
4,6539,36,176,7,141,105,-3
4,6589,37,178,6,138,101,-6
4,6639,36,173,5,140,104,-2
4,6689,36,176,7,134,98,-7
4,6739,39,175,7,139,100,-7
4,6789,37,174,6,138,101,-5
4,6839,38,178,4,134,96,-9
4,6889,38,174,6,139,101,-5
4,6939,32,177,7,132,100,-5
4,6989,35,175,4,132,97,-6
4,7039,31,176,5,129,98,-5
4,7089,35,176,6,132,97,-7
4,7139,33,174,3,132,99,-4
4,7189,36,177,7,127,91,-12
4,7239,35,177,5,131,96,-8
4,7289,26,175,6,121,95,-5
4,7339,30,171,6,122,92,-7
4,7389,31,172,6,126,95,-6
4,7439,30,173,7,122,92,-8
4,7489,31,174,4,122,91,-9
4,7539,28,176,7,121,93,-8
4,7589,31,171,4,122,91,-8
4,7639,28,171,7,120,92,-7
4,7689,31,170,9,119,88,-11
4,7739,27,170,5,117,90,-7
4,7789,24,170,12,114,90,-8
4,7839,27,168,6,118,91,-6
4,7889,26,166,7,116,90,-6
4,7939,26,169,9,115,89,-8
4,7989,25,169,5,110,85,-9
5,130,25,140,91,1,66,-11
5,180,30,145,100,0,70,-11
5,230,26,153,101,0,75,-9
5,280,26,157,107,4,81,-8
5,330,25,159,109,2,84,-6
5,380,23,160,109,3,86,-4
5,430,24,165,110,6,86,-7
5,480,24,163,109,6,85,-7
5,530,19,161,105,4,86,-4
5,580,23,164,108,8,85,-8
5,630,21,162,106,6,85,-6
5,680,18,164,105,7,87,-5
5,730,19,165,101,8,82,-9
5,780,16,162,100,6,84,-5
5,830,14,163,97,9,83,-6
5,880,12,164,97,8,85,-4
5,930,12,161,94,6,82,-5
5,980,19,162,95,3,76,-10
5,1030,6,161,89,9,83,-3
5,1080,13,163,91,2,78,-7
5,1130,8,162,89,4,81,-4
5,1180,10,162,88,3,78,-6
5,1230,9,161,87,7,78,-7
5,1280,6,155,85,9,79,-4
5,1330,6,161,83,6,77,-6
5,1380,12,160,84,5,72,-11
5,1430,5,158,82,5,77,-4
5,1480,4,162,79,8,75,-8
5,1530,11,158,81,6,70,-11
5,1580,-2,157,76,6,78,-1
5,1630,2,159,72,5,70,-8
5,1680,5,159,75,6,70,-10
5,1730,-3,157,72,6,75,-3
5,1780,-1,158,68,5,69,-8
5,1830,1,159,68,5,67,-10
5,1880,-4,158,67,5,71,-5
5,1930,2,159,66,5,64,-12
5,1980,-5,157,63,4,68,-6
5,2030,-5,160,62,4,67,-8
5,2080,-5,160,63,3,68,-7
5,2130,-5,165,60,5,65,-11
5,2180,-5,168,61,7,66,-12
5,2230,-10,157,56,7,66,-7
5,2280,-11,159,53,1,64,-7
5,2330,-12,160,55,6,67,-6
5,2380,-13,161,52,6,65,-8
5,2430,-11,160,52,4,63,-9
5,2480,-12,161,53,5,65,-8
5,2530,-10,158,51,6,61,-10
5,2580,-14,159,45,2,59,-9
5,2630,-19,162,43,6,62,-8
5,2680,-16,158,47,6,63,-7
5,2730,-14,160,45,4,59,-10
5,2780,-18,159,45,2,63,-5
5,2830,-19,159,42,12,61,-10
5,2880,-17,162,43,3,60,-9
5,2930,-24,159,41,10,65,-5
5,2980,-23,161,38,6,61,-7
5,3030,-21,159,41,8,62,-7
5,3080,-28,162,37,12,65,-5
5,3130,-23,163,38,12,61,-10
5,3180,-28,159,37,12,65,-4
5,3230,-25,162,34,8,59,-9
5,3280,-30,158,34,11,64,-3
5,3330,-33,161,33,14,66,-3
5,3380,-29,163,33,9,62,-6
5,3430,-31,161,33,11,64,-4
5,3480,-33,162,31,13,64,-4
5,3530,-28,165,36,8,64,-5
5,3580,-29,162,33,7,62,-5
5,3630,-34,168,33,12,67,-4
5,3680,-35,166,28,9,63,-4
5,3730,-36,163,29,8,65,-1
5,3780,-39,164,27,14,66,-2
5,3830,-34,167,28,7,62,-5
5,3880,-34,168,28,9,62,-6
5,3930,-39,164,25,7,64,-1
5,3980,-34,166,26,7,60,-6
5,4030,-38,163,26,10,64,-2
5,4080,-36,167,26,0,62,-2
5,4130,-37,165,24,5,61,-3
5,4180,-33,168,26,3,59,-6
5,4230,-40,166,23,7,63,-2
5,4280,-34,168,23,4,57,-8
5,4330,-29,171,29,4,58,-10
5,4380,-37,168,27,8,64,-3
5,4430,-38,170,26,6,64,-3
5,4480,-26,172,28,5,54,-14
5,4530,-33,173,29,10,62,-8
5,4580,-35,172,28,10,63,-7
5,4630,-30,175,31,4,61,-9
5,4680,-34,172,32,12,66,-6
5,4730,-33,171,29,6,62,-6
5,4780,-32,175,32,8,64,-7
5,4830,-38,174,30,6,68,-2
5,4880,-33,177,29,5,62,-8
5,4930,-31,173,32,7,63,-7
5,4980,-37,177,33,10,70,-3
5,5030,-31,187,34,6,65,-10
5,5080,-32,174,33,8,65,-6
5,5130,-30,177,35,8,65,-8
5,5180,-30,174,35,11,65,-8
5,5230,-30,175,36,9,66,-7
5,5280,-29,177,36,8,65,-8
5,5330,-30,174,36,11,66,-7
5,5380,-28,174,37,6,65,-7
5,5430,-23,175,43,11,66,-10
5,5480,-29,172,39,9,68,-5
5,5530,-27,174,40,8,67,-7
5,5580,-25,175,39,9,64,-10
5,5630,-28,172,40,11,68,-6
5,5680,-26,174,40,7,66,-7
5,5730,-24,175,40,8,64,-10
5,5780,-28,172,40,10,68,-6
5,5830,-23,173,44,3,67,-6
5,5880,-27,174,40,11,67,-8
5,5930,-30,172,41,8,71,-2
5,5980,-22,172,45,15,67,-10
5,6030,-22,177,45,13,67,-11
5,6080,-25,171,44,15,69,-7
5,6130,-23,173,48,11,71,-6
5,6180,-28,171,44,11,72,-3
5,6230,-25,174,47,11,72,-5
5,6280,-28,170,46,15,74,-3
5,6330,-22,174,47,13,69,-9
5,6380,-27,172,47,12,74,-3
5,6430,-29,170,47,13,76,0
5,6480,-27,175,46,9,73,-3
5,6530,-18,171,56,11,74,-5
5,6580,-24,169,48,10,72,-3
5,6630,-28,174,44,9,72,-3
5,6680,-22,164,51,9,73,-1
5,6730,-26,169,50,12,76,-1
5,6780,-22,171,49,9,71,-5
5,6830,-19,171,54,4,73,-3
5,6880,-23,169,53,20,76,-4
5,6930,-20,171,49,3,69,-5
5,6980,-18,166,53,3,71,-3
5,7030,-20,166,52,8,72,-3
5,7080,-4,163,63,4,67,-9
5,7130,-21,166,53,4,74,0
5,7180,-14,171,53,4,67,-9
5,7230,-16,166,56,7,72,-4
5,7280,-8,176,59,5,67,-13
5,7330,-15,179,59,9,74,-8
5,7380,-12,165,58,5,70,-6
5,7430,-6,170,64,7,70,-10
5,7480,-11,168,60,10,71,-8
5,7530,-10,167,59,6,69,-8
5,7580,-8,168,64,0,72,-5
5,7630,-8,167,63,7,71,-8
5,7680,-10,168,63,8,73,-6
5,7730,-4,169,67,6,71,-9
5,7780,-9,168,65,11,74,-7
5,7830,-6,169,68,7,74,-7
5,7880,-1,170,72,7,73,-10
5,7930,-2,168,68,9,70,-11
5,7980,-4,168,70,9,74,-8
6,121,-18,28,133,0,46,-7
6,171,-18,32,152,0,50,-11
6,221,-23,33,158,0,56,-7
6,271,-16,43,165,2,59,-11
6,321,-22,43,165,1,65,-4
6,371,-19,48,171,4,67,-7
6,421,-24,49,169,10,73,-3
6,471,-17,51,167,11,68,-8
6,521,-13,54,168,7,67,-9
6,571,-20,49,167,3,69,-4
6,621,-16,50,163,1,66,-5
6,671,-13,54,165,8,67,-8
6,721,-16,53,165,8,69,-6
6,771,-23,51,163,12,74,-1
6,821,-9,59,164,8,68,-9
6,871,-18,54,162,9,72,-3
6,921,-15,54,159,4,69,-3
6,971,-9,59,163,7,68,-8
6,1021,-13,59,161,8,72,-4
6,1071,-14,59,162,6,73,-2
6,1121,-16,61,162,14,77,-2
6,1171,-14,59,158,7,73,-1
6,1221,-5,65,160,7,70,-7
6,1271,-10,64,157,0,74,1
6,1321,-4,68,157,10,72,-6
6,1371,-9,66,159,8,75,-2
6,1421,-6,68,157,13,74,-5
6,1471,-8,67,156,11,75,-3
6,1521,-5,69,156,7,74,-3
6,1571,-1,73,154,3,74,-2
6,1621,2,74,154,4,72,-5
6,1671,-2,73,153,5,75,-2
6,1721,2,76,153,5,74,-4
6,1771,3,78,154,11,75,-6
6,1821,1,77,151,7,76,-2
6,1871,6,81,150,5,75,-3
6,1921,8,82,154,6,74,-6
6,1971,6,82,153,7,76,-4
6,2021,11,86,153,5,75,-6
6,2071,9,86,156,11,77,-7
6,2121,6,86,153,10,80,-3
6,2171,29,91,152,6,62,-21
6,2221,16,88,151,8,72,-10
6,2271,17,91,150,5,74,-8
6,2321,16,94,152,8,78,-6
6,2371,15,95,154,6,80,-5
6,2421,18,95,155,9,77,-9
6,2471,17,98,153,7,81,-5
6,2521,26,103,152,6,77,-10
6,2571,28,104,154,6,76,-12
6,2621,23,103,151,7,80,-7
6,2671,29,109,151,6,80,-8
6,2721,25,107,154,6,82,-7
6,2771,21,106,151,12,85,-4
6,2821,28,111,153,4,83,-6
6,2871,31,112,156,7,81,-10
6,2921,26,109,154,4,83,-6
6,2971,31,112,151,5,81,-8
6,3021,30,115,149,8,85,-5
6,3071,29,118,158,10,89,-6
6,3121,33,120,160,12,87,-10
6,3171,32,119,154,9,87,-7
6,3221,36,122,155,6,86,-8
6,3271,35,123,161,10,88,-10
6,3321,35,125,157,8,90,-6
6,3371,36,127,160,9,91,-7
6,3421,33,126,156,9,93,-4
6,3471,37,130,157,10,93,-6
6,3521,37,131,156,11,94,-5
6,3571,47,140,157,0,93,-6
6,3621,41,134,162,10,93,-9
6,3671,39,135,160,9,96,-5
6,3721,42,137,159,9,95,-6
6,3771,41,141,162,14,100,-5
6,3821,39,140,159,12,101,-2
6,3871,45,142,156,5,97,-4
6,3921,49,142,157,6,93,-8
6,3971,43,143,161,11,100,-5
6,4021,47,147,157,9,100,-4
6,4071,45,150,165,9,105,-3
6,4121,43,147,161,14,104,-3
6,4171,48,150,161,9,102,-4
6,4221,51,155,167,10,104,-6
6,4271,42,154,165,13,112,2
6,4321,51,159,168,11,108,-4
6,4371,47,157,169,9,110,-1
6,4421,51,162,171,12,111,-4
6,4471,53,162,170,25,109,-10
6,4521,55,163,168,12,108,-6
6,4571,54,163,172,14,109,-7
6,4621,50,162,168,12,112,-2
6,4671,54,163,169,9,109,-4
6,4721,56,163,172,8,107,-7
6,4771,45,161,183,14,116,-3
6,4821,53,162,170,7,109,-4
6,4871,62,164,168,6,102,-10
6,4921,53,160,171,8,107,-6
6,4971,58,163,171,6,105,-8
6,5021,53,165,173,8,112,-3
6,5071,53,162,174,12,109,-7
6,5121,55,163,172,10,108,-7
6,5171,61,165,174,9,104,-12
6,5221,56,163,171,9,107,-7
6,5271,63,165,175,6,102,-13
6,5321,59,164,175,13,105,-12
6,5371,61,167,177,7,106,-11
6,5421,55,164,178,13,109,-9
6,5471,51,158,173,6,107,-5
6,5521,60,165,170,10,105,-10
6,5571,55,162,171,12,107,-8
6,5621,60,164,177,8,104,-12
6,5671,58,162,179,9,104,-12
6,5721,53,159,179,8,106,-9
6,5771,54,161,177,11,107,-9
6,5821,54,161,178,12,107,-10
6,5871,52,158,178,9,106,-9
6,5921,55,159,180,6,104,-11
6,5971,55,157,179,9,102,-13
6,6021,53,157,179,9,104,-11
6,6071,53,157,181,6,104,-10
6,6121,46,153,181,14,107,-9
6,6171,47,153,177,11,106,-7
6,6221,48,152,178,10,104,-9
6,6271,52,152,178,10,100,-13
6,6321,42,150,176,8,108,-3
6,6371,47,151,181,11,104,-10
6,6421,39,146,177,14,107,-5
6,6471,40,147,177,11,107,-4
6,6521,42,145,173,11,103,-6
6,6571,52,145,175,6,93,-15
6,6621,40,141,176,10,101,-8
6,6671,40,145,174,7,105,-3
6,6721,38,141,177,9,103,-6
6,6771,32,136,168,13,104,-1
6,6821,36,138,169,8,102,-3
6,6871,43,139,166,5,96,-7
6,6921,38,135,172,6,97,-7
6,6971,35,132,171,7,97,-6
6,7021,35,132,168,5,97,-4
6,7071,33,130,172,8,97,-6
6,7121,29,129,169,11,100,-3
6,7171,38,132,168,5,94,-7
6,7221,32,128,170,10,96,-6
6,7271,30,128,167,11,98,-4
6,7321,36,128,169,3,92,-8
6,7371,28,122,171,6,94,-5
6,7421,31,124,169,8,93,-7
6,7471,28,122,168,9,94,-5
6,7521,32,123,166,7,91,-7
6,7571,29,121,167,7,92,-6
6,7621,28,118,167,5,90,-6
6,7671,30,121,167,5,91,-6
6,7721,24,114,168,8,90,-6
6,7771,27,115,165,8,88,-8
6,7821,29,116,166,7,87,-9
6,7871,27,114,164,7,87,-8
6,7921,29,113,161,4,84,-8
6,7971,29,113,166,5,84,-10
1,111,25,4,133,94,69,-8
1,161,28,2,149,103,75,-9
1,211,27,6,155,108,81,-8
1,261,25,9,162,112,87,-7
1,311,24,10,164,116,92,-4
1,361,27,13,167,119,92,-7
1,411,27,14,170,118,91,-9
1,461,22,14,169,117,95,-5
1,511,23,14,180,116,93,-10
1,561,20,13,167,115,95,-3
1,611,24,15,178,118,94,-9
