cycle,step,capture_step_index,ccr_target,ccr_current,zc_duration_us,delay_target_us,delay_current_us,total_step_us,zc_position_percent,delta_zc_prev_us,delta_zc_same_us,delta_total_prev_us,delta_total_same_us,delta_total_avg_us,raw_sample_count
1,1,1,220,220,578,575,575,1153,50.130,,,,,,22
1,2,2,220,220,604,600,600,1204,50.166,26.000,,51.000,,51.000,24
1,3,3,220,220,580,600,600,1180,49.153,-24.000,,-24.000,,1.500,23
1,4,4,220,220,530,575,575,1105,47.964,-50.000,,-75.000,,-74.000,21
1,5,5,220,220,554,575,575,1129,49.070,24.000,,24.000,,-31.500,22
1,6,6,220,220,554,575,575,1129,49.070,0.000,,0.000,,-25.200,22
2,1,7,220,220,554,575,575,1129,49.070,0.000,-24.000,0.000,-24.000,-21.000,22
2,2,8,220,220,604,600,600,1204,50.166,50.000,0.000,75.000,0.000,58.000,24
2,3,9,220,220,580,600,600,1180,49.153,-24.000,0.000,-24.000,0.000,34.000,23
2,4,10,220,220,530,575,575,1105,47.964,-50.000,0.000,-75.000,0.000,-41.000,21
2,5,11,220,220,554,575,575,1129,49.070,24.000,0.000,24.000,0.000,-17.000,22
2,6,12,220,220,554,575,575,1129,49.070,0.000,0.000,0.000,0.000,-17.000,22
3,1,13,220,220,554,575,575,1129,49.070,0.000,0.000,0.000,0.000,-17.000,22
3,2,14,220,220,604,600,600,1204,50.166,50.000,0.000,75.000,0.000,58.000,24
3,3,15,220,220,530,575,575,1105,47.964,-74.000,-50.000,-99.000,-75.000,-41.000,21
3,4,16,220,220,604,600,600,1204,50.166,74.000,74.000,99.000,99.000,70.500,24
3,5,17,220,220,529,575,575,1104,47.917,-75.000,-25.000,-100.000,-25.000,-46.000,21
3,6,18,220,220,554,575,575,1129,49.070,25.000,0.000,25.000,0.000,-16.833,22
4,1,19,220,220,554,575,575,1129,49.070,0.000,0.000,0.000,0.000,-16.833,22
4,2,20,220,220,604,600,600,1204,50.166,50.000,0.000,75.000,0.000,58.167,24
4,3,21,220,220,580,600,600,1180,49.153,-24.000,50.000,-24.000,75.000,34.167,23
4,4,22,220,220,480,550,550,1030,46.602,-100.000,-124.000,-150.000,-174.000,-128.333,20
4,5,23,220,220,629,600,600,1229,51.180,149.000,100.000,199.000,125.000,99.667,24
4,6,24,220,220,529,575,575,1104,47.917,-100.000,-25.000,-125.000,-25.000,-46.167,21
5,1,25,220,220,553,575,575,1128,49.025,24.000,-1.000,24.000,-1.000,-18.000,22
5,2,26,220,220,604,600,600,1204,50.166,51.000,0.000,76.000,0.000,58.167,24
5,3,27,220,220,580,600,600,1180,49.153,-24.000,0.000,-24.000,0.000,34.167,23
5,4,28,220,220,530,575,575,1105,47.964,-50.000,50.000,-75.000,75.000,-40.833,21
5,5,29,220,220,554,575,575,1129,49.070,24.000,-75.000,24.000,-100.000,-29.333,22
5,6,30,220,220,554,575,575,1129,49.070,0.000,25.000,0.000,25.000,-12.667,22
6,1,31,220,220,554,575,575,1129,49.070,0.000,1.000,0.000,1.000,-16.833,22
6,2,32,220,220,604,600,600,1204,50.166,50.000,0.000,75.000,0.000,58.000,24
6,3,33,220,220,530,600,600,1130,46.903,-74.000,-50.000,-74.000,-50.000,-16.000,23
6,4,34,220,220,530,575,575,1105,47.964,0.000,0.000,-25.000,0.000,-32.667,21
6,5,35,220,220,554,575,575,1129,49.070,24.000,0.000,24.000,0.000,-8.667,22
6,6,36,220,220,554,575,575,1129,49.070,0.000,0.000,0.000,0.000,-8.667,22
7,1,37,220,220,554,575,575,1129,49.070,0.000,0.000,0.000,0.000,-8.667,22
7,2,38,220,220,604,600,600,1204,50.166,50.000,0.000,75.000,0.000,66.333,24
7,3,39,220,220,530,600,600,1130,46.903,-74.000,0.000,-74.000,0.000,-7.667,23
7,4,40,220,220,480,600,600,1080,44.444,-50.000,-50.000,-50.000,-25.000,-57.667,21
7,5,41,220,220,554,575,575,1129,49.070,74.000,0.000,49.000,0.000,-4.500,22
7,6,42,220,220,554,575,575,1129,49.070,0.000,0.000,0.000,0.000,-4.500,22
8,1,43,220,220,554,575,575,1129,49.070,0.000,0.000,0.000,0.000,-4.500,22
8,2,44,220,220,604,600,600,1204,50.166,50.000,0.000,75.000,0.000,70.500,24
8,3,45,220,220,580,600,600,1180,49.153,-24.000,50.000,-24.000,50.000,46.500,23
8,4,46,220,220,530,575,575,1105,47.964,-50.000,50.000,-75.000,25.000,-36.833,21
8,5,47,220,220,554,575,575,1129,49.070,24.000,0.000,24.000,0.000,-17.000,22
8,6,48,220,220,554,575,575,1129,49.070,0.000,0.000,0.000,0.000,-17.000,22
9,1,49,220,220,554,575,575,1129,49.070,0.000,0.000,0.000,0.000,-17.000,22
9,2,50,220,220,604,600,600,1204,50.166,50.000,0.000,75.000,0.000,58.000,24
9,3,51,220,220,580,600,600,1180,49.153,-24.000,0.000,-24.000,0.000,34.000,23
9,4,52,220,220,530,575,575,1105,47.964,-50.000,0.000,-75.000,0.000,-41.000,21
9,5,53,220,220,554,575,575,1129,49.070,24.000,0.000,24.000,0.000,-17.000,22
9,6,54,220,220,554,575,575,1129,49.070,0.000,0.000,0.000,0.000,-17.000,22
10,1,55,220,220,604,600,600,1204,50.166,50.000,50.000,75.000,75.000,58.000,24
10,2,56,220,220,529,575,575,1104,47.917,-75.000,-75.000,-100.000,-100.000,-54.500,21
10,3,57,220,220,604,600,600,1204,50.166,75.000,24.000,100.000,24.000,62.167,24
10,4,58,220,220,530,575,575,1105,47.964,-74.000,0.000,-99.000,0.000,-40.833,21
10,5,59,220,220,554,575,575,1129,49.070,24.000,0.000,24.000,0.000,-16.833,22
10,6,60,220,220,554,575,575,1129,49.070,0.000,0.000,0.000,0.000,-16.833,22
11,1,61,220,220,554,575,575,1129,49.070,0.000,-50.000,0.000,-75.000,-16.833,22
11,2,62,220,220,654,625,625,1279,51.134,100.000,125.000,150.000,175.000,145.667,25
11,3,63,220,220,504,575,575,1079,46.710,-150.000,-100.000,-200.000,-125.000,-83.500,21
11,4,64,220,220,554,575,575,1129,49.070,50.000,24.000,50.000,24.000,-12.667,22
11,5,65,220,220,604,600,600,1204,50.166,50.000,50.000,75.000,75.000,58.333,24
11,6,66,220,220,480,550,550,1030,46.602,-124.000,-74.000,-174.000,-99.000,-128.167,20
12,1,67,220,220,628,600,600,1228,51.140,148.000,74.000,198.000,99.000,86.333,24
12,2,68,220,220,579,600,600,1179,49.109,-49.000,-75.000,-49.000,-100.000,20.833,23
12,3,69,220,220,580,600,600,1180,49.153,1.000,76.000,1.000,101.000,38.500,23
12,4,70,220,220,530,575,575,1105,47.964,-50.000,-24.000,-75.000,-24.000,-53.333,21
12,5,71,220,220,554,575,575,1129,49.070,24.000,-50.000,24.000,-75.000,-25.333,22
12,6,72,220,220,504,575,575,1079,46.710,-50.000,24.000,-50.000,49.000,-62.833,22
13,1,73,220,220,554,575,575,1129,49.070,50.000,-74.000,50.000,-99.000,-21.000,22
13,2,74,220,220,604,600,600,1204,50.166,50.000,25.000,75.000,25.000,70.500,24
13,3,75,220,220,580,600,600,1180,49.153,-24.000,0.000,-24.000,0.000,42.333,23
13,4,76,220,220,530,575,575,1105,47.964,-50.000,0.000,-75.000,0.000,-32.667,21
13,5,77,220,220,554,575,575,1129,49.070,24.000,0.000,24.000,0.000,-8.667,24
13,6,78,220,220,479,550,550,1029,46.550,-75.000,-25.000,-100.000,-50.000,-108.667,20
14,1,79,220,220,628,600,600,1228,51.140,149.000,74.000,199.000,99.000,98.667,24
14,2,80,220,220,579,600,600,1179,49.109,-49.000,-25.000,-49.000,-25.000,33.167,23
14,3,81,220,220,530,575,575,1105,47.964,-49.000,-50.000,-74.000,-75.000,-36.667,21
14,4,82,220,220,554,575,575,1129,49.070,24.000,24.000,24.000,24.000,-0.167,22
14,5,83,220,220,604,600,600,1204,50.166,50.000,50.000,75.000,75.000,70.833,24
14,6,84,220,220,479,550,550,1029,46.550,-125.000,0.000,-175.000,0.000,-116.667,20
15,1,85,220,220,628,600,600,1228,51.140,149.000,0.000,199.000,0.000,82.333,24
15,2,86,220,220,579,600,600,1179,49.109,-49.000,0.000,-49.000,0.000,33.333,23
15,3,87,220,220,530,600,600,1130,46.903,-49.000,0.000,-49.000,25.000,-15.667,23
15,4,88,220,220,530,575,575,1105,47.964,0.000,-24.000,-25.000,-24.000,-44.833,21
15,5,89,220,220,504,575,575,1079,46.710,-26.000,-100.000,-26.000,-125.000,-66.833,22
15,6,90,220,220,554,575,575,1129,49.070,50.000,75.000,50.000,100.000,4.000,22
16,1,91,220,220,554,575,575,1129,49.070,0.000,-74.000,0.000,-99.000,-12.667,22
16,2,92,220,220,554,575,575,1129,49.070,0.000,-25.000,0.000,-50.000,3.833,24
16,3,93,220,220,530,575,575,1105,47.964,-24.000,0.000,-24.000,-25.000,-11.833,21
16,4,94,220,220,604,600,600,1204,50.166,74.000,74.000,99.000,99.000,91.333,24
16,5,95,220,220,479,600,600,1079,44.393,-125.000,-25.000,-125.000,0.000,-50.167,21
16,6,96,220,220,504,550,550,1054,47.818,25.000,-50.000,-25.000,-75.000,-75.167,21
17,1,97,220,220,629,600,600,1229,51.180,125.000,75.000,175.000,100.000,112.333,24
17,2,98,220,220,529,600,600,1129,46.856,-100.000,-25.000,-100.000,0.000,-4.333,23
17,3,99,220,220,530,575,575,1105,47.964,1.000,0.000,-24.000,0.000,-28.333,21
17,4,100,220,220,554,575,575,1129,49.070,24.000,-50.000,24.000,-75.000,-4.333,22
17,5,101,220,220,554,575,575,1129,49.070,0.000,75.000,0.000,50.000,8.167,24
17,6,102,220,220,479,550,550,1029,46.550,-75.000,-25.000,-100.000,-25.000,-100.167,20
18,1,103,220,220,578,575,575,1153,50.130,99.000,-51.000,124.000,-76.000,28.000,22
18,2,104,220,220,654,625,625,1279,51.134,76.000,125.000,126.000,150.000,166.667,25
18,3,105,220,220,504,575,575,1079,46.710,-150.000,-26.000,-200.000,-26.000,-58.333,21
18,4,106,220,220,554,575,575,1129,49.070,50.000,0.000,50.000,0.000,-4.000,22
18,5,107,220,220,554,575,575,1129,49.070,0.000,0.000,0.000,0.000,-4.000,22
18,6,108,220,220,554,575,575,1129,49.070,0.000,75.000,0.000,100.000,-4.000,22
19,1,109,220,220,554,575,575,1129,49.070,0.000,-24.000,0.000,-24.000,-20.667,24
19,2,110,220,220,529,575,575,1104,47.917,-25.000,-125.000,-25.000,-175.000,-41.667,21
19,3,111,220,220,604,600,600,1204,50.166,75.000,100.000,100.000,125.000,87.500,24
19,4,112,220,220,530,575,575,1105,47.964,-74.000,-24.000,-99.000,-24.000,-32.333,21
19,5,113,220,220,554,575,575,1129,49.070,24.000,0.000,24.000,0.000,-4.333,22
19,6,114,220,220,554,575,575,1129,49.070,0.000,0.000,0.000,0.000,-4.333,22
20,1,115,220,220,604,600,600,1204,50.166,50.000,50.000,75.000,75.000,70.667,24
20,2,116,220,220,579,600,600,1179,49.109,-25.000,50.000,-25.000,75.000,33.167,23
20,3,117,220,220,530,575,575,1105,47.964,-49.000,-74.000,-74.000,-99.000,-53.333,21
20,4,118,220,220,604,600,600,1204,50.166,74.000,74.000,99.000,99.000,62.167,24
20,5,119,220,220,529,575,575,1104,47.917,-75.000,-25.000,-100.000,-25.000,-54.333,21
20,6,120,220,220,504,550,550,1054,47.818,-25.000,-50.000,-50.000,-75.000,-100.167,21
21,1,121,220,220,629,600,600,1229,51.180,125.000,25.000,175.000,25.000,87.333,24
21,2,122,220,220,579,600,600,1179,49.109,-50.000,0.000,-50.000,0.000,33.167,23
21,3,123,220,220,530,575,575,1105,47.964,-49.000,0.000,-74.000,0.000,-40.833,21
21,4,124,220,220,554,575,575,1129,49.070,24.000,-50.000,24.000,-75.000,-16.833,22
21,5,125,220,220,604,600,600,1204,50.166,50.000,75.000,75.000,100.000,70.667,24
21,6,126,220,220,479,550,550,1029,46.550,-125.000,-25.000,-175.000,-25.000,-121.000,20
22,1,127,220,220,578,550,550,1128,51.241,99.000,-51.000,99.000,-101.000,-17.833,24
22,2,128,220,220,579,600,600,1179,49.109,1.000,0.000,51.000,0.000,50.000,23
22,3,129,220,220,530,600,600,1130,46.903,-49.000,0.000,-49.000,25.000,1.000,23
22,4,130,220,220,480,550,550,1030,46.602,-50.000,-74.000,-100.000,-99.000,-103.167,20
22,5,131,220,220,579,575,575,1154,50.173,99.000,-25.000,124.000,-50.000,37.333,22
22,6,132,220,220,554,575,575,1129,49.070,-25.000,75.000,-25.000,100.000,20.667,24
23,1,133,220,220,479,600,600,1079,44.393,-75.000,-99.000,-50.000,-49.000,-46.000,21
23,2,134,220,220,554,575,575,1129,49.070,75.000,-25.000,50.000,-50.000,12.167,22
23,3,135,220,220,605,600,600,1205,50.207,51.000,75.000,76.000,75.000,96.500,24
23,4,136,220,220,530,575,575,1105,47.964,-75.000,50.000,-100.000,75.000,-16.000,21
23,5,137,220,220,554,575,575,1129,49.070,24.000,-25.000,24.000,-25.000,-4.500,22
23,6,138,220,220,504,550,550,1054,47.818,-50.000,-50.000,-75.000,-75.000,-75.333,21
24,1,139,220,220,629,600,600,1229,51.180,125.000,150.000,175.000,150.000,112.167,24
24,2,140,220,220,579,600,600,1179,49.109,-50.000,25.000,-50.000,50.000,37.167,23
24,3,141,220,220,530,575,575,1105,47.964,-49.000,-75.000,-74.000,-100.000,-45.167,21
24,4,142,220,220,604,600,600,1204,50.166,74.000,74.000,99.000,99.000,70.500,24
24,5,143,220,220,529,575,575,1104,47.917,-75.000,-25.000,-100.000,-25.000,-46.000,21
24,6,144,220,220,554,575,575,1129,49.070,25.000,50.000,25.000,75.000,-16.833,22
25,1,145,220,220,554,575,575,1129,49.070,0.000,-75.000,0.000,-100.000,-29.333,22
25,2,146,220,220,604,600,600,1204,50.166,50.000,25.000,75.000,25.000,62.333,24
25,3,147,220,220,530,575,575,1105,47.964,-74.000,0.000,-99.000,0.000,-40.833,21
25,4,148,220,220,554,575,575,1129,49.070,24.000,-50.000,24.000,-75.000,-16.833,22
25,5,149,220,220,554,575,575,1129,49.070,0.000,25.000,0.000,25.000,-4.333,24
25,6,150,220,220,479,550,550,1029,46.550,-75.000,-75.000,-100.000,-100.000,-108.500,20
26,1,151,220,220,578,550,550,1128,51.241,99.000,24.000,99.000,-1.000,7.167,24
26,2,152,220,220,529,575,575,1104,47.917,-49.000,-75.000,-24.000,-100.000,-16.667,21
26,3,153,220,220,604,600,600,1204,50.166,75.000,74.000,100.000,99.000,100.000,24
26,4,154,220,220,530,575,575,1105,47.964,-74.000,-24.000,-99.000,-24.000,-15.500,21
26,5,155,220,220,554,575,575,1129,49.070,24.000,0.000,24.000,0.000,12.500,22
26,6,156,220,220,554,575,575,1129,49.070,0.000,75.000,0.000,100.000,12.500,22
27,1,157,220,220,604,600,600,1204,50.166,50.000,26.000,75.000,76.000,70.833,24
27,2,158,220,220,529,600,600,1129,46.856,-75.000,0.000,-75.000,25.000,-16.833,23
27,3,159,220,220,530,575,575,1105,47.964,1.000,-74.000,-24.000,-99.000,-45.000,21
27,4,160,220,220,554,575,575,1129,49.070,24.000,24.000,24.000,24.000,-4.500,22
27,5,161,220,220,554,575,575,1129,49.070,0.000,0.000,0.000,0.000,-8.500,22
27,6,162,220,220,554,575,575,1129,49.070,0.000,0.000,0.000,0.000,-8.500,22
28,1,163,220,220,554,575,575,1129,49.070,0.000,-50.000,0.000,-75.000,-8.500,24
28,2,164,220,220,579,600,600,1179,49.109,25.000,50.000,50.000,50.000,54.000,23
28,3,165,220,220,530,575,575,1105,47.964,-49.000,0.000,-74.000,0.000,-28.333,21
28,4,166,220,220,554,575,575,1129,49.070,24.000,0.000,24.000,0.000,-4.333,22
28,5,167,220,220,604,600,600,1204,50.166,50.000,50.000,75.000,75.000,70.667,24
28,6,168,220,220,479,550,550,1029,46.550,-125.000,-75.000,-175.000,-100.000,-116.833,20
29,1,169,220,220,578,575,575,1153,50.130,99.000,24.000,124.000,24.000,23.833,22
29,2,170,220,220,604,575,575,1179,51.230,26.000,25.000,26.000,0.000,45.833,25
29,3,171,220,220,504,575,575,1079,46.710,-100.000,-26.000,-100.000,-26.000,-54.167,21
29,4,172,220,220,554,575,575,1129,49.070,50.000,0.000,50.000,0.000,0.167,22
29,5,173,220,220,554,575,575,1129,49.070,0.000,-50.000,0.000,-75.000,0.167,22
29,6,174,220,220,554,575,575,1129,49.070,0.000,75.000,0.000,100.000,12.667,22
30,1,175,220,220,554,575,575,1129,49.070,0.000,-24.000,0.000,-24.000,-4.000,24
30,2,176,220,220,529,575,575,1104,47.917,-25.000,-75.000,-25.000,-75.000,-25.000,21
30,3,177,220,220,604,600,600,1204,50.166,75.000,100.000,100.000,125.000,87.500,24
30,4,178,220,220,530,575,575,1105,47.964,-74.000,-24.000,-99.000,-24.000,-32.333,21
30,5,179,220,220,554,575,575,1129,49.070,24.000,0.000,24.000,0.000,-4.333,24
30,6,180,220,220,479,550,550,1029,46.550,-75.000,-75.000,-100.000,-100.000,-104.333,20
31,1,181,220,220,628,600,600,1228,51.140,149.000,74.000,199.000,99.000,111.333,24
31,2,182,220,220,579,600,600,1179,49.109,-49.000,50.000,-49.000,75.000,45.833,23
31,3,183,220,220,530,575,575,1105,47.964,-49.000,-74.000,-74.000,-99.000,-40.667,21
31,4,184,220,220,554,575,575,1129,49.070,24.000,24.000,24.000,24.000,-0.167,22
31,5,185,220,220,554,575,575,1129,49.070,0.000,0.000,0.000,0.000,-4.167,24
31,6,186,220,220,479,550,550,1029,46.550,-75.000,0.000,-100.000,0.000,-104.167,20
32,1,187,220,220,578,575,575,1153,50.130,99.000,-50.000,124.000,-75.000,19.833,22
32,2,188,220,220,654,625,625,1279,51.134,76.000,75.000,126.000,100.000,158.333,25
32,3,189,220,220,504,575,575,1079,46.710,-150.000,-26.000,-200.000,-26.000,-58.333,21
32,4,190,220,220,554,575,575,1129,49.070,50.000,0.000,50.000,0.000,-4.000,22
32,5,191,220,220,604,600,600,1204,50.166,50.000,50.000,75.000,75.000,71.000,24
32,6,192,220,220,479,550,550,1029,46.550,-125.000,0.000,-175.000,0.000,-116.500,20
33,1,193,220,220,628,600,600,1228,51.140,149.000,50.000,199.000,75.000,82.500,24
33,2,194,220,220,579,600,600,1179,49.109,-49.000,-75.000,-49.000,-100.000,21.000,23
33,3,195,220,220,580,600,600,1180,49.153,1.000,76.000,1.000,101.000,38.667,23
33,4,196,220,220,480,600,600,1080,44.444,-100.000,-74.000,-100.000,-49.000,-78.167,21
33,5,197,220,220,554,575,575,1129,49.070,74.000,-50.000,49.000,-75.000,-21.000,22
33,6,198,220,220,504,550,550,1054,47.818,-50.000,25.000,-75.000,25.000,-83.500,21
34,1,199,220,220,629,600,600,1229,51.180,125.000,1.000,175.000,1.000,87.333,24
34,2,200,220,220,579,600,600,1179,49.109,-50.000,0.000,-50.000,0.000,37.167,23
34,3,201,220,220,530,600,600,1130,46.903,-49.000,-50.000,-49.000,-50.000,-11.833,23
34,4,202,220,220,530,575,575,1105,47.964,0.000,50.000,-25.000,25.000,-28.500,21
34,5,203,220,220,554,575,575,1129,49.070,24.000,0.000,24.000,0.000,-8.667,22
34,6,204,220,220,554,575,575,1129,49.070,0.000,50.000,0.000,75.000,-8.667,22
35,1,205,220,220,554,575,575,1129,49.070,0.000,-75.000,0.000,-100.000,-21.167,22
35,2,206,220,220,604,600,600,1204,50.166,50.000,25.000,75.000,25.000,70.500,24
35,3,207,220,220,580,600,600,1180,49.153,-24.000,50.000,-24.000,50.000,42.333,23
35,4,208,220,220,530,575,575,1105,47.964,-50.000,0.000,-75.000,0.000,-41.000,21
35,5,209,220,220,554,575,575,1129,49.070,24.000,0.000,24.000,0.000,-17.000,22
35,6,210,220,220,554,575,575,1129,49.070,0.000,0.000,0.000,0.000,-17.000,22
36,1,211,220,220,554,575,575,1129,49.070,0.000,0.000,0.000,0.000,-17.000,22
36,2,212,220,220,604,600,600,1204,50.166,50.000,0.000,75.000,0.000,58.000,24
36,3,213,220,220,580,600,600,1180,49.153,-24.000,0.000,-24.000,0.000,34.000,23
36,4,214,220,220,530,575,575,1105,47.964,-50.000,0.000,-75.000,0.000,-41.000,21
36,5,215,220,220,554,575,575,1129,49.070,24.000,0.000,24.000,0.000,-17.000,22
36,6,216,220,220,554,575,575,1129,49.070,0.000,0.000,0.000,0.000,-17.000,22
37,1,217,220,220,554,575,575,1129,49.070,0.000,0.000,0.000,0.000,-17.000,22
37,2,218,220,220,604,600,600,1204,50.166,50.000,0.000,75.000,0.000,58.000,24
37,3,219,220,220,580,600,600,1180,49.153,-24.000,0.000,-24.000,0.000,34.000,23
37,4,220,220,220,530,575,575,1105,47.964,-50.000,0.000,-75.000,0.000,-41.000,21
37,5,221,220,220,554,575,575,1129,49.070,24.000,0.000,24.000,0.000,-17.000,22
37,6,222,220,220,554,575,575,1129,49.070,0.000,0.000,0.000,0.000,-17.000,22
38,1,223,220,220,604,600,600,1204,50.166,50.000,50.000,75.000,75.000,58.000,24
38,2,224,220,220,529,575,575,1104,47.917,-75.000,-75.000,-100.000,-100.000,-54.500,21
38,3,225,220,220,604,600,600,1204,50.166,75.000,24.000,100.000,24.000,62.167,24
38,4,226,220,220,530,575,575,1105,47.964,-74.000,0.000,-99.000,0.000,-40.833,21
38,5,227,220,220,554,575,575,1129,49.070,24.000,0.000,24.000,0.000,-16.833,24
38,6,228,220,220,479,550,550,1029,46.550,-75.000,-75.000,-100.000,-100.000,-116.833,20
39,1,229,220,220,578,575,575,1153,50.130,99.000,-26.000,124.000,-51.000,23.833,22
39,2,230,220,220,654,625,625,1279,51.134,76.000,125.000,126.000,175.000,158.333,25
39,3,231,220,220,504,575,575,1079,46.710,-150.000,-100.000,-200.000,-125.000,-70.833,21
39,4,232,220,220,554,575,575,1129,49.070,50.000,24.000,50.000,24.000,0.000,22
39,5,233,220,220,604,600,600,1204,50.166,50.000,50.000,75.000,75.000,71.000,24
39,6,234,220,220,529,575,575,1104,47.917,-75.000,50.000,-100.000,75.000,-41.500,21
40,1,235,220,220,554,575,575,1129,49.070,25.000,-24.000,25.000,-24.000,-29.000,22
40,2,236,220,220,604,600,600,1204,50.166,50.000,-50.000,75.000,-75.000,50.000,24
40,3,237,220,220,530,600,600,1130,46.903,-74.000,26.000,-74.000,51.000,-11.500,23
40,4,238,220,220,530,575,575,1105,47.964,0.000,-24.000,-25.000,-24.000,-45.000,21
40,5,239,220,220,554,575,575,1129,49.070,24.000,-50.000,24.000,-75.000,-17.000,22
40,6,240,220,220,554,575,575,1129,49.070,0.000,25.000,0.000,25.000,-4.500,22
41,1,241,220,220,554,575,575,1129,49.070,0.000,0.000,0.000,0.000,-8.667,22
41,2,242,220,220,604,600,600,1204,50.166,50.000,0.000,75.000,0.000,66.333,24
41,3,243,220,220,580,600,600,1180,49.153,-24.000,50.000,-24.000,50.000,42.333,23
41,4,244,220,220,530,575,575,1105,47.964,-50.000,0.000,-75.000,0.000,-41.000,21
41,5,245,220,220,554,575,575,1129,49.070,24.000,0.000,24.000,0.000,-17.000,22
41,6,246,220,220,554,575,575,1129,49.070,0.000,0.000,0.000,0.000,-17.000,22
42,1,247,220,220,554,575,575,1129,49.070,0.000,0.000,0.000,0.000,-17.000,24
42,2,248,220,220,529,600,600,1129,46.856,-25.000,-75.000,0.000,-75.000,-17.000,23
42,3,249,220,220,530,575,575,1105,47.964,1.000,-50.000,-24.000,-75.000,-28.500,21
42,4,250,220,220,554,575,575,1129,49.070,24.000,24.000,24.000,24.000,8.000,22
42,5,251,220,220,604,600,600,1204,50.166,50.000,50.000,75.000,75.000,79.000,24
42,6,252,220,220,479,600,600,1079,44.393,-125.000,-75.000,-125.000,-50.000,-58.500,21
43,1,253,220,220,554,575,575,1129,49.070,75.000,0.000,50.000,0.000,-0.167,22
43,2,254,220,220,604,600,600,1204,50.166,50.000,75.000,75.000,75.000,74.833,24
43,3,255,220,220,580,600,600,1180,49.153,-24.000,50.000,-24.000,75.000,38.333,23
43,4,256,220,220,530,575,575,1105,47.964,-50.000,-24.000,-75.000,-24.000,-49.167,21
43,5,257,220,220,554,575,575,1129,49.070,24.000,-50.000,24.000,-75.000,-21.167,22
43,6,258,220,220,554,575,575,1129,49.070,0.000,75.000,0.000,50.000,-8.667,22
44,1,259,220,220,554,575,575,1129,49.070,0.000,0.000,0.000,0.000,-17.000,22
44,2,260,220,220,604,600,600,1204,50.166,50.000,0.000,75.000,0.000,58.000,24
44,3,261,220,220,580,600,600,1180,49.153,-24.000,0.000,-24.000,0.000,34.000,23
44,4,262,220,220,530,575,575,1105,47.964,-50.000,0.000,-75.000,0.000,-41.000,21
44,5,263,220,220,554,575,575,1129,49.070,24.000,0.000,24.000,0.000,-17.000,22
44,6,264,220,220,554,575,575,1129,49.070,0.000,0.000,0.000,0.000,-17.000,22
45,1,265,220,220,604,600,600,1204,50.166,50.000,50.000,75.000,75.000,58.000,24
45,2,266,220,220,529,600,600,1129,46.856,-75.000,-75.000,-75.000,-75.000,-29.500,23
45,3,267,220,220,530,575,575,1105,47.964,1.000,-50.000,-24.000,-75.000,-41.000,21
45,4,268,220,220,554,575,575,1129,49.070,24.000,24.000,24.000,24.000,-4.500,22
45,5,269,220,220,604,600,600,1204,50.166,50.000,50.000,75.000,75.000,66.500,24
45,6,270,220,220,479,550,550,1029,46.550,-125.000,-75.000,-175.000,-100.000,-121.000,20
46,1,271,220,220,629,600,600,1229,51.180,150.000,25.000,200.000,25.000,95.667,24
46,2,272,220,220,579,600,600,1179,49.109,-50.000,50.000,-50.000,50.000,41.500,23
46,3,273,220,220,530,600,600,1130,46.903,-49.000,0.000,-49.000,25.000,-15.833,23
46,4,274,220,220,480,550,550,1030,46.602,-50.000,-74.000,-100.000,-99.000,-120.000,20
46,5,275,220,220,579,550,550,1129,51.284,99.000,-25.000,99.000,-75.000,-4.500,24
46,6,276,220,220,529,575,575,1104,47.917,-50.000,50.000,-25.000,75.000,-17.000,21
47,1,277,220,220,553,575,575,1128,49.025,24.000,-76.000,24.000,-101.000,-5.500,22
47,2,278,220,220,604,600,600,1204,50.166,51.000,25.000,76.000,25.000,87.333,24
47,3,279,220,220,580,600,600,1180,49.153,-24.000,50.000,-24.000,50.000,59.167,23
47,4,280,220,220,530,575,575,1105,47.964,-50.000,50.000,-75.000,75.000,-24.167,21
47,5,281,220,220,504,575,575,1079,46.710,-26.000,-75.000,-26.000,-50.000,-62.667,22
47,6,282,220,220,554,575,575,1129,49.070,50.000,25.000,50.000,25.000,-4.333,22
48,1,283,220,220,554,575,575,1129,49.070,0.000,1.000,0.000,1.000,-8.500,22
48,2,284,220,220,604,600,600,1204,50.166,50.000,0.000,75.000,0.000,66.333,24
48,3,285,220,220,580,600,600,1180,49.153,-24.000,0.000,-24.000,0.000,42.333,23
48,4,286,220,220,530,575,575,1105,47.964,-50.000,0.000,-75.000,0.000,-32.667,21
48,5,287,220,220,554,575,575,1129,49.070,24.000,50.000,24.000,50.000,-8.667,22
48,6,288,220,220,554,575,575,1129,49.070,0.000,0.000,0.000,0.000,-17.000,22
49,1,289,220,220,604,600,600,1204,50.166,50.000,50.000,75.000,75.000,58.000,24
49,2,290,220,220,579,600,600,1179,49.109,-25.000,-25.000,-25.000,-25.000,20.500,23
49,3,291,220,220,530,600,600,1130,46.903,-49.000,-50.000,-49.000,-50.000,-24.333,23
49,4,292,220,220,480,550,550,1030,46.602,-50.000,-50.000,-100.000,-75.000,-116.000,20
49,5,293,220,220,629,600,600,1229,51.180,149.000,75.000,199.000,100.000,95.500,24
49,6,294,220,220,529,575,575,1104,47.917,-100.000,-25.000,-125.000,-25.000,-46.167,21
50,1,295,220,220,553,575,575,1128,49.025,24.000,-51.000,24.000,-76.000,-18.000,22
50,2,296,220,220,604,600,600,1204,50.166,51.000,25.000,76.000,25.000,70.667,24
50,3,297,220,220,580,600,600,1180,49.153,-24.000,50.000,-24.000,50.000,42.500,23
50,4,298,220,220,480,600,600,1080,44.444,-100.000,0.000,-100.000,50.000,-65.833,21
50,5,299,220,220,554,575,575,1129,49.070,74.000,-75.000,49.000,-100.000,-25.167,22
50,6,300,220,220,554,575,575,1129,49.070,0.000,25.000,0.000,25.000,-8.500,22
51,1,301,220,220,554,575,575,1129,49.070,0.000,1.000,0.000,1.000,-12.667,22
51,2,302,220,220,604,600,600,1204,50.166,50.000,0.000,75.000,0.000,62.167,24
51,3,303,220,220,580,600,600,1180,49.153,-24.000,0.000,-24.000,0.000,38.167,23
51,4,304,220,220,530,575,575,1105,47.964,-50.000,50.000,-75.000,25.000,-36.833,21
51,5,305,220,220,554,575,575,1129,49.070,24.000,0.000,24.000,0.000,-17.000,22
51,6,306,220,220,554,575,575,1129,49.070,0.000,0.000,0.000,0.000,-17.000,22
52,1,307,220,220,554,575,575,1129,49.070,0.000,0.000,0.000,0.000,-17.000,22
52,2,308,220,220,604,600,600,1204,50.166,50.000,0.000,75.000,0.000,58.000,24
52,3,309,220,220,530,575,575,1105,47.964,-74.000,-50.000,-99.000,-75.000,-41.000,21
52,4,310,220,220,604,600,600,1204,50.166,74.000,74.000,99.000,99.000,70.500,24
52,5,311,220,220,479,600,600,1079,44.393,-125.000,-75.000,-125.000,-50.000,-71.000,21
52,6,312,220,220,554,575,575,1129,49.070,75.000,0.000,50.000,0.000,-12.667,22
53,1,313,220,220,554,575,575,1129,49.070,0.000,0.000,0.000,0.000,-12.667,22
53,2,314,220,220,604,600,600,1204,50.166,50.000,0.000,75.000,0.000,62.333,24
53,3,315,220,220,580,600,600,1180,49.153,-24.000,50.000,-24.000,75.000,38.333,23
53,4,316,220,220,530,575,575,1105,47.964,-50.000,-74.000,-75.000,-99.000,-49.167,21
53,5,317,220,220,554,575,575,1129,49.070,24.000,75.000,24.000,50.000,-8.667,22
53,6,318,220,220,554,575,575,1129,49.070,0.000,0.000,0.000,0.000,-17.000,22
54,1,319,220,220,554,575,575,1129,49.070,0.000,0.000,0.000,0.000,-17.000,22
54,2,320,220,220,604,600,600,1204,50.166,50.000,0.000,75.000,0.000,58.000,24
54,3,321,220,220,580,600,600,1180,49.153,-24.000,0.000,-24.000,0.000,34.000,23
54,4,322,220,220,530,575,575,1105,47.964,-50.000,0.000,-75.000,0.000,-41.000,21
54,5,323,220,220,554,575,575,1129,49.070,24.000,0.000,24.000,0.000,-17.000,22
54,6,324,220,220,554,575,575,1129,49.070,0.000,0.000,0.000,0.000,-17.000,22
55,1,325,220,220,554,575,575,1129,49.070,0.000,0.000,0.000,0.000,-17.000,24
55,2,326,220,220,529,575,575,1104,47.917,-25.000,-75.000,-25.000,-100.000,-42.000,21
55,3,327,220,220,604,600,600,1204,50.166,75.000,24.000,100.000,24.000,74.667,24
55,4,328,220,220,530,600,600,1130,46.903,-74.000,0.000,-74.000,25.000,-3.333,23
55,5,329,220,220,479,600,600,1079,44.393,-51.000,-75.000,-51.000,-50.000,-58.500,21
55,6,330,220,220,504,550,550,1054,47.818,25.000,-50.000,-25.000,-75.000,-75.167,21
56,1,331,220,220,629,600,600,1229,51.180,125.000,75.000,175.000,100.000,112.333,24
56,2,332,220,220,579,600,600,1179,49.109,-50.000,50.000,-50.000,75.000,45.667,23
56,3,333,220,220,530,575,575,1105,47.964,-49.000,-74.000,-74.000,-99.000,-40.833,21
56,4,334,220,220,554,575,575,1129,49.070,24.000,24.000,24.000,-1.000,-0.333,22
56,5,335,220,220,604,600,600,1204,50.166,50.000,125.000,75.000,125.000,74.833,24
56,6,336,220,220,529,575,575,1104,47.917,-75.000,25.000,-100.000,50.000,-46.000,21
57,1,337,220,220,554,575,575,1129,49.070,25.000,-75.000,25.000,-100.000,-29.333,22
57,2,338,220,220,604,600,600,1204,50.166,50.000,25.000,75.000,25.000,62.333,24
57,3,339,220,220,580,600,600,1180,49.153,-24.000,50.000,-24.000,75.000,34.167,23
57,4,340,220,220,480,600,600,1080,44.444,-100.000,-74.000,-100.000,-49.000,-78.333,21
57,5,341,220,220,554,575,575,1129,49.070,74.000,-50.000,49.000,-75.000,-21.167,22
57,6,342,220,220,554,575,575,1129,49.070,0.000,25.000,0.000,25.000,-8.667,22
58,1,343,220,220,554,575,575,1129,49.070,0.000,0.000,0.000,0.000,-12.833,22
58,2,344,220,220,604,600,600,1204,50.166,50.000,0.000,75.000,0.000,62.167,24
58,3,345,220,220,580,600,600,1180,49.153,-24.000,0.000,-24.000,0.000,38.167,23
58,4,346,220,220,530,575,575,1105,47.964,-50.000,50.000,-75.000,25.000,-36.833,21
58,5,347,220,220,554,575,575,1129,49.070,24.000,0.000,24.000,0.000,-17.000,22
58,6,348,220,220,554,575,575,1129,49.070,0.000,0.000,0.000,0.000,-17.000,22
59,1,349,220,220,554,575,575,1129,49.070,0.000,0.000,0.000,0.000,-17.000,22
59,2,350,220,220,604,600,600,1204,50.166,50.000,0.000,75.000,0.000,58.000,24
59,3,351,220,220,530,600,600,1130,46.903,-74.000,-50.000,-74.000,-50.000,-16.000,23
59,4,352,220,220,530,575,575,1105,47.964,0.000,0.000,-25.000,0.000,-32.667,21
59,5,353,220,220,554,575,575,1129,49.070,24.000,0.000,24.000,0.000,-8.667,22
59,6,354,220,220,554,575,575,1129,49.070,0.000,0.000,0.000,0.000,-8.667,22
60,1,355,220,220,554,575,575,1129,49.070,0.000,0.000,0.000,0.000,-8.667,22
60,2,356,220,220,604,600,600,1204,50.166,50.000,0.000,75.000,0.000,66.333,24
60,3,357,220,220,580,600,600,1180,49.153,-24.000,50.000,-24.000,50.000,42.333,23
60,4,358,220,220,530,575,575,1105,47.964,-50.000,0.000,-75.000,0.000,-41.000,21
60,5,359,220,220,554,575,575,1129,49.070,24.000,0.000,24.000,0.000,-17.000,22
60,6,360,220,220,554,575,575,1129,49.070,0.000,0.000,0.000,0.000,-17.000,22
61,1,361,220,220,554,575,575,1129,49.070,0.000,0.000,0.000,0.000,-17.000,24
61,2,362,220,220,529,575,575,1104,47.917,-25.000,-75.000,-25.000,-100.000,-42.000,21
61,3,363,220,220,604,600,600,1204,50.166,75.000,24.000,100.000,24.000,74.667,24
61,4,364,220,220,530,575,575,1105,47.964,-74.000,0.000,-99.000,0.000,-28.333,21
61,5,365,220,220,554,575,575,1129,49.070,24.000,0.000,24.000,0.000,-4.333,22
61,6,366,220,220,554,575,575,1129,49.070,0.000,0.000,0.000,0.000,-4.333,22
62,1,367,220,220,604,600,600,1204,50.166,50.000,50.000,75.000,75.000,70.667,24
62,2,368,220,220,579,600,600,1179,49.109,-25.000,50.000,-25.000,75.000,33.167,23
62,3,369,220,220,530,600,600,1130,46.903,-49.000,-74.000,-49.000,-74.000,-28.333,23
62,4,370,220,220,530,575,575,1105,47.964,0.000,0.000,-25.000,0.000,-41.000,21
62,5,371,220,220,554,575,575,1129,49.070,24.000,0.000,24.000,0.000,-17.000,22
62,6,372,220,220,554,575,575,1129,49.070,0.000,0.000,0.000,0.000,-17.000,22
63,1,373,220,220,554,575,575,1129,49.070,0.000,-50.000,0.000,-75.000,-17.000,22
63,2,374,220,220,604,600,600,1204,50.166,50.000,25.000,75.000,25.000,70.500,24
63,3,375,220,220,580,600,600,1180,49.153,-24.000,50.000,-24.000,50.000,42.333,23
63,4,376,220,220,530,575,575,1105,47.964,-50.000,0.000,-75.000,0.000,-41.000,21
63,5,377,220,220,554,575,575,1129,49.070,24.000,0.000,24.000,0.000,-17.000,22
63,6,378,220,220,554,575,575,1129,49.070,0.000,0.000,0.000,0.000,-17.000,22
64,1,379,220,220,554,575,575,1129,49.070,0.000,0.000,0.000,0.000,-17.000,22
64,2,380,220,220,604,575,575,1179,51.230,50.000,0.000,50.000,-25.000,33.000,25
64,3,381,220,220,504,575,575,1079,46.710,-100.000,-76.000,-100.000,-101.000,-62.833,21
64,4,382,220,220,554,575,575,1129,49.070,50.000,24.000,50.000,24.000,4.000,24
64,5,383,220,220,479,550,550,1029,46.550,-75.000,-75.000,-100.000,-100.000,-100.000,20
64,6,384,220,220,629,600,600,1229,51.180,150.000,75.000,200.000,100.000,116.667,24
65,1,385,220,220,479,600,600,1079,44.393,-150.000,-75.000,-150.000,-50.000,-50.000,21
65,2,386,220,220,554,575,575,1129,49.070,75.000,-50.000,50.000,-50.000,8.333,22
65,3,387,220,220,605,600,600,1205,50.207,51.000,101.000,76.000,126.000,92.667,24
65,4,388,220,220,530,575,575,1105,47.964,-75.000,-24.000,-100.000,-24.000,-28.333,21
65,5,389,220,220,554,575,575,1129,49.070,24.000,75.000,24.000,100.000,-0.333,24
65,6,390,220,220,479,550,550,1029,46.550,-75.000,-150.000,-100.000,-200.000,-117.000,20
66,1,391,220,220,628,600,600,1228,51.140,149.000,149.000,199.000,149.000,115.333,24
66,2,392,220,220,579,600,600,1179,49.109,-49.000,25.000,-49.000,50.000,41.500,23
66,3,393,220,220,530,575,575,1105,47.964,-49.000,-75.000,-74.000,-100.000,-40.833,21
66,4,394,220,220,555,575,575,1130,49.115,25.000,25.000,25.000,25.000,0.833,22
66,5,395,220,220,604,600,600,1204,50.166,49.000,50.000,74.000,75.000,70.667,24
66,6,396,220,220,479,550,550,1029,46.550,-125.000,0.000,-175.000,0.000,-116.833,20
67,1,397,220,220,628,600,600,1228,51.140,149.000,0.000,199.000,0.000,82.167,24
67,2,398,220,220,579,600,600,1179,49.109,-49.000,0.000,-49.000,0.000,33.167,23
67,3,399,220,220,530,575,575,1105,47.964,-49.000,0.000,-74.000,0.000,-40.833,21
67,4,400,220,220,554,575,575,1129,49.070,24.000,-1.000,24.000,-1.000,-16.833,22
67,5,401,220,220,554,575,575,1129,49.070,0.000,-50.000,0.000,-75.000,-16.667,24
67,6,402,220,220,479,550,550,1029,46.550,-75.000,0.000,-100.000,0.000,-104.167,20
68,1,403,220,220,628,600,600,1228,51.140,149.000,0.000,199.000,0.000,94.833,24
68,2,404,220,220,529,600,600,1129,46.856,-99.000,-50.000,-99.000,-50.000,-4.167,23
68,3,405,220,220,530,600,600,1130,46.903,1.000,0.000,1.000,25.000,5.167,23
68,4,406,220,220,530,575,575,1105,47.964,0.000,-24.000,-25.000,-24.000,-24.000,21
68,5,407,220,220,504,550,550,1054,47.818,-26.000,-50.000,-51.000,-75.000,-71.000,21
68,6,408,220,220,579,575,575,1154,50.173,75.000,100.000,100.000,125.000,41.500,22
69,1,409,220,220,604,600,600,1204,50.166,25.000,-24.000,50.000,-24.000,70.667,24
69,2,410,220,220,579,600,600,1179,49.109,-25.000,50.000,-25.000,50.000,49.667,23
69,3,411,220,220,530,575,575,1105,47.964,-49.000,0.000,-74.000,-25.000,-32.667,21
69,4,412,220,220,604,600,600,1204,50.166,74.000,74.000,99.000,99.000,70.500,24
69,5,413,220,220,479,600,600,1079,44.393,-125.000,-25.000,-125.000,25.000,-71.000,21
69,6,414,220,220,504,550,550,1054,47.818,25.000,-75.000,-25.000,-100.000,-100.167,21
70,1,415,220,220,629,600,600,1229,51.180,125.000,25.000,175.000,25.000,91.500,24
70,2,416,220,220,579,600,600,1179,49.109,-50.000,0.000,-50.000,0.000,37.333,23
70,3,417,220,220,530,575,575,1105,47.964,-49.000,0.000,-74.000,0.000,-36.667,21
70,4,418,220,220,555,575,575,1130,49.115,25.000,-49.000,25.000,-74.000,-11.667,22
70,5,419,220,220,604,600,600,1204,50.166,49.000,125.000,74.000,125.000,74.667,24
70,6,420,220,220,479,550,550,1029,46.550,-125.000,-25.000,-175.000,-25.000,-121.167,20
71,1,421,220,220,578,550,550,1128,51.241,99.000,-51.000,99.000,-101.000,-18.000,24
71,2,422,220,220,579,600,600,1179,49.109,1.000,0.000,51.000,0.000,49.833,23
71,3,423,220,220,530,575,575,1105,47.964,-49.000,0.000,-74.000,0.000,-24.167,21
71,4,424,220,220,554,575,575,1129,49.070,24.000,-1.000,24.000,-1.000,-0.167,24
71,5,425,220,220,479,550,550,1029,46.550,-75.000,-125.000,-100.000,-175.000,-100.000,20
71,6,426,220,220,579,575,575,1154,50.173,100.000,100.000,125.000,125.000,54.167,22
72,1,427,220,220,554,575,575,1129,49.070,-25.000,-24.000,-25.000,1.000,8.333,24
72,2,428,220,220,529,575,575,1104,47.917,-25.000,-50.000,-25.000,-75.000,-16.833,21
72,3,429,220,220,604,600,600,1204,50.166,75.000,74.000,100.000,99.000,95.667,24
72,4,430,220,220,530,575,575,1105,47.964,-74.000,-24.000,-99.000,-24.000,-19.833,21
72,5,431,220,220,554,575,575,1129,49.070,24.000,75.000,24.000,100.000,8.167,22
72,6,432,220,220,554,575,575,1129,49.070,0.000,-25.000,0.000,-25.000,-8.500,22
73,1,433,220,220,554,575,575,1129,49.070,0.000,0.000,0.000,0.000,-4.333,22
73,2,434,220,220,604,600,600,1204,50.166,50.000,75.000,75.000,100.000,70.667,24
73,3,435,220,220,530,600,600,1130,46.903,-74.000,-74.000,-74.000,-74.000,-20.000,23
73,4,436,220,220,530,575,575,1105,47.964,0.000,0.000,-25.000,0.000,-32.667,21
73,5,437,220,220,554,575,575,1129,49.070,24.000,0.000,24.000,0.000,-8.667,22
73,6,438,220,220,554,575,575,1129,49.070,0.000,0.000,0.000,0.000,-8.667,22
74,1,439,220,220,554,575,575,1129,49.070,0.000,0.000,0.000,0.000,-8.667,22
74,2,440,220,220,604,600,600,1204,50.166,50.000,0.000,75.000,0.000,66.333,24
74,3,441,220,220,580,600,600,1180,49.153,-24.000,50.000,-24.000,50.000,42.333,23
74,4,442,220,220,530,575,575,1105,47.964,-50.000,0.000,-75.000,0.000,-41.000,21
74,5,443,220,220,554,575,575,1129,49.070,24.000,0.000,24.000,0.000,-17.000,22
74,6,444,220,220,554,575,575,1129,49.070,0.000,0.000,0.000,0.000,-17.000,22
75,1,445,220,220,554,575,575,1129,49.070,0.000,0.000,0.000,0.000,-17.000,22
75,2,446,220,220,604,600,600,1204,50.166,50.000,0.000,75.000,0.000,58.000,24
75,3,447,220,220,580,600,600,1180,49.153,-24.000,0.000,-24.000,0.000,34.000,23
75,4,448,220,220,530,575,575,1105,47.964,-50.000,0.000,-75.000,0.000,-41.000,21
75,5,449,220,220,554,575,575,1129,49.070,24.000,0.000,24.000,0.000,-17.000,22
75,6,450,220,220,554,575,575,1129,49.070,0.000,0.000,0.000,0.000,-17.000,22
76,1,451,220,220,554,575,575,1129,49.070,0.000,0.000,0.000,0.000,-17.000,24
76,2,452,220,220,529,575,575,1104,47.917,-25.000,-75.000,-25.000,-100.000,-42.000,21
76,3,453,220,220,604,600,600,1204,50.166,75.000,24.000,100.000,24.000,74.667,24
76,4,454,220,220,530,575,575,1105,47.964,-74.000,0.000,-99.000,0.000,-28.333,21
76,5,455,220,220,554,575,575,1129,49.070,24.000,0.000,24.000,0.000,-4.333,22
76,6,456,220,220,554,575,575,1129,49.070,0.000,0.000,0.000,0.000,-4.333,22
77,1,457,220,220,604,600,600,1204,50.166,50.000,50.000,75.000,75.000,70.667,24
77,2,458,220,220,579,600,600,1179,49.109,-25.000,50.000,-25.000,75.000,33.167,23
77,3,459,220,220,530,575,575,1105,47.964,-49.000,-74.000,-74.000,-99.000,-53.333,21
77,4,460,220,220,554,575,575,1129,49.070,24.000,24.000,24.000,24.000,-12.833,22
77,5,461,220,220,554,575,575,1129,49.070,0.000,0.000,0.000,0.000,-16.833,24
77,6,462,220,220,479,550,550,1029,46.550,-75.000,-75.000,-100.000,-100.000,-116.833,20
78,1,463,220,220,578,550,550,1128,51.241,99.000,-26.000,99.000,-76.000,-1.167,24
78,2,464,220,220,579,600,600,1179,49.109,1.000,0.000,51.000,0.000,62.500,23
78,3,465,220,220,530,600,600,1130,46.903,-49.000,0.000,-49.000,25.000,13.500,23
78,4,466,220,220,530,575,575,1105,47.964,0.000,-24.000,-25.000,-24.000,-15.667,21
78,5,467,220,220,504,575,575,1079,46.710,-26.000,-50.000,-26.000,-50.000,-37.667,22
78,6,468,220,220,554,575,575,1129,49.070,50.000,75.000,50.000,100.000,20.667,22
79,1,469,220,220,554,575,575,1129,49.070,0.000,-24.000,0.000,1.000,4.000,22
79,2,470,220,220,604,600,600,1204,50.166,50.000,25.000,75.000,25.000,78.833,24
79,3,471,220,220,530,600,600,1130,46.903,-74.000,0.000,-74.000,0.000,0.667,23
79,4,472,220,220,530,575,575,1105,47.964,0.000,0.000,-25.000,0.000,-24.333,21
79,5,473,220,220,554,575,575,1129,49.070,24.000,50.000,24.000,50.000,-0.333,22
79,6,474,220,220,504,550,550,1054,47.818,-50.000,-50.000,-75.000,-75.000,-83.667,21
80,1,475,220,220,629,600,600,1229,51.180,125.000,75.000,175.000,100.000,103.833,24
80,2,476,220,220,579,600,600,1179,49.109,-50.000,-25.000,-50.000,-25.000,37.167,23
80,3,477,220,220,530,575,575,1105,47.964,-49.000,0.000,-74.000,-25.000,-32.667,21
80,4,478,220,220,604,600,600,1204,50.166,74.000,74.000,99.000,99.000,70.500,24
80,5,479,220,220,529,575,575,1104,47.917,-75.000,-25.000,-100.000,-25.000,-46.000,21
80,6,480,220,220,554,575,575,1129,49.070,25.000,50.000,25.000,75.000,-16.833,22
81,1,481,220,220,554,575,575,1129,49.070,0.000,-75.000,0.000,-100.000,-29.333,22
81,2,482,220,220,604,600,600,1204,50.166,50.000,25.000,75.000,25.000,62.333,24
81,3,483,220,220,530,600,600,1130,46.903,-74.000,0.000,-74.000,25.000,-15.833,23
81,4,484,220,220,480,600,600,1080,44.444,-50.000,-124.000,-50.000,-124.000,-70.000,21
81,5,485,220,220,554,575,575,1129,49.070,74.000,25.000,49.000,25.000,-0.333,22
81,6,486,220,220,554,575,575,1129,49.070,0.000,0.000,0.000,0.000,-4.500,22
82,1,487,220,220,554,575,575,1129,49.070,0.000,0.000,0.000,0.000,-4.500,22
82,2,488,220,220,604,600,600,1204,50.166,50.000,0.000,75.000,0.000,70.500,24
82,3,489,220,220,580,600,600,1180,49.153,-24.000,50.000,-24.000,50.000,46.500,23
82,4,490,220,220,530,575,575,1105,47.964,-50.000,50.000,-75.000,25.000,-36.833,21
82,5,491,220,220,504,575,575,1079,46.710,-26.000,-50.000,-26.000,-50.000,-67.000,22
82,6,492,220,220,554,575,575,1129,49.070,50.000,0.000,50.000,0.000,-8.667,22
83,1,493,220,220,554,575,575,1129,49.070,0.000,0.000,0.000,0.000,-8.667,22
83,2,494,220,220,604,600,600,1204,50.166,50.000,0.000,75.000,0.000,66.333,24
83,3,495,220,220,530,600,600,1130,46.903,-74.000,-50.000,-74.000,-50.000,-7.667,23
83,4,496,220,220,530,575,575,1105,47.964,0.000,0.000,-25.000,0.000,-24.333,21
83,5,497,220,220,554,575,575,1129,49.070,24.000,50.000,24.000,50.000,-0.333,22
83,6,498,220,220,554,575,575,1129,49.070,0.000,0.000,0.000,0.000,-8.667,22
84,1,499,220,220,554,575,575,1129,49.070,0.000,0.000,0.000,0.000,-8.667,22
84,2,500,220,220,604,600,600,1204,50.166,50.000,0.000,75.000,0.000,66.333,24
84,3,501,220,220,580,600,600,1180,49.153,-24.000,50.000,-24.000,50.000,42.333,23
84,4,502,220,220,530,575,575,1105,47.964,-50.000,0.000,-75.000,0.000,-41.000,21
84,5,503,220,220,554,575,575,1129,49.070,24.000,0.000,24.000,0.000,-17.000,22
84,6,504,220,220,554,575,575,1129,49.070,0.000,0.000,0.000,0.000,-17.000,22
85,1,505,220,220,554,575,575,1129,49.070,0.000,0.000,0.000,0.000,-17.000,22
85,2,506,220,220,604,600,600,1204,50.166,50.000,0.000,75.000,0.000,58.000,24
85,3,507,220,220,580,600,600,1180,49.153,-24.000,0.000,-24.000,0.000,34.000,23
85,4,508,220,220,530,575,575,1105,47.964,-50.000,0.000,-75.000,0.000,-41.000,21
85,5,509,220,220,554,575,575,1129,49.070,24.000,0.000,24.000,0.000,-17.000,22
85,6,510,220,220,554,575,575,1129,49.070,0.000,0.000,0.000,0.000,-17.000,22
86,1,511,220,220,554,575,575,1129,49.070,0.000,0.000,0.000,0.000,-17.000,22
86,2,512,220,220,604,600,600,1204,50.166,50.000,0.000,75.000,0.000,58.000,24
86,3,513,220,220,580,600,600,1180,49.153,-24.000,0.000,-24.000,0.000,34.000,23
86,4,514,220,220,530,575,575,1105,47.964,-50.000,0.000,-75.000,0.000,-41.000,21
86,5,515,220,220,554,575,575,1129,49.070,24.000,0.000,24.000,0.000,-17.000,22
86,6,516,220,220,554,575,575,1129,49.070,0.000,0.000,0.000,0.000,-17.000,22
87,1,517,220,220,604,600,600,1204,50.166,50.000,50.000,75.000,75.000,58.000,24
87,2,518,220,220,529,600,600,1129,46.856,-75.000,-75.000,-75.000,-75.000,-29.500,23
87,3,519,220,220,530,575,575,1105,47.964,1.000,-50.000,-24.000,-75.000,-41.000,21
87,4,520,220,220,554,575,575,1129,49.070,24.000,24.000,24.000,24.000,-4.500,22
87,5,521,220,220,554,575,575,1129,49.070,0.000,0.000,0.000,0.000,-8.500,22
87,6,522,220,220,554,575,575,1129,49.070,0.000,0.000,0.000,0.000,-8.500,22
88,1,523,220,220,554,575,575,1129,49.070,0.000,-50.000,0.000,-75.000,-8.500,24
88,2,524,220,220,579,600,600,1179,49.109,25.000,50.000,50.000,50.000,54.000,23
88,3,525,220,220,530,600,600,1130,46.903,-49.000,0.000,-49.000,25.000,-3.333,23
88,4,526,220,220,480,550,550,1030,46.602,-50.000,-74.000,-100.000,-99.000,-107.500,20
88,5,527,220,220,629,600,600,1229,51.180,149.000,75.000,199.000,100.000,108.000,24
88,6,528,220,220,529,575,575,1104,47.917,-100.000,-25.000,-125.000,-25.000,-33.667,21
89,1,529,220,220,553,575,575,1128,49.025,24.000,-1.000,24.000,-1.000,-5.500,22
89,2,530,220,220,604,600,600,1204,50.166,51.000,25.000,76.000,25.000,70.667,24
89,3,531,220,220,580,600,600,1180,49.153,-24.000,50.000,-24.000,50.000,42.500,23
89,4,532,220,220,530,575,575,1105,47.964,-50.000,50.000,-75.000,75.000,-40.833,21
89,5,533,220,220,504,575,575,1079,46.710,-26.000,-125.000,-26.000,-150.000,-79.333,22
89,6,534,220,220,554,575,575,1129,49.070,50.000,25.000,50.000,25.000,-4.333,22
90,1,535,220,220,554,575,575,1129,49.070,0.000,1.000,0.000,1.000,-8.500,22
90,2,536,220,220,604,600,600,1204,50.166,50.000,0.000,75.000,0.000,66.333,24
90,3,537,220,220,530,600,600,1130,46.903,-74.000,-50.000,-74.000,-50.000,-7.667,23
90,4,538,220,220,530,575,575,1105,47.964,0.000,0.000,-25.000,0.000,-24.333,21
90,5,539,220,220,554,575,575,1129,49.070,24.000,50.000,24.000,50.000,-0.333,22
90,6,540,220,220,554,575,575,1129,49.070,0.000,0.000,0.000,0.000,-8.667,22
91,1,541,220,220,554,575,575,1129,49.070,0.000,0.000,0.000,0.000,-8.667,22
91,2,542,220,220,604,600,600,1204,50.166,50.000,0.000,75.000,0.000,66.333,24
91,3,543,220,220,580,600,600,1180,49.153,-24.000,50.000,-24.000,50.000,42.333,23
91,4,544,220,220,530,575,575,1105,47.964,-50.000,0.000,-75.000,0.000,-41.000,21
91,5,545,220,220,554,575,575,1129,49.070,24.000,0.000,24.000,0.000,-17.000,22
91,6,546,220,220,554,575,575,1129,49.070,0.000,0.000,0.000,0.000,-17.000,22
92,1,547,220,220,554,575,575,1129,49.070,0.000,0.000,0.000,0.000,-17.000,22
92,2,548,220,220,604,600,600,1204,50.166,50.000,0.000,75.000,0.000,58.000,24
92,3,549,220,220,580,600,600,1180,49.153,-24.000,0.000,-24.000,0.000,34.000,23
92,4,550,220,220,530,575,575,1105,47.964,-50.000,0.000,-75.000,0.000,-41.000,21
92,5,551,220,220,554,575,575,1129,49.070,24.000,0.000,24.000,0.000,-17.000,22
92,6,552,220,220,554,575,575,1129,49.070,0.000,0.000,0.000,0.000,-17.000,22
93,1,553,220,220,554,575,575,1129,49.070,0.000,0.000,0.000,0.000,-17.000,24
93,2,554,220,220,529,575,575,1104,47.917,-25.000,-75.000,-25.000,-100.000,-42.000,21
93,3,555,220,220,654,625,625,1279,51.134,125.000,74.000,175.000,99.000,149.667,25
93,4,556,220,220,454,550,575,1029,44.121,-200.000,-76.000,-250.000,-76.000,-116.833,20
93,5,557,220,220,554,550,575,1129,49.070,100.000,0.000,100.000,0.000,-4.167,24
93,6,558,220,220,479,550,550,1029,46.550,-75.000,-75.000,-100.000,-100.000,-104.167,20
94,1,559,220,220,628,600,600,1228,51.140,149.000,74.000,199.000,99.000,111.500,24
94,2,560,220,220,579,600,600,1179,49.109,-49.000,50.000,-49.000,75.000,46.000,23
94,3,561,220,220,580,600,600,1180,49.153,1.000,-74.000,1.000,-99.000,34.500,23
94,4,562,220,220,530,575,575,1105,47.964,-50.000,76.000,-75.000,76.000,-24.000,21
94,5,563,220,220,554,575,575,1129,49.070,24.000,0.000,24.000,0.000,-12.667,22
94,6,564,220,220,554,575,575,1129,49.070,0.000,75.000,0.000,100.000,-12.667,22
95,1,565,220,220,554,575,575,1129,49.070,0.000,-74.000,0.000,-99.000,-29.333,22
95,2,566,220,220,604,600,600,1204,50.166,50.000,25.000,75.000,25.000,62.167,24
95,3,567,220,220,530,600,600,1130,46.903,-74.000,-50.000,-74.000,-50.000,-16.000,23
95,4,568,220,220,480,550,550,1030,46.602,-50.000,-50.000,-100.000,-75.000,-107.667,20
95,5,569,220,220,629,600,600,1229,51.180,149.000,75.000,199.000,100.000,103.833,24
95,6,570,220,220,529,575,575,1104,47.917,-100.000,-25.000,-125.000,-25.000,-37.833,21
96,1,571,220,220,553,575,575,1128,49.025,24.000,-1.000,24.000,-1.000,-9.667,22
96,2,572,220,220,604,600,600,1204,50.166,51.000,0.000,76.000,0.000,66.500,24
96,3,573,220,220,580,600,600,1180,49.153,-24.000,50.000,-24.000,50.000,42.500,23
96,4,574,220,220,530,575,575,1105,47.964,-50.000,50.000,-75.000,75.000,-40.833,21
96,5,575,220,220,554,575,575,1129,49.070,24.000,-75.000,24.000,-100.000,-29.333,22
96,6,576,220,220,554,575,575,1129,49.070,0.000,25.000,0.000,25.000,-12.667,22
97,1,577,220,220,554,575,575,1129,49.070,0.000,1.000,0.000,1.000,-16.833,22
97,2,578,220,220,604,600,600,1204,50.166,50.000,0.000,75.000,0.000,58.000,24
97,3,579,220,220,580,600,600,1180,49.153,-24.000,0.000,-24.000,0.000,34.000,23
97,4,580,220,220,530,575,575,1105,47.964,-50.000,0.000,-75.000,0.000,-41.000,21
97,5,581,220,220,554,575,575,1129,49.070,24.000,0.000,24.000,0.000,-17.000,22
97,6,582,220,220,554,575,575,1129,49.070,0.000,0.000,0.000,0.000,-17.000,22
98,1,583,220,220,554,575,575,1129,49.070,0.000,0.000,0.000,0.000,-17.000,24
98,2,584,220,220,529,600,600,1129,46.856,-25.000,-75.000,0.000,-75.000,-17.000,23
98,3,585,220,220,530,575,575,1105,47.964,1.000,-50.000,-24.000,-75.000,-28.500,21
98,4,586,220,220,554,575,575,1129,49.070,24.000,24.000,24.000,24.000,8.000,22
98,5,587,220,220,554,575,575,1129,49.070,0.000,0.000,0.000,0.000,4.000,24
98,6,588,220,220,479,550,550,1029,46.550,-75.000,-75.000,-100.000,-100.000,-96.000,20
99,1,589,220,220,578,575,575,1153,50.130,99.000,24.000,124.000,24.000,44.667,22
99,2,590,220,220,604,575,575,1179,51.230,26.000,75.000,26.000,50.000,66.667,25
99,3,591,220,220,554,600,600,1154,48.007,-50.000,24.000,-25.000,49.000,33.333,23
99,4,592,220,220,479,550,550,1029,46.550,-75.000,-75.000,-125.000,-100.000,-99.833,20
99,5,593,220,220,579,575,575,1154,50.173,100.000,25.000,125.000,25.000,41.833,22
99,6,594,220,220,554,575,575,1129,49.070,-25.000,75.000,-25.000,100.000,12.667,22
100,1,595,220,220,554,575,575,1129,49.070,0.000,-24.000,0.000,-24.000,-4.000,24
100,2,596,220,220,529,575,575,1104,47.917,-25.000,-75.000,-25.000,-75.000,-25.000,21
100,3,597,220,220,604,600,600,1204,50.166,75.000,50.000,100.000,50.000,87.500,24
100,4,598,220,220,530,575,575,1105,47.964,-74.000,51.000,-99.000,76.000,-19.833,21
100,5,599,220,220,554,575,575,1129,49.070,24.000,-25.000,24.000,-25.000,-8.500,22
100,6,600,220,220,554,575,575,1129,49.070,0.000,0.000,0.000,0.000,-4.333,22
