step,elapsed_us,bemf,floating_phase,Vcom,err
1,125,22,101,79,-3
1,175,31,117,86,-5
1,225,28,121,93,-5
1,275,29,125,96,-6
1,325,29,130,101,-6
1,375,25,129,104,-2
1,425,26,130,104,-4
1,475,24,127,103,-3
1,525,25,128,103,-4
1,575,28,130,102,-5
1,625,24,127,103,-5
1,675,22,122,100,-4
1,725,23,123,100,-5
1,775,19,120,101,-2
1,825,19,119,100,-2
1,875,20,118,98,-4
1,925,21,117,96,-5
1,975,17,116,99,-2
1,1025,16,113,97,-2
1,1075,16,110,94,-4
1,1125,16,111,95,1
1,1175,15,108,93,-3
1,1225,14,106,92,-5
1,1275,13,105,92,-3
1,1325,11,103,92,-2
1,1375,10,100,90,-4
1,1425,7,98,91,-1
1,1475,6,95,89,-2
1,1525,7,94,87,-3
1,1575,13,100,87,-3
1,1625,5,91,86,-2
1,1675,5,90,85,-3
1,1725,3,88,85,-1
1,1775,2,86,84,-3
1,1825,2,86,84,-2
1,1875,4,85,81,-5
1,1925,1,82,81,-3
1,1975,-1,79,80,-3
1,2025,1,82,81,-3
1,2075,-3,78,81,-1
1,2125,3,79,76,-7
1,2175,-2,74,76,-4
1,2225,-2,76,78,-3
1,2275,-2,73,75,-5
1,2325,-3,74,77,-3
1,2375,-5,72,77,-2
1,2425,-6,68,74,-6
1,2475,-4,69,73,-6
1,2525,-5,70,75,-4
1,2575,-7,66,73,-4
1,2625,-6,67,73,-6
1,2675,-7,65,72,-6
1,2725,-10,63,73,-4
1,2775,-10,63,73,-3
1,2825,-11,61,72,-5
1,2875,-10,62,72,-6
1,2925,-11,60,71,-5
1,2975,-14,58,72,-4
1,3025,-14,59,73,-3
1,3075,-13,57,70,-6
1,3125,-14,58,72,-4
1,3175,-20,52,72,-1
1,3225,-19,53,72,-4
1,3275,-17,54,71,-4
1,3325,-17,55,72,-4
1,3375,-16,52,68,-7
1,3425,-17,53,70,-4
1,3475,-21,50,71,-2
1,3525,-22,48,70,-3
1,3575,-23,47,70,-3
1,3625,-24,46,70,-3
1,3675,-24,47,71,-3
1,3725,-27,44,71,-1
1,3775,-28,42,70,-1
1,3825,-27,44,71,-2
1,3875,-30,42,72,1
1,3925,-27,42,69,-4
1,3975,-29,42,71,-1
1,4025,-30,42,72,-1
1,4075,-30,40,70,-2
1,4125,-30,41,71,-2
1,4175,-29,40,69,-4
1,4225,-26,45,71,-3
1,4275,-33,37,70,-1
1,4325,-33,37,70,-3
1,4375,-34,38,72,-1
1,4425,-34,36,70,-3
1,4475,-35,34,69,-3
1,4525,-35,36,71,-3
1,4575,-38,34,72,-1
1,4625,-37,36,73,-1
1,4675,-37,35,72,-1
1,4725,-37,34,71,-2
1,4775,-34,34,68,-7
1,4825,-36,36,72,-2
1,4875,-36,35,71,-5
1,4925,-36,36,72,-3
1,4975,-35,36,71,-4
1,5025,-36,37,73,-5
1,5075,-36,34,70,-4
1,5125,-33,38,71,-7
1,5175,-36,36,72,-4
1,5225,-36,36,72,-5
1,5275,-35,37,72,-4
1,5325,-35,38,73,-4
1,5375,-36,38,74,-3
1,5425,-35,38,73,-5
1,5475,-35,38,73,-2
1,5525,-39,34,73,-4
1,5575,-36,37,73,-5
1,5625,-35,40,75,-3
1,5675,-35,39,74,-4
1,5725,-35,39,74,-4
1,5775,-35,42,77,-3
1,5825,-35,41,76,-3
1,5875,-33,43,76,-4
1,5925,-36,40,76,-2
1,5975,-34,42,76,2
1,6025,-34,44,78,-1
1,6075,-33,42,75,-5
1,6125,-32,45,77,-3
1,6175,-31,46,77,-3
1,6225,-31,46,77,-3
1,6275,-31,42,73,-4
1,6325,-34,42,76,-1
1,6375,-36,42,78,0
1,6425,-31,46,77,-2
1,6475,-33,44,77,-2
1,6525,-27,47,74,-7
1,6575,-39,42,81,2
1,6625,-33,48,81,-1
1,6675,-30,50,80,-2
1,6725,-33,52,85,2
1,6775,-29,53,82,-2
1,6825,-9,72,81,-8
1,6875,-31,51,82,0
1,6925,-31,52,83,-1
1,6975,-30,51,81,-1
1,7025,-26,54,80,-2
1,7075,-27,52,79,-3
1,7125,-25,54,79,-4
1,7175,-24,56,80,-2
1,7225,-24,52,76,-4
1,7275,-27,52,79,-2
1,7325,-23,54,77,-4
1,7375,-25,55,80,-1
1,7425,-25,52,77,-4
1,7475,-24,54,78,-3
1,7525,-19,60,79,-4
1,7575,-21,55,76,-4
1,7625,-19,59,78,-5
1,7675,-22,58,80,-2
1,7725,-23,56,79,-2
1,7775,-19,59,78,-5
1,7825,-20,60,80,-3
1,7875,-20,60,80,-3
1,7925,-20,64,84,0
1,7975,-20,60,80,-4
1,8025,-15,65,80,-4
1,8075,-17,62,79,-5
1,8125,-13,66,79,-6
1,8175,-16,64,80,-3
1,8225,-12,68,80,-6
1,8275,-16,65,81,-1
1,8325,-14,66,80,-3
1,8375,-13,67,80,-4
1,8425,-14,68,82,-2
1,8475,-13,68,81,-3
1,8525,-9,72,81,-5
1,8575,-9,73,82,-3
1,8625,-10,72,82,-2
1,8675,-10,72,82,-3
1,8725,-9,73,82,-2
1,8775,-12,72,84,0
1,8825,-10,74,84,-1
1,8875,-9,76,85,-1
1,8925,-6,76,82,-3
1,8975,-6,78,84,-2
1,9025,-8,78,86,0
1,9075,-6,78,84,0
1,9125,-5,79,84,-2
1,9175,-5,79,84,-3
1,9225,-1,84,85,-3
1,9275,-5,79,84,-2
1,9325,-3,82,85,-4
1,9375,-4,82,86,-1
1,9425,-5,80,85,-1
1,9475,1,86,85,-4
1,9525,-7,78,85,-1
1,9575,8,92,84,-6
1,9625,0,84,84,-3
1,9675,-1,86,87,-1
1,9725,1,86,85,-4
1,9775,0,86,86,-2
1,9825,1,88,87,-2
1,9875,1,87,86,-2
1,9925,3,90,87,-3
1,9975,2,89,87,-2
1,10025,5,91,86,-4
1,10075,4,90,86,-4
2,126,-23,30,53,-2
2,176,-27,33,60,-2
2,226,-23,44,67,-5
2,276,-27,46,73,-1
2,326,-21,52,73,-7
2,376,-25,53,78,-3
2,426,-23,55,78,-2
2,476,-21,57,78,-4
2,526,-23,58,81,-2
2,576,-21,59,80,-2
2,626,-19,59,78,-4
2,676,-16,63,79,-5
2,726,-20,58,78,-2
2,776,-29,52,81,2
2,826,-16,63,79,-3
2,876,-19,61,80,-1
2,926,-19,61,80,-1
2,976,-15,65,80,-3
2,1026,-17,64,81,-1
2,1076,-14,64,78,-3
2,1126,-16,62,78,-1
2,1176,-9,68,77,-5
2,1226,-14,64,78,0
2,1276,-11,65,76,-4
2,1326,-12,64,76,-2
2,1376,-10,66,76,-3
2,1426,-5,69,74,-5
2,1476,-13,65,78,1
2,1526,-7,65,72,-4
2,1576,-22,69,91,13
2,1626,-5,69,74,-4
2,1676,-3,70,73,-5
2,1726,-4,72,76,-3
2,1776,-1,71,72,-6
2,1826,-2,71,73,-4
2,1876,0,73,73,-6
2,1926,1,74,73,-6
2,1976,0,76,76,-3
2,2026,1,75,74,-5
2,2076,-5,69,74,-2
2,2126,3,76,73,-5
2,2176,4,78,74,-4
2,2226,4,78,74,-4
2,2276,5,78,73,-5
2,2326,3,78,75,-2
2,2376,9,83,74,-5
2,2426,7,81,74,-3
2,2476,5,81,76,-2
2,2526,7,80,73,-5
2,2576,7,83,76,-2
2,2626,7,80,73,-3
2,2676,11,85,74,-4
2,2726,9,85,76,-2
2,2776,12,86,74,-4
2,2826,10,87,77,-1
2,2876,9,87,78,-2
2,2926,13,89,76,-2
2,2976,11,91,80,-1
2,3026,15,93,78,-3
2,3076,13,91,78,-2
2,3126,13,92,79,-2
2,3176,16,94,78,-1
2,3226,17,96,79,-3
2,3276,19,95,76,-4
2,3326,26,106,80,-5
2,3376,16,98,82,-1
2,3426,20,100,80,-3
2,3476,18,103,85,0
2,3526,21,102,81,-2
2,3576,18,101,83,0
2,3626,21,104,83,-2
2,3676,22,106,84,-2
2,3726,20,105,85,-1
2,3776,25,107,82,-6
2,3826,20,108,88,1
2,3876,28,111,83,-5
2,3926,28,112,84,-3
2,3976,27,113,86,-1
2,4026,30,115,85,-4
2,4076,31,117,86,-4
2,4126,33,119,86,-5
2,4176,34,120,86,-5
2,4226,30,120,90,-1
2,4276,19,121,102,10
2,4326,34,124,90,-3
2,4376,34,125,91,-4
2,4426,39,130,91,-5
2,4476,39,131,92,-5
2,4526,41,132,91,-7
2,4576,39,135,96,-4
2,4626,39,135,96,-5
2,4676,43,138,95,-7
2,4726,38,138,100,-2
2,4776,42,139,97,-4
2,4826,47,145,98,-6
2,4876,42,142,100,-5
2,4926,47,146,99,-6
2,4976,44,147,103,-5
2,5026,48,148,100,-7
2,5076,44,146,102,-5
2,5126,47,149,102,-7
2,5176,47,151,104,-4
2,5226,48,152,104,-6
2,5276,47,151,104,-5
2,5326,46,153,107,-2
2,5376,48,153,105,-6
2,5426,47,153,106,-4
2,5476,48,156,108,-4
2,5526,52,158,106,-6
2,5576,49,156,107,-6
2,5626,51,158,107,-7
2,5676,49,158,109,-4
2,5726,48,159,111,-5
2,5776,53,159,106,-8
2,5826,48,157,109,-3
2,5876,49,159,110,-4
2,5926,50,162,112,-5
2,5976,47,160,113,-2
2,6026,50,162,112,-4
2,6076,47,160,113,-3
2,6126,48,161,113,-3
2,6176,54,166,112,-6
2,6226,48,163,115,-3
2,6276,46,158,112,-3
2,6326,47,160,113,-3
2,6376,46,161,115,-2
2,6426,50,162,112,-5
2,6476,45,161,116,-2
2,6526,49,161,112,-5
2,6576,47,161,114,-3
2,6626,45,161,116,-2
2,6676,48,162,114,-4
2,6726,47,161,114,-3
2,6776,49,162,113,-6
2,6826,48,162,114,-4
2,6876,47,162,115,-5
2,6926,47,163,116,-4
2,6976,45,161,116,-3
2,7026,50,164,114,-8
2,7076,47,161,114,-6
2,7126,42,161,119,-2
2,7176,33,162,129,8
2,7226,44,161,117,-4
2,7276,50,162,112,-8
2,7326,47,163,116,-6
2,7376,45,159,114,-6
2,7426,46,161,115,-6
2,7476,45,161,116,-6
2,7526,46,158,112,-8
2,7576,42,157,115,-4
2,7626,43,157,114,-6
2,7676,43,157,114,-5
2,7726,44,157,113,-6
2,7776,43,154,111,-7
2,7826,43,156,113,-6
2,7876,40,153,113,-5
2,7926,46,158,112,-7
2,7976,38,153,115,-3
2,8026,41,153,112,-6
2,8076,42,152,110,-8
2,8126,37,150,113,-5
2,8176,39,151,112,-4
2,8226,39,150,111,-6
2,8276,39,147,108,-8
2,8326,34,144,110,-4
2,8376,36,144,108,-7
2,8426,36,143,107,-8
2,8476,36,144,108,-6
2,8526,34,139,105,-6
2,8576,32,139,107,-4
2,8626,31,139,108,-4
2,8676,32,137,105,-4
2,8726,31,135,104,-4
2,8776,28,135,107,-2
2,8826,22,128,106,0
2,8876,8,115,107,4
2,8926,31,135,104,-5
2,8976,27,132,105,-3
2,9026,29,133,104,-5
2,9076,26,129,103,-3
2,9126,25,129,104,-2
2,9176,31,129,98,-7
2,9226,25,128,103,-6
2,9276,26,125,99,-4
2,9326,24,124,100,-4
2,9376,22,123,101,-2
2,9426,27,125,98,-6
2,9476,24,124,100,-3
2,9526,28,122,94,-9
2,9576,29,121,92,-10
2,9626,23,121,98,-5
2,9676,26,122,96,-8
2,9726,20,117,97,-3
2,9776,26,119,93,-8
2,9826,23,119,96,-5
2,9876,20,116,96,-4
2,9926,22,117,95,-5
2,9976,24,119,95,-6
2,10026,18,114,96,-4
2,10076,20,113,93,-7
3,124,26,109,83,1
3,174,30,119,89,-1
3,224,35,127,92,-7
3,274,31,132,101,-2
3,324,33,136,103,-3
3,374,31,137,106,-3
3,424,33,136,103,-5
3,474,29,134,105,-2
3,524,29,133,104,-2
3,574,30,132,102,-4
3,624,28,130,102,-4
3,674,31,131,100,-6
3,724,22,125,103,-1
3,774,28,127,99,-5
3,824,28,125,97,-5
3,874,26,124,98,-3
3,924,20,119,99,0
3,974,27,122,95,-5
3,1024,21,118,97,-2
3,1074,24,119,95,-5
3,1124,26,117,91,-9
3,1174,28,114,86,-14
3,1224,20,112,92,-4
3,1274,22,115,93,-5
3,1324,21,114,93,-5
3,1374,20,112,92,-5
3,1424,23,111,88,-10
3,1474,20,109,89,-7
3,1524,18,108,90,-4
3,1574,16,106,90,-4
3,1624,15,102,87,-5
3,1674,13,101,88,-4
3,1724,13,99,86,-4
3,1774,14,98,84,-7
3,1824,12,95,83,-7
3,1874,6,95,89,0
3,1924,10,94,84,-7
3,1974,8,92,84,-3
3,2024,7,89,82,-4
3,2074,8,90,82,-5
3,2124,5,88,83,-2
3,2174,6,85,79,-5
3,2224,6,85,79,-5
3,2274,4,84,80,-4
3,2324,2,81,79,-3
3,2374,4,80,76,-7
3,2424,1,79,78,-7
3,2474,1,79,78,-3
3,2524,-6,72,78,-1
3,2574,-2,73,75,-4
3,2624,-4,74,78,-2
3,2674,-5,73,78,-1
3,2724,-7,69,76,-2
3,2774,-7,69,76,-3
3,2824,-4,71,75,-4
3,2874,-9,68,77,-2
3,2924,-10,67,77,0
3,2974,-8,65,73,-5
3,3024,-8,65,73,-4
3,3074,-9,64,73,-3
3,3124,-11,62,73,-2
3,3174,-9,63,72,-4
3,3224,-13,59,72,-4
3,3274,-15,58,73,-1
3,3324,-14,59,73,-2
3,3374,-15,56,71,-4
3,3424,-18,56,74,-3
3,3474,-15,57,72,-2
3,3524,-16,55,71,-3
3,3574,-14,54,68,-7
3,3624,-19,52,71,-3
3,3674,-18,52,70,-3
3,3724,-22,49,71,-1
3,3774,-16,50,66,-6
3,3824,-25,49,74,1
3,3874,-22,48,70,-2
3,3924,-19,48,67,-6
3,3974,-20,48,68,-7
3,4024,-19,49,68,-7
3,4074,-17,47,64,-9
3,4124,-22,46,68,-6
3,4174,-27,41,68,-5
3,4224,-24,42,66,-5
3,4274,-24,44,68,-5
3,4324,-27,42,69,-3
3,4374,-23,44,67,-7
3,4424,-27,43,70,-5
3,4474,-27,43,70,-4
3,4524,-27,43,70,-3
3,4574,-28,42,70,-5
3,4624,-29,42,71,-4
3,4674,-29,43,72,-4
3,4724,-27,43,70,-5
3,4774,-30,42,72,-5
3,4824,-31,41,72,-3
3,4874,-32,41,73,-3
3,4924,-32,40,72,-2
3,4974,-30,41,71,-5
3,5024,-27,44,71,-8
3,5074,-30,42,72,-4
3,5124,-36,38,74,-1
3,5174,-31,43,74,-4
3,5224,-35,42,77,-1
3,5274,-35,42,77,-1
3,5324,-33,45,78,0
3,5374,-33,43,76,-4
3,5424,-35,44,79,-1
3,5474,-29,48,77,-5
3,5524,-30,44,74,-6
3,5574,-32,46,78,0
3,5624,-33,46,79,-2
3,5674,-34,46,80,-1
3,5724,-31,48,79,-1
3,5774,-31,48,79,-3
3,5824,-31,48,79,-2
3,5874,-33,49,82,0
3,5924,-32,48,80,-1
3,5974,-27,51,78,-7
3,6024,-28,53,81,-4
3,6074,-28,50,78,-5
3,6124,-30,50,80,-3
3,6174,-31,51,82,-1
3,6224,-29,52,81,-2
3,6274,-27,55,82,-3
3,6324,-30,53,83,-2
3,6374,-26,55,81,-4
3,6424,-23,57,80,-7
3,6474,-31,56,87,0
3,6524,-27,56,83,-1
3,6574,-26,58,84,-2
3,6624,-28,56,84,-2
3,6674,-19,64,83,-6
3,6724,-25,59,84,-3
3,6774,-22,59,81,-7
3,6824,-24,61,85,-3
3,6874,-22,61,83,-4
3,6924,-22,62,84,-3
3,6974,-22,62,84,-5
3,7024,-18,64,82,-7
3,7074,-19,63,82,-6
3,7124,-19,64,83,-5
3,7174,-19,66,85,-5
3,7224,-19,65,84,-4
3,7274,-22,64,86,-3
3,7324,-19,67,86,-2
3,7374,-18,66,84,-6
3,7424,-21,65,86,-2
3,7474,-19,68,87,-2
3,7524,-19,67,86,-3
3,7574,-19,67,86,-4
3,7624,-16,69,85,-5
3,7674,-17,71,88,-6
3,7724,-15,72,87,-2
3,7774,-17,69,86,-5
3,7824,-18,70,88,-1
3,7874,-16,71,87,-3
3,7924,-17,69,86,-2
3,7974,-12,72,84,-7
3,8024,-16,72,88,-3
3,8074,-15,71,86,-3
3,8124,-13,72,85,-4
3,8174,-14,73,87,1
3,8224,-14,73,87,-2
3,8274,-11,77,88,-2
3,8324,-15,73,88,-1
3,8374,-13,74,87,-2
3,8424,-9,77,86,-5
3,8474,-12,77,89,-2
3,8524,-14,75,89,1
3,8574,-10,77,87,-2
3,8624,-12,77,89,3
3,8674,-9,81,90,-1
3,8724,-8,80,88,-2
3,8774,-9,79,88,-2
3,8824,-3,82,85,-5
3,8874,-6,82,88,-2
3,8924,-3,83,86,-3
3,8974,-6,82,88,-2
3,9024,-5,84,89,-1
3,9074,0,84,84,-7
3,9124,-4,82,86,-4
3,9174,0,86,86,-5
3,9224,-1,85,86,-6
3,9274,-4,85,89,-3
3,9324,-1,87,88,-4
3,9374,2,88,86,-7
3,9424,0,87,87,-5
3,9474,1,90,89,-3
3,9524,-1,87,88,-4
3,9574,1,89,88,-4
3,9624,2,89,87,-4
3,9674,2,90,88,-4
3,9724,2,89,87,-2
3,9774,6,92,86,-7
3,9824,1,86,85,-3
3,9874,4,90,86,-4
3,9924,3,89,86,-4
3,9974,3,91,88,-4
3,10024,7,95,88,-7
3,10074,5,93,88,-4
4,125,-26,30,56,0
4,175,-22,38,60,-5
4,225,-24,45,69,-5
4,275,-25,51,76,-3
4,325,-22,59,81,-3
4,375,-27,55,82,-3
4,425,-24,59,83,-4
4,475,-24,61,85,-3
4,525,-25,60,85,-3
4,575,-22,63,85,-3
4,625,-20,65,85,-4
4,675,-20,65,85,-4
4,725,-18,65,83,-5
4,775,-22,66,88,-1
4,825,-17,67,84,-6
4,875,-16,69,85,-4
4,925,-16,67,83,-5
4,975,-20,66,86,-2
4,1025,-14,69,83,-6
4,1075,-14,70,84,-6
4,1125,-14,70,84,-4
4,1175,-12,69,81,-6
4,1225,-11,74,85,-4
4,1275,-11,72,83,-3
4,1325,-10,72,82,-5
4,1375,-8,74,82,-5
4,1425,-9,74,83,-4
4,1475,-7,74,81,-6
4,1525,-6,78,84,-4
4,1575,-7,77,84,-4
4,1625,-5,78,83,-6
4,1675,-5,78,83,-4
4,1725,-5,78,83,-4
4,1775,-3,79,82,-5
4,1825,-2,82,84,-4
4,1875,-2,79,81,-4
4,1925,3,86,83,-5
4,1975,0,83,83,-3
4,2025,7,90,83,-5
4,2075,3,85,82,-5
4,2125,4,87,83,-1
4,2175,3,89,86,-1
4,2225,1,86,85,-2
4,2275,5,88,83,-5
4,2325,6,90,84,-4
4,2375,5,90,85,-2
4,2425,5,92,87,-1
4,2475,10,93,83,-5
4,2525,9,94,85,-5
4,2575,8,94,86,-2
4,2625,9,95,86,-2
4,2675,10,97,87,-2
4,2725,11,98,87,-2
4,2775,12,100,88,-2
4,2825,12,100,88,-1
4,2875,14,102,88,-2
4,2925,13,102,89,-1
4,2975,19,107,88,-4
4,3025,16,106,90,-1
4,3075,17,104,87,-5
4,3125,19,108,89,-4
4,3175,19,108,89,-4
4,3225,19,110,91,-4
4,3275,19,109,90,-1
4,3325,21,111,90,-3
4,3375,21,111,90,-4
4,3425,31,114,83,-12
4,3475,26,116,90,-5
4,3525,28,120,92,-6
4,3575,24,120,96,-1
4,3625,29,123,94,-5
4,3675,30,124,94,-6
4,3725,32,128,96,-5
4,3775,30,126,96,-5
4,3825,33,130,97,-6
4,3875,31,131,100,-2
4,3925,34,132,98,-5
4,3975,33,133,100,-3
4,4025,36,135,99,-5
4,4075,38,139,101,-6
4,4125,42,139,97,-10
4,4175,40,143,103,-6
4,4225,38,142,104,-3
4,4275,39,142,103,-6
4,4325,43,148,105,-6
4,4375,43,148,105,-5
4,4425,42,148,106,-6
4,4475,46,155,109,-5
4,4525,56,164,108,-9
4,4575,49,158,109,-7
4,4625,50,160,110,-6
4,4675,46,158,112,-4
4,4725,51,162,111,-8
4,4775,47,159,112,-4
4,4825,47,162,115,-3
4,4875,51,162,111,-8
4,4925,46,162,116,-2
4,4975,48,166,118,-2
4,5025,46,167,121,0
4,5075,48,166,118,-1
4,5125,50,166,116,-5
4,5175,48,168,120,-1
4,5225,50,169,119,-4
4,5275,50,170,120,-3
4,5325,46,166,120,-2
4,5375,49,168,119,-4
4,5425,48,172,124,0
4,5475,47,167,120,-3
4,5525,49,170,121,-4
4,5575,49,171,122,-3
4,5625,49,170,121,-5
4,5675,48,168,120,-5
4,5725,50,171,121,-5
4,5775,50,170,120,-5
4,5825,48,170,122,-5
4,5875,48,171,123,-2
4,5925,42,171,129,1
4,5975,51,171,120,-9
4,6025,49,172,123,-4
4,6075,48,169,121,-7
4,6125,51,171,120,-8
4,6175,47,169,122,-5
4,6225,51,172,121,-9
4,6275,46,167,121,-9
4,6325,49,170,121,-9
4,6375,45,169,124,-4
4,6425,45,166,121,-5
4,6475,43,164,121,-5
4,6525,44,166,122,-6
4,6575,43,165,122,-6
4,6625,46,167,121,-8
4,6675,43,165,122,-5
4,6725,43,163,120,-8
4,6775,42,163,121,-6
4,6825,36,164,128,1
4,6875,40,161,121,-6
4,6925,40,162,122,-5
4,6975,40,159,119,-7
4,7025,38,158,120,-5
4,7075,40,160,120,-6
4,7125,46,165,119,-9
4,7175,41,159,118,-10
4,7225,34,154,120,-4
4,7275,34,152,118,-5
4,7325,34,153,119,-3
4,7375,33,148,115,-5
4,7425,32,148,116,-4
4,7475,28,143,115,-2
4,7525,31,144,113,-6
4,7575,30,143,113,-4
4,7625,28,142,114,-2
4,7675,27,140,113,-3
4,7725,29,139,110,-5
4,7775,26,137,111,-2
4,7825,25,136,111,-3
4,7875,27,136,109,-5
4,7925,24,134,110,-1
4,7975,24,130,106,-4
4,8025,23,130,107,-4
4,8075,23,128,105,-5
4,8125,29,134,105,-7
4,8175,19,124,105,-2
4,8225,19,123,104,-3
4,8275,21,123,102,-5
4,8325,19,122,103,-5
4,8375,19,120,101,-4
4,8425,21,122,101,-5
4,8475,18,118,100,-6
4,8525,17,118,101,-4
4,8575,18,114,96,-7
4,8625,16,114,98,-7
4,8675,15,113,98,-5
4,8725,15,111,96,-5
4,8775,14,110,96,-6
4,8825,13,110,97,-4
4,8875,11,107,96,-4
4,8925,13,108,95,-6
4,8975,10,105,95,-4
4,9025,10,105,95,-4
4,9075,11,102,91,-7
4,9125,9,102,93,-4
4,9175,7,98,91,-6
4,9225,8,102,94,-4
4,9275,7,97,90,-6
4,9325,6,98,92,-4
4,9375,5,95,90,-5
4,9425,7,96,89,-7
4,9475,6,96,90,-4
4,9525,3,92,89,-4
4,9575,4,91,87,-7
4,9625,3,92,89,-4
4,9675,1,88,87,-5
4,9725,2,88,86,-7
4,9775,0,87,87,-4
4,9825,-3,84,87,-4
4,9875,-1,83,84,-5
4,9925,-3,84,87,-2
4,9975,-3,82,85,-4
4,10025,-2,83,85,-6
4,10075,-4,81,85,-4
5,126,35,122,87,-4
5,176,39,133,94,-7
5,226,41,144,103,-6
5,276,41,148,107,-6
5,326,47,155,108,-11
5,376,42,153,111,-8
5,426,43,153,110,-10
5,476,42,154,112,-8
5,526,39,152,113,-7
5,576,41,150,109,-9
5,626,39,150,111,-8
5,676,37,147,110,-9
5,726,39,147,108,-10
5,776,37,146,109,-8
5,826,37,143,106,-10
5,876,34,141,107,-7
5,926,33,137,104,-10
5,976,32,137,105,-6
5,1026,29,133,104,-7
5,1076,30,133,103,-8
5,1126,28,130,102,-7
5,1176,32,132,100,-10
5,1226,25,128,103,-4
5,1276,27,124,97,-11
5,1326,29,127,98,-9
5,1376,23,121,98,-6
5,1426,27,122,95,-9
5,1476,21,119,98,-3
5,1526,27,118,91,-9
5,1576,20,115,95,-4
5,1626,19,111,92,-6
5,1676,22,114,92,-7
5,1726,18,111,93,-4
5,1776,17,107,90,-5
5,1826,17,105,88,-6
5,1876,18,107,89,-6
5,1926,17,103,86,-6
5,1976,16,103,87,-6
5,2026,14,100,86,-5
5,2076,10,95,85,-4
5,2126,13,97,84,-6
5,2176,14,96,82,-6
5,2226,10,93,83,-4
5,2276,15,94,79,-8
5,2326,7,89,82,-5
5,2376,9,89,80,-7
5,2426,9,87,78,-6
5,2476,9,86,77,-6
5,2526,8,83,75,-7
5,2576,7,83,76,-6
5,2626,8,83,75,-7
5,2676,6,81,75,-6
5,2726,3,79,76,-4
5,2776,2,78,76,-3
5,2826,3,76,73,-6
5,2876,2,75,73,-6
5,2926,7,76,69,-10
5,2976,2,74,72,-7
5,3026,2,72,70,-9
5,3076,2,71,69,-9
5,3126,0,69,69,-7
5,3176,0,68,68,-7
5,3226,1,69,68,-8
5,3276,-1,66,67,-7
5,3326,-1,66,67,-8
5,3376,-4,64,68,-7
5,3426,-2,63,65,-9
5,3476,-6,63,69,-6
5,3526,-3,61,64,-8
5,3576,-8,59,67,-6
5,3626,-8,59,67,-7
5,3676,-6,59,65,-8
5,3726,-11,57,68,-4
5,3776,-9,55,64,-7
5,3826,-11,55,66,-6
5,3876,-10,55,65,-7
5,3926,-12,52,64,-7
5,3976,-15,51,66,-6
5,4026,-12,52,64,-7
5,4076,-17,49,66,-6
5,4126,-18,46,64,-11
5,4176,-13,49,62,-8
5,4226,-21,45,66,-4
5,4276,-16,44,60,-8
5,4326,-22,42,64,-5
5,4376,-22,42,64,-4
5,4426,-18,43,61,-8
5,4476,-25,41,66,-2
5,4526,-15,46,61,-9
5,4576,-30,35,65,-2
5,4626,-25,38,63,-5
5,4676,-25,38,63,-5
5,4726,-31,35,66,-1
5,4776,-24,37,61,-8
5,4826,-30,37,67,-3
5,4876,-31,34,65,-4
5,4926,-29,36,65,-5
5,4976,-28,37,65,-7
5,5026,-30,35,65,-2
5,5076,-33,32,65,-5
5,5126,-32,34,66,-5
5,5176,-30,34,64,-6
5,5226,-32,33,65,-6
5,5276,-31,33,64,-8
5,5326,-36,31,67,-3
5,5376,-32,34,66,-7
5,5426,-32,32,64,-7
5,5476,-34,33,67,-6
5,5526,-31,32,63,-10
5,5576,-38,31,69,-4
5,5626,-35,31,66,-7
5,5676,-31,33,64,-10
5,5726,-32,33,65,-9
5,5776,-33,33,66,-8
5,5826,-36,31,67,-8
5,5876,-34,32,66,-9
5,5926,-36,32,68,-6
5,5976,-36,33,69,-6
5,6026,-34,32,66,-9
5,6076,-38,30,68,-6
5,6126,-36,31,67,-8
5,6176,-32,34,66,-10
5,6226,-33,36,69,-8
5,6276,-32,34,66,-10
5,6326,-34,36,70,-8
5,6376,-39,31,70,-5
5,6426,-33,37,70,-8
5,6476,-36,37,73,-5
5,6526,-33,37,70,-8
5,6576,-36,37,73,-6
5,6626,-35,37,72,-7
5,6676,-33,39,72,-8
5,6726,-38,37,75,-5
5,6776,-33,38,71,-8
5,6826,-34,39,73,-8
5,6876,-37,38,75,-5
5,6926,-35,39,74,-6
5,6976,-34,41,75,-6
5,7026,-33,43,76,-7
5,7076,-35,40,75,-6
5,7126,-33,42,75,-7
5,7176,-31,44,75,-7
5,7226,-34,44,78,-5
5,7276,-34,42,76,-5
5,7326,-36,41,77,-3
5,7376,-33,41,74,-7
5,7426,-31,45,76,-6
5,7476,-34,45,79,-5
5,7526,-33,43,76,-5
5,7576,-35,46,81,-1
5,7626,-37,41,78,-5
5,7676,-32,48,80,-4
5,7726,-33,47,80,-3
5,7776,-29,48,77,-4
5,7826,-32,49,81,2
5,7876,-27,51,78,-7
5,7926,-29,49,78,-5
5,7976,-29,51,80,-4
5,8026,-26,54,80,-7
5,8076,-27,53,80,-6
5,8126,-26,54,80,-4
5,8176,-24,56,80,-6
5,8226,-28,57,85,-2
5,8276,-24,56,80,-6
5,8326,-26,55,81,-5
5,8376,-22,58,80,-7
5,8426,-21,59,80,-6
5,8476,-19,61,80,-7
5,8526,-20,58,78,-7
5,8576,-20,60,80,-7
5,8626,-19,62,81,-7
5,8676,-16,64,80,-8
5,8726,-16,65,81,-8
5,8776,-17,62,79,-7
5,8826,-16,65,81,-8
5,8876,-16,66,82,-7
5,8926,-14,67,81,-7
5,8976,-16,68,84,-5
5,9026,-11,71,82,-9
5,9076,-14,69,83,-6
5,9126,-14,68,82,-7
5,9176,-10,71,81,-9
5,9226,-15,70,85,-4
5,9276,-10,70,80,-9
5,9326,-14,71,85,-4
5,9376,-12,70,82,-7
5,9426,-9,73,82,-7
5,9476,-13,73,86,-3
5,9526,-7,73,80,-9
5,9576,-9,74,83,-6
5,9626,-10,73,83,-5
5,9676,-8,76,84,-5
5,9726,-10,75,85,-3
5,9776,-8,74,82,-6
5,9826,-10,74,84,-5
5,9876,-2,82,84,-7
5,9926,12,96,84,-12
5,9976,-11,78,89,-1
5,10026,-5,79,84,-7
5,10076,-8,77,85,-5
6,124,-18,33,51,-4
6,174,-18,42,60,-5
6,224,-22,45,67,-5
6,274,-22,51,73,-4
6,324,-19,58,77,-4
6,374,-20,58,78,-5
6,424,-20,60,80,-5
6,474,-18,64,82,-5
6,524,-21,61,82,-2
6,574,-15,65,80,-8
6,624,-18,65,83,-5
6,674,-16,66,82,-5
6,724,-16,65,81,-3
6,774,-14,67,81,-5
6,824,-16,67,83,-3
6,874,-15,68,83,-3
6,924,-14,67,81,-5
6,974,-16,67,83,-4
6,1024,-10,71,81,-6
6,1074,-7,70,77,-8
6,1124,-16,65,81,-4
6,1174,-3,79,82,-7
6,1224,-13,71,84,-1
6,1274,-12,72,84,-1
6,1324,-13,71,84,0
6,1374,-7,73,80,-5
6,1424,-7,75,82,-4
6,1474,-7,74,81,-5
6,1524,-5,78,83,-1
6,1574,-6,77,83,1
6,1624,-6,78,84,-2
6,1674,-5,80,85,-2
6,1724,-6,79,85,-1
6,1774,-1,82,83,-5
6,1824,-4,81,85,-2
6,1874,-1,83,84,-3
6,1924,-3,82,85,-1
6,1974,0,82,82,-5
6,2024,6,85,79,-13
6,2074,1,83,82,-3
6,2124,3,85,82,-2
6,2174,3,87,84,-2
6,2224,2,85,83,-3
6,2274,1,83,82,-1
6,2324,9,88,79,-5
6,2374,5,85,80,-5
6,2424,6,87,81,-4
6,2474,11,91,80,-7
6,2524,7,89,82,-3
6,2574,13,93,80,-7
6,2624,8,91,83,-3
6,2674,7,91,84,-2
6,2724,15,96,81,-5
6,2774,10,93,83,-5
6,2824,11,95,84,-3
6,2874,16,99,83,-6
6,2924,13,97,84,-4
6,2974,12,99,87,-3
6,3024,16,101,85,-4
6,3074,20,102,82,-7
6,3124,17,102,85,-6
6,3174,17,104,87,-5
6,3224,21,105,84,-6
6,3274,19,107,88,-4
6,3324,17,107,90,-1
6,3374,22,109,87,-6
6,3424,21,111,90,-5
6,3474,20,111,91,-4
6,3524,24,115,91,-4
6,3574,26,116,90,-7
6,3624,23,116,93,-3
6,3674,26,119,93,-4
6,3724,29,121,92,-7
6,3774,27,120,93,-4
6,3824,32,125,93,-7
6,3874,26,121,95,-3
6,3924,29,123,94,-3
6,3974,28,123,95,-4
6,4024,32,126,94,-6
6,4074,32,128,96,-5
6,4124,29,128,99,-2
6,4174,34,132,98,-4
6,4224,32,131,99,-3
6,4274,32,134,102,1
6,4324,34,135,101,-2
6,4374,36,135,99,-5
6,4424,33,136,103,-2
6,4474,38,141,103,-3
6,4524,37,139,102,-3
6,4574,37,139,102,-4
6,4624,46,149,103,-6
6,4674,39,145,106,-3
6,4724,37,145,108,2
6,4774,40,146,106,-8
6,4824,41,149,108,-3
6,4874,47,154,107,-5
6,4924,40,149,109,-2
6,4974,48,154,106,-7
6,5024,49,157,108,-7
6,5074,49,155,106,-8
6,5124,48,156,108,-6
6,5174,29,156,127,12
6,5224,49,159,110,-5
6,5274,52,162,110,-7
6,5324,49,160,111,-5
6,5374,51,161,110,-8
6,5424,52,163,111,-7
6,5474,47,162,115,-3
6,5524,51,165,114,-4
6,5574,53,165,112,-8
6,5624,50,166,116,-5
6,5674,51,167,116,-5
6,5724,54,167,113,-7
6,5774,53,167,114,-8
6,5824,52,169,117,-5
6,5874,51,168,117,-5
6,5924,53,168,115,-5
6,5974,54,168,114,-10
6,6024,52,168,116,-7
6,6074,57,171,114,-11
6,6124,53,171,118,-7
6,6174,54,172,118,-7
6,6224,54,171,117,-8
6,6274,49,168,119,-5
6,6324,50,169,119,-4
6,6374,53,169,116,-8
6,6424,46,164,118,-4
6,6474,44,161,117,-3
6,6524,52,167,115,-8
6,6574,50,166,116,-8
6,6624,52,168,116,-6
6,6674,49,166,117,-6
6,6724,47,163,116,-4
6,6774,51,165,114,-8
6,6824,50,164,114,-7
6,6874,48,164,116,-5
6,6924,48,163,115,-6
6,6974,47,163,116,-5
6,7024,52,167,115,-8
6,7074,47,161,114,-5
6,7124,48,160,112,-6
6,7174,47,161,114,-8
6,7224,44,160,116,-4
6,7274,48,163,115,-6
6,7324,45,159,114,-5
6,7374,45,159,114,-6
6,7424,44,157,113,-5
6,7474,43,158,115,-4
6,7524,43,158,115,-3
6,7574,44,156,112,-7
6,7624,44,156,112,-6
6,7674,44,156,112,-6
6,7724,46,155,109,-8
6,7774,42,154,112,-7
6,7824,41,152,111,-6
6,7874,42,152,110,-6
6,7924,39,150,111,-3
6,7974,44,152,108,-8
6,8024,42,150,108,-9
6,8074,42,147,105,-8
6,8124,38,144,106,-7
6,8174,42,149,107,-6
6,8224,40,145,105,-8
6,8274,37,143,106,-7
6,8324,35,143,108,-3
6,8374,40,142,102,-10
6,8424,36,140,104,-7
6,8474,35,141,106,-5
6,8524,36,140,104,-6
6,8574,34,138,104,-7
6,8624,33,136,103,-7
6,8674,35,138,103,-8
6,8724,33,135,102,-6
6,8774,31,133,102,-7
6,8824,31,132,101,-7
6,8874,30,132,102,-6
6,8924,30,129,99,-8
6,8974,30,129,99,-9
6,9024,28,127,99,-6
6,9074,31,128,97,-11
6,9124,18,118,100,-3
6,9174,28,126,98,-8
6,9224,26,123,97,-8
6,9274,25,123,98,-6
6,9324,27,125,98,-7
6,9374,22,121,99,-5
6,9424,19,118,99,-3
6,9474,22,119,97,-4
6,9524,21,116,95,-7
6,9574,19,116,97,-8
6,9624,21,118,97,-4
6,9674,18,114,96,-4
6,9724,21,114,93,-6
6,9774,20,113,93,-6
6,9824,15,110,95,-3
6,9874,18,111,93,-3
6,9924,20,109,89,-9
6,9974,15,107,92,-2
6,10024,22,113,91,-4
6,10074,16,106,90,-4
