step,is_cl,bemf,sw_vcom,flt,vcom_adc,laptime,d_cur,d_tgt,par,ccr
2,True,-6.666666666666667,6.666666666666667,0,6,256,575,575,50,220
2,True,-6.0,6.0,0,9,306,575,575,50,220
2,True,-6.0,6.0,0,12,356,575,575,50,220
2,True,-6.333333333333333,6.333333333333333,0,14,406,575,575,50,220
2,True,-6.666666666666667,6.666666666666667,0,17,456,575,575,50,220
2,True,-3.666666666666666,8.666666666666666,5,20,506,575,575,50,220
2,True,0.6666666666666661,11.333333333333334,12,22,556,575,575,50,220
2,True,5.333333333333334,13.666666666666666,19,25,606,575,575,50,220
2,True,9.333333333333332,16.666666666666668,26,27,656,575,575,50,220
2,True,14.0,19.0,33,30,706,575,575,50,220
2,True,18.0,22.0,40,33,756,575,575,50,220
2,True,23.333333333333332,24.666666666666668,48,36,806,575,575,50,220
2,True,28.0,28.0,56,38,856,575,575,50,220
2,True,32.66666666666667,30.333333333333332,63,41,906,575,575,50,220
2,True,37.666666666666664,33.333333333333336,71,44,956,575,575,50,220
2,True,42.0,36.0,78,47,1006,575,575,50,220
2,True,47.333333333333336,38.666666666666664,86,49,1056,575,575,50,220
2,True,52.333333333333336,41.666666666666664,94,52,1106,575,575,50,220
3,True,49.333333333333336,36.666666666666664,86,47,56,575,575,50,220
3,True,47.333333333333336,37.666666666666664,85,48,106,575,575,50,220
3,True,40.333333333333336,33.666666666666664,74,44,156,575,575,50,220
3,True,35.33333333333333,30.666666666666668,66,41,206,575,575,50,220
3,True,30.333333333333332,27.666666666666668,58,39,256,575,575,50,220
3,True,25.0,25.0,50,35,306,575,575,50,220
3,True,20.333333333333332,21.666666666666668,42,33,356,575,575,50,220
3,True,16.0,19.0,35,30,406,575,575,50,220
3,True,11.333333333333332,16.666666666666668,28,27,456,575,575,50,220
3,True,7.333333333333334,13.666666666666666,21,25,506,575,575,50,220
3,True,2.666666666666666,11.333333333333334,14,22,556,575,575,50,220
3,True,-2.0,9.0,7,20,606,600,600,50,220
3,True,-6.0,6.0,0,17,656,600,600,50,220
3,True,-6.0,6.0,0,14,706,600,600,50,220
3,True,-5.666666666666667,5.666666666666667,0,12,756,600,600,50,220
3,True,-5.333333333333333,5.333333333333333,0,9,806,600,600,50,220
3,True,-5.0,5.0,0,6,856,600,600,50,220
3,True,-5.0,5.0,0,3,906,600,600,50,220
3,True,-4.333333333333333,4.333333333333333,0,1,956,600,600,50,220
3,True,-4.0,4.0,0,0,1006,600,600,50,220
3,True,-3.6666666666666665,3.6666666666666665,0,0,1056,600,600,50,220
3,True,-3.6666666666666665,3.6666666666666665,0,0,1106,600,600,50,220
3,True,-3.0,3.0,0,0,1156,600,600,50,220
3,True,-3.0,3.0,0,0,1206,600,600,50,220
4,True,-5.333333333333333,5.333333333333333,0,0,81,600,600,50,220
4,True,-5.666666666666667,5.666666666666667,0,1,131,600,600,50,220
4,True,-6.0,6.0,0,4,181,600,600,50,220
4,True,-6.0,6.0,0,6,231,600,600,50,220
4,True,-6.333333333333333,6.333333333333333,0,9,281,600,600,50,220
4,True,-6.666666666666667,6.666666666666667,0,12,331,600,600,50,220
4,True,-7.0,7.0,0,15,381,600,600,50,220
4,True,-7.333333333333333,7.333333333333333,0,18,431,600,600,50,220
4,True,-4.0,9.0,5,21,481,600,600,50,220
4,True,0.6666666666666661,11.333333333333334,12,23,531,575,575,50,220
4,True,4.666666666666666,14.333333333333334,19,26,581,575,575,50,220
4,True,9.666666666666668,17.333333333333332,27,28,631,575,575,50,220
4,True,13.333333333333332,19.666666666666668,33,31,681,575,575,50,220
4,True,18.0,22.0,40,34,731,575,575,50,220
4,True,22.666666666666668,25.333333333333332,48,37,781,575,575,50,220
4,True,27.333333333333332,27.666666666666668,55,39,831,575,575,50,220
4,True,30.666666666666668,31.333333333333332,62,42,881,575,575,50,220
4,True,36.0,33.0,69,44,931,575,575,50,220
4,True,40.666666666666664,35.333333333333336,76,47,981,575,575,50,220
4,True,45.666666666666664,38.333333333333336,84,50,1031,575,575,50,220
4,True,50.333333333333336,40.666666666666664,91,52,1081,575,575,50,220
5,True,45.0,35.0,80,45,56,575,575,50,220
5,True,40.0,35.0,75,47,106,575,575,50,220
5,True,35.666666666666664,32.333333333333336,68,44,156,575,575,50,220
5,True,30.0,29.0,59,41,206,575,575,50,220
5,True,25.0,26.0,51,37,256,575,575,50,220
5,True,20.666666666666668,23.333333333333332,44,34,306,575,575,50,220
5,True,16.333333333333332,20.666666666666668,37,32,356,575,575,50,220
5,True,11.666666666666668,18.333333333333332,30,29,406,575,575,50,220
5,True,7.666666666666666,15.333333333333334,23,27,456,575,575,50,220
5,True,3.0,13.0,16,24,506,575,575,50,220
5,True,-0.6666666666666661,10.666666666666666,10,22,556,575,575,50,220
5,True,-4.666666666666667,7.666666666666667,3,19,606,600,600,50,220
5,True,-7.0,7.0,0,17,656,600,600,50,220
5,True,-6.333333333333333,6.333333333333333,0,14,706,600,600,50,220
5,True,-7.333333333333333,7.333333333333333,0,12,756,600,600,50,220
5,True,-5.666666666666667,5.666666666666667,0,8,806,600,600,50,220
5,True,-5.666666666666667,5.666666666666667,0,5,856,600,600,50,220
5,True,-5.0,5.0,0,2,906,600,600,50,220
5,True,-5.0,5.0,0,0,956,600,600,50,220
5,True,-4.333333333333333,4.333333333333333,0,0,1006,600,600,50,220
5,True,-4.333333333333333,4.333333333333333,0,0,1056,600,600,50,220
5,True,-3.6666666666666665,3.6666666666666665,0,0,1106,600,600,50,220
5,True,-3.3333333333333335,3.3333333333333335,0,0,1156,600,600,50,220
5,True,-3.3333333333333335,3.3333333333333335,0,0,1206,600,600,50,220
6,True,-4.333333333333333,4.333333333333333,0,0,80,600,600,50,220
6,True,-4.666666666666667,4.666666666666667,0,3,130,600,600,50,220
6,True,-5.0,5.0,0,6,180,600,600,50,220
6,True,-5.0,5.0,0,8,230,600,600,50,220
6,True,-5.666666666666667,5.666666666666667,0,12,280,600,600,50,220
6,True,-5.666666666666667,5.666666666666667,0,14,330,600,600,50,220
6,True,-6.0,6.0,0,17,380,600,600,50,220
6,True,-2.333333333333334,8.333333333333334,6,20,430,600,600,50,220
6,True,2.333333333333334,10.666666666666666,13,22,480,550,550,50,220
6,True,7.666666666666666,14.333333333333334,22,25,530,550,550,50,220
6,True,10.333333333333334,15.666666666666666,26,27,580,550,550,50,220
6,True,15.333333333333332,18.666666666666668,34,30,630,550,550,50,220
6,True,19.666666666666668,21.333333333333332,41,33,680,550,550,50,220
6,True,24.333333333333332,23.666666666666668,48,35,730,550,550,50,220
6,True,28.333333333333332,26.666666666666668,55,38,780,550,550,50,220
6,True,33.0,29.0,62,41,830,550,550,50,220
6,True,37.66666666666667,31.333333333333332,69,42,880,550,550,50,220
6,True,41.666666666666664,34.333333333333336,76,46,930,550,550,50,220
6,True,46.333333333333336,36.666666666666664,83,48,980,550,550,50,220
6,True,50.666666666666664,39.333333333333336,90,50,1030,550,550,50,220
1,True,47.0,40.0,87,52,81,550,550,50,220
1,True,42.0,37.0,79,49,131,550,550,50,220
1,True,37.0,34.0,71,45,181,550,550,50,220
1,True,33.0,31.0,64,42,231,550,550,50,220
1,True,28.333333333333332,28.666666666666668,57,40,281,550,550,50,220
1,True,23.333333333333332,25.666666666666668,49,37,331,550,550,50,220
1,True,18.333333333333332,22.666666666666668,41,34,381,550,550,50,220
1,True,13.666666666666668,20.333333333333332,34,31,431,550,550,50,220
1,True,8.666666666666668,18.333333333333332,27,29,481,550,550,50,220
1,True,5.0,15.0,20,26,531,550,550,50,220
1,True,0.6666666666666661,12.333333333333334,13,23,581,550,550,50,220
1,True,-3.0,10.0,7,21,631,600,600,50,220
1,True,-7.666666666666667,7.666666666666667,0,18,681,600,600,50,220
1,True,-7.0,7.0,0,16,731,600,600,50,220
1,True,-7.0,7.0,0,13,781,600,600,50,220
1,True,-6.666666666666667,6.666666666666667,0,11,831,600,600,50,220
1,True,-6.333333333333333,6.333333333333333,0,8,881,600,600,50,220
1,True,-5.666666666666667,5.666666666666667,0,5,931,600,600,50,220
1,True,-5.666666666666667,5.666666666666667,0,1,981,600,600,50,220
1,True,-5.333333333333333,5.333333333333333,0,0,1031,600,600,50,220
1,True,-4.666666666666667,4.666666666666667,0,0,1081,600,600,50,220
1,True,-4.666666666666667,4.666666666666667,0,0,1131,600,600,50,220
1,True,-4.0,4.0,0,0,1181,600,600,50,220
1,True,-4.0,4.0,0,0,1231,600,600,50,220
2,True,-4.666666666666667,4.666666666666667,0,0,81,600,600,50,220
2,True,-5.0,5.0,0,0,131,600,600,50,220
2,True,-5.333333333333333,5.333333333333333,0,3,181,600,600,50,220
2,True,-6.333333333333333,6.333333333333333,0,6,231,600,600,50,220
2,True,-6.0,6.0,0,8,281,600,600,50,220
2,True,-6.0,6.0,0,11,331,600,600,50,220
2,True,-6.666666666666667,6.666666666666667,0,14,381,600,600,50,220
2,True,-6.666666666666667,6.666666666666667,0,17,431,600,600,50,220
2,True,-4.0,8.0,4,19,481,600,600,50,220
2,True,0.0,11.0,11,22,531,600,600,50,220
2,True,4.0,13.0,17,24,581,600,600,50,220
2,True,8.0,16.0,24,27,631,600,600,50,220
2,True,12.666666666666668,18.333333333333332,31,29,681,600,600,50,220
2,True,17.0,21.0,38,32,731,600,600,50,220
2,True,22.0,24.0,46,35,781,600,600,50,220
2,True,26.0,27.0,53,37,831,600,600,50,220
2,True,31.0,29.0,60,40,881,600,600,50,220
2,True,36.0,32.0,68,43,931,600,600,50,220
2,True,40.0,35.0,75,46,981,600,600,50,220
2,True,45.0,38.0,83,49,1031,600,600,50,220
2,True,49.666666666666664,40.333333333333336,90,51,1081,600,600,50,220
2,True,55.666666666666664,43.333333333333336,99,54,1131,600,600,50,220
2,True,61.0,46.0,107,57,1181,600,600,50,220
3,True,39.666666666666664,33.333333333333336,73,44,81,600,600,50,220
3,True,34.33333333333333,30.666666666666668,65,41,131,600,600,50,220
3,True,29.333333333333332,26.666666666666668,56,38,181,600,600,50,220
3,True,24.0,24.0,48,35,231,600,600,50,220
3,True,20.0,21.0,41,32,281,600,600,50,220
3,True,14.666666666666668,18.333333333333332,33,29,331,600,600,50,220
3,True,10.0,16.0,26,26,381,600,600,50,220
3,True,6.0,13.0,19,24,431,600,600,50,220
3,True,1.333333333333334,10.666666666666666,12,22,481,600,600,50,220
3,True,-3.0,8.0,5,19,531,575,575,50,220
3,True,-6.333333333333333,6.333333333333333,0,16,581,575,575,50,220
3,True,-5.666666666666667,5.666666666666667,0,13,631,575,575,50,220
3,True,-5.666666666666667,5.666666666666667,0,11,681,575,575,50,220
3,True,-5.0,5.0,0,8,731,575,575,50,220
3,True,-4.666666666666667,4.666666666666667,0,5,781,575,575,50,220
3,True,-4.333333333333333,4.333333333333333,0,2,831,575,575,50,220
3,True,-4.333333333333333,4.333333333333333,0,0,881,575,575,50,220
3,True,-3.6666666666666665,3.6666666666666665,0,0,931,575,575,50,220
3,True,-3.6666666666666665,3.6666666666666665,0,0,981,575,575,50,220
3,True,-4.0,4.0,0,0,1031,575,575,50,220
3,True,-3.0,3.0,0,0,1081,575,575,50,220
4,True,-7.333333333333333,7.333333333333333,0,0,56,575,575,50,220
4,True,-5.333333333333333,5.333333333333333,0,0,106,575,575,50,220
4,True,-5.666666666666667,5.666666666666667,0,2,156,575,575,50,220
4,True,-6.0,6.0,0,5,206,575,575,50,220
4,True,-6.333333333333333,6.333333333333333,0,8,256,575,575,50,220
4,True,-6.666666666666667,6.666666666666667,0,10,306,575,575,50,220
4,True,-6.666666666666667,6.666666666666667,0,12,356,575,575,50,220
4,True,-7.0,7.0,0,15,406,575,575,50,220
4,True,-7.0,7.0,0,18,456,575,575,50,220
4,True,-3.333333333333334,9.333333333333334,6,21,506,575,575,50,220
4,True,0.0,12.0,12,23,556,575,575,50,220
4,True,4.666666666666666,14.333333333333334,19,26,606,600,600,50,220
4,True,9.333333333333332,16.666666666666668,26,28,656,600,600,50,220
4,True,13.666666666666668,19.333333333333332,33,30,706,600,600,50,220
4,True,18.0,22.0,40,33,756,600,600,50,220
4,True,22.333333333333332,24.666666666666668,47,36,806,600,600,50,220
4,True,26.666666666666668,27.333333333333332,54,39,856,600,600,50,220
4,True,30.666666666666668,31.333333333333332,62,42,906,600,600,50,220
4,True,35.333333333333336,32.666666666666664,68,44,956,600,600,50,220
4,True,41.0,36.0,77,47,1006,600,600,50,220
4,True,45.333333333333336,38.666666666666664,84,50,1056,600,600,50,220
4,True,50.0,41.0,91,53,1106,600,600,50,220
4,True,54.333333333333336,43.666666666666664,98,55,1156,600,600,50,220
4,True,60.333333333333336,46.666666666666664,107,58,1206,600,600,50,220
5,True,37.333333333333336,33.666666666666664,71,45,81,600,600,50,220
5,True,32.33333333333333,30.666666666666668,63,42,131,600,600,50,220
5,True,27.666666666666668,27.333333333333332,55,39,181,600,600,50,220
5,True,22.666666666666668,24.333333333333332,47,36,231,600,600,50,220
5,True,17.666666666666668,21.333333333333332,39,33,281,600,600,50,220
5,True,12.666666666666668,18.333333333333332,31,30,331,600,600,50,220
5,True,9.0,16.0,25,27,381,600,600,50,220
5,True,3.666666666666666,13.333333333333334,17,24,431,600,600,50,220
5,True,-0.6666666666666661,10.666666666666666,10,22,481,600,600,50,220
5,True,-4.0,8.0,4,20,531,575,575,50,220
5,True,-7.0,7.0,0,17,581,575,575,50,220
5,True,-6.333333333333333,6.333333333333333,0,14,631,575,575,50,220
5,True,-6.0,6.0,0,11,681,575,575,50,220
5,True,-7.0,7.0,0,9,731,575,575,50,220
5,True,-5.666666666666667,5.666666666666667,0,5,781,575,575,50,220
5,True,-5.0,5.0,0,3,831,575,575,50,220
5,True,-5.0,5.0,0,0,881,575,575,50,220
5,True,-4.666666666666667,4.666666666666667,0,0,931,575,575,50,220
5,True,-4.333333333333333,4.333333333333333,0,0,981,575,575,50,220
5,True,-4.0,4.0,0,0,1031,575,575,50,220
5,True,-3.6666666666666665,3.6666666666666665,0,0,1081,575,575,50,220
6,True,-5.666666666666667,5.666666666666667,0,1,55,575,575,50,220
6,True,-4.0,4.0,0,0,105,575,575,50,220
6,True,-4.666666666666667,4.666666666666667,0,3,155,575,575,50,220
6,True,-5.0,5.0,0,5,205,575,575,50,220
6,True,-5.0,5.0,0,8,255,575,575,50,220
6,True,-5.333333333333333,5.333333333333333,0,11,305,575,575,50,220
6,True,-5.666666666666667,5.666666666666667,0,14,355,575,575,50,220
6,True,-5.666666666666667,5.666666666666667,0,16,405,575,575,50,220
6,True,-3.666666666666667,7.666666666666667,4,19,455,575,575,50,220
6,True,1.666666666666666,10.333333333333334,12,22,505,550,550,50,220
6,True,7.0,14.0,21,25,555,550,550,50,220
6,True,9.666666666666666,15.333333333333334,25,27,605,550,550,50,220
6,True,15.666666666666668,18.333333333333332,34,29,655,550,550,50,220
6,True,19.0,21.0,40,32,705,550,550,50,220
6,True,24.333333333333332,23.666666666666668,48,35,755,550,550,50,220
6,True,28.0,26.0,54,37,805,550,550,50,220
6,True,33.66666666666667,29.333333333333332,63,41,855,550,550,50,220
6,True,37.666666666666664,32.333333333333336,70,43,905,550,550,50,220
6,True,42.333333333333336,34.666666666666664,77,45,955,550,550,50,220
6,True,47.0,37.0,84,48,1005,550,550,50,220
6,True,52.0,40.0,92,52,1055,550,550,50,220
1,True,45.0,39.0,84,51,81,550,550,50,220
1,True,40.0,36.0,76,48,131,550,550,50,220
1,True,35.0,33.0,68,44,181,550,550,50,220
1,True,30.0,30.0,60,41,231,550,550,50,220
1,True,25.0,27.0,52,38,281,550,550,50,220
1,True,20.666666666666668,24.333333333333332,45,36,331,550,550,50,220
1,True,16.333333333333332,21.666666666666668,38,33,381,550,550,50,220
1,True,12.0,19.0,31,30,431,550,550,50,220
1,True,6.666666666666668,17.333333333333332,24,28,481,550,550,50,220
1,True,3.333333333333334,13.666666666666666,17,25,531,550,550,50,220
1,True,-1.333333333333334,11.333333333333334,10,23,581,575,575,50,220
1,True,-5.0,9.0,4,20,631,575,575,50,220
1,True,-7.333333333333333,7.333333333333333,0,17,681,575,575,50,220
1,True,-7.0,7.0,0,15,731,575,575,50,220
1,True,-6.666666666666667,6.666666666666667,0,12,781,575,575,50,220
1,True,-6.333333333333333,6.333333333333333,0,9,831,575,575,50,220
1,True,-6.0,6.0,0,6,881,575,575,50,220
1,True,-5.666666666666667,5.666666666666667,0,4,931,575,575,50,220
1,True,-5.333333333333333,5.333333333333333,0,1,981,575,575,50,220
1,True,-5.333333333333333,5.333333333333333,0,0,1031,575,575,50,220
1,True,-5.0,5.0,0,0,1081,575,575,50,220
1,True,-4.666666666666667,4.666666666666667,0,0,1131,575,575,50,220
2,True,-6.0,6.0,0,0,56,575,575,50,220
2,True,-4.333333333333333,4.333333333333333,0,0,106,575,575,50,220
2,True,-4.666666666666667,4.666666666666667,0,0,156,575,575,50,220
2,True,-5.0,5.0,0,0,206,575,575,50,220
2,True,-5.0,5.0,0,3,256,575,575,50,220
2,True,-5.333333333333333,5.333333333333333,0,5,306,575,575,50,220
2,True,-7.0,7.0,0,8,356,575,575,50,220
2,True,-6.0,6.0,0,11,406,575,575,50,220
2,True,-6.333333333333333,6.333333333333333,0,13,456,575,575,50,220
2,True,-6.666666666666667,6.666666666666667,0,16,506,575,575,50,220
2,True,-5.666666666666667,7.666666666666667,2,19,556,575,575,50,220
2,True,-0.3333333333333339,10.333333333333334,10,21,606,575,575,50,220
2,True,4.0,13.0,17,24,656,625,625,50,220
2,True,7.333333333333334,15.666666666666666,23,27,706,625,625,50,220
2,True,12.0,18.0,30,29,756,625,625,50,220
2,True,16.666666666666668,21.333333333333332,38,32,806,625,625,50,220
2,True,21.333333333333332,23.666666666666668,45,35,856,625,625,50,220
2,True,26.0,26.0,52,38,906,625,625,50,220
2,True,30.666666666666668,29.333333333333332,60,40,956,625,625,50,220
2,True,36.0,32.0,68,43,1006,625,625,50,220
2,True,41.0,35.0,76,46,1056,625,625,50,220
2,True,45.333333333333336,37.666666666666664,83,48,1106,625,625,50,220
2,True,50.333333333333336,40.666666666666664,91,51,1156,625,625,50,220
2,True,56.0,43.0,99,54,1206,625,625,50,220
2,True,60.333333333333336,46.666666666666664,107,57,1256,625,625,50,220
3,True,39.33333333333333,30.666666666666668,70,41,56,625,625,50,220
3,True,36.0,31.0,67,42,106,625,625,50,220
3,True,30.0,28.0,58,39,156,625,625,50,220
3,True,25.333333333333332,24.666666666666668,50,36,206,625,625,50,220
3,True,20.666666666666668,22.333333333333332,43,33,256,625,625,50,220
3,True,16.0,19.0,35,30,306,625,625,50,220
3,True,11.333333333333332,16.666666666666668,28,28,356,625,625,50,220
3,True,7.333333333333334,13.666666666666666,21,25,406,625,625,50,220
3,True,2.333333333333334,11.666666666666666,14,23,456,625,625,50,220
3,True,-2.0,9.0,7,20,506,575,575,50,220
3,True,-6.333333333333333,6.333333333333333,0,17,556,575,575,50,220
3,True,-5.666666666666667,5.666666666666667,0,14,606,575,575,50,220
3,True,-5.666666666666667,5.666666666666667,0,12,656,575,575,50,220
3,True,-5.333333333333333,5.333333333333333,0,9,706,575,575,50,220
3,True,-5.0,5.0,0,6,756,575,575,50,220
3,True,-4.666666666666667,4.666666666666667,0,4,806,575,575,50,220
3,True,-4.333333333333333,4.333333333333333,0,1,856,575,575,50,220
3,True,-4.0,4.0,0,0,906,575,575,50,220
3,True,-3.6666666666666665,3.6666666666666665,0,0,956,575,575,50,220
3,True,-4.0,4.0,0,0,1006,575,575,50,220
3,True,-3.0,3.0,0,0,1056,575,575,50,220
4,True,-7.0,7.0,0,0,56,575,575,50,220
4,True,-5.333333333333333,5.333333333333333,0,0,106,575,575,50,220
4,True,-5.666666666666667,5.666666666666667,0,2,156,575,575,50,220
4,True,-6.0,6.0,0,5,206,575,575,50,220
4,True,-6.0,6.0,0,7,256,575,575,50,220
4,True,-6.333333333333333,6.333333333333333,0,10,306,575,575,50,220
4,True,-6.666666666666667,6.666666666666667,0,13,356,575,575,50,220
4,True,-6.666666666666667,6.666666666666667,0,16,406,575,575,50,220
4,True,-6.666666666666667,7.666666666666667,1,18,456,575,575,50,220
4,True,-3.0,10.0,7,21,506,575,575,50,220
4,True,1.333333333333334,12.666666666666666,14,23,556,575,575,50,220
4,True,6.0,15.0,21,26,606,575,575,50,220
4,True,10.333333333333332,17.666666666666668,28,29,656,575,575,50,220
4,True,14.666666666666668,20.333333333333332,35,31,706,575,575,50,220
4,True,19.333333333333332,22.666666666666668,42,35,756,575,575,50,220
4,True,24.666666666666668,25.333333333333332,50,37,806,575,575,50,220
4,True,28.666666666666668,28.333333333333332,57,40,856,575,575,50,220
4,True,32.0,32.0,64,43,906,575,575,50,220
4,True,38.0,34.0,72,45,956,575,575,50,220
4,True,42.333333333333336,36.666666666666664,79,48,1006,575,575,50,220
4,True,47.666666666666664,39.333333333333336,87,51,1056,575,575,50,220
4,True,52.0,42.0,94,53,1106,575,575,50,220
5,True,44.666666666666664,35.333333333333336,80,46,56,575,575,50,220
5,True,40.666666666666664,35.333333333333336,76,47,106,575,575,50,220
5,True,35.666666666666664,32.333333333333336,68,44,156,575,575,50,220
5,True,30.333333333333332,29.666666666666668,60,41,206,575,575,50,220
5,True,25.666666666666668,26.333333333333332,52,37,256,575,575,50,220
5,True,21.333333333333332,23.666666666666668,45,35,306,575,575,50,220
5,True,17.0,21.0,38,32,356,575,575,50,220
5,True,12.666666666666668,18.333333333333332,31,29,406,575,575,50,220
5,True,7.666666666666666,15.333333333333334,23,27,456,575,575,50,220
5,True,3.666666666666666,13.333333333333334,17,24,506,575,575,50,220
5,True,-0.6666666666666661,10.666666666666666,10,22,556,575,575,50,220
5,True,-4.333333333333334,8.333333333333334,4,20,606,600,600,50,220
5,True,-7.0,7.0,0,17,656,600,600,50,220
5,True,-6.333333333333333,6.333333333333333,0,14,706,600,600,50,220
5,True,-7.333333333333333,7.333333333333333,0,12,756,600,600,50,220
5,True,-5.666666666666667,5.666666666666667,0,9,806,600,600,50,220
5,True,-5.666666666666667,5.666666666666667,0,6,856,600,600,50,220
5,True,-5.666666666666667,5.666666666666667,0,3,906,600,600,50,220
5,True,-5.0,5.0,0,1,956,600,600,50,220
5,True,-4.666666666666667,4.666666666666667,0,0,1006,600,600,50,220
5,True,-4.0,4.0,0,0,1056,600,600,50,220
5,True,-4.333333333333333,4.333333333333333,0,0,1106,600,600,50,220
5,True,-3.6666666666666665,3.6666666666666665,0,0,1156,600,600,50,220
5,True,-3.3333333333333335,3.3333333333333335,0,0,1206,600,600,50,220
6,True,-4.333333333333333,4.333333333333333,0,0,80,600,600,50,220
6,True,-4.666666666666667,4.666666666666667,0,1,130,600,600,50,220
6,True,-5.0,5.0,0,4,180,600,600,50,220
6,True,-5.0,5.0,0,7,230,600,600,50,220
6,True,-5.0,5.0,0,10,280,600,600,50,220
6,True,-5.666666666666667,5.666666666666667,0,13,330,600,600,50,220
6,True,-6.333333333333333,6.333333333333333,0,16,380,600,600,50,220
6,True,-3.666666666666667,7.666666666666667,4,19,430,600,600,50,220
6,True,0.3333333333333339,9.666666666666666,10,21,480,550,550,50,220
6,True,6.666666666666666,13.333333333333334,20,24,530,550,550,50,220
6,True,9.0,15.0,24,26,580,550,550,50,220
6,True,14.0,18.0,32,29,630,550,550,50,220
6,True,18.333333333333332,20.666666666666668,39,31,680,550,550,50,220
6,True,23.0,23.0,46,34,730,550,550,50,220
6,True,28.333333333333332,25.666666666666668,54,37,780,550,550,50,220
6,True,32.66666666666667,28.333333333333332,61,40,830,550,550,50,220
6,True,36.66666666666667,31.333333333333332,68,43,880,550,550,50,220
6,True,40.333333333333336,33.666666666666664,74,45,930,550,550,50,220
6,True,45.0,36.0,81,47,980,550,550,50,220
6,True,49.666666666666664,38.333333333333336,88,50,1030,550,550,50,220
1,True,45.666666666666664,39.333333333333336,85,51,81,550,550,50,220
1,True,41.0,36.0,77,48,131,550,550,50,220
1,True,36.333333333333336,33.666666666666664,70,45,181,550,550,50,220
1,True,31.666666666666668,30.333333333333332,62,41,231,550,550,50,220
1,True,26.333333333333332,27.666666666666668,54,39,281,550,550,50,220
1,True,22.0,25.0,47,36,331,550,550,50,220
1,True,18.0,22.0,40,33,381,550,550,50,220
1,True,13.333333333333332,19.666666666666668,33,31,431,550,550,50,220
1,True,8.666666666666668,17.333333333333332,26,28,481,550,550,50,220
1,True,4.0,16.0,20,26,531,550,550,50,220
1,True,1.0,12.0,13,23,581,550,550,50,220
1,True,-3.666666666666666,9.666666666666666,6,21,631,600,600,50,220
1,True,-7.333333333333333,7.333333333333333,0,18,681,600,600,50,220
1,True,-7.0,7.0,0,16,731,600,600,50,220
1,True,-6.666666666666667,6.666666666666667,0,13,781,600,600,50,220
1,True,-6.333333333333333,6.333333333333333,0,10,831,600,600,50,220
1,True,-6.333333333333333,6.333333333333333,0,8,881,600,600,50,220
1,True,-6.0,6.0,0,5,931,600,600,50,220
1,True,-6.0,6.0,0,1,981,600,600,50,220
1,True,-5.0,5.0,0,0,1031,600,600,50,220
1,True,-5.0,5.0,0,0,1081,600,600,50,220
1,True,-4.666666666666667,4.666666666666667,0,0,1131,600,600,50,220
1,True,-4.333333333333333,4.333333333333333,0,0,1181,600,600,50,220
1,True,-4.0,4.0,0,0,1231,600,600,50,220
2,True,-5.0,5.0,0,0,81,600,600,50,220
